tree
version=v4
num_class=1
num_tree_per_iteration=1
label_index=0
max_feature_idx=75
objective=regression
feature_names=Column_0 Column_1 Column_2 Column_3 Column_4 Column_5 Column_6 Column_7 Column_8 Column_9 Column_10 Column_11 Column_12 Column_13 Column_14 Column_15 Column_16 Column_17 Column_18 Column_19 Column_20 Column_21 Column_22 Column_23 Column_24 Column_25 Column_26 Column_27 Column_28 Column_29 Column_30 Column_31 Column_32 Column_33 Column_34 Column_35 Column_36 Column_37 Column_38 Column_39 Column_40 Column_41 Column_42 Column_43 Column_44 Column_45 Column_46 Column_47 Column_48 Column_49 Column_50 Column_51 Column_52 Column_53 Column_54 Column_55 Column_56 Column_57 Column_58 Column_59 Column_60 Column_61 Column_62 Column_63 Column_64 Column_65 Column_66 Column_67 Column_68 Column_69 Column_70 Column_71 Column_72 Column_73 Column_74 Column_75
feature_infos=[-3.4910809993743896:3.6421170234680176] [-2.0743534564971924:3.7268681526184082] [-1.9453905820846558:3.2155454158782959] [-2.5638816356658936:2.5950932502746582] [-2.0140652656555176:3.8645877838134766] [-2.4368534088134766:2.1338546276092529] [-2.1018660068511963:3.4374635219573975] [-3.3175230026245117:1.7649435997009277] [-2.0930023193359375:3.5962677001953125] [-2.0914657115936279:5.4598641395568848] [-1.7367871999740601:5.1549530029296875] [-3.867809534072876:1.6479737758636475] [-2.1245198249816895:5.0397806167602539] [-2.0520529747009277:3.8924732208251953] [-2.1320607662200928:5.0292243957519531] [-4.763094425201416:3.2194173336029053] [-2.091541051864624:4.3576340675354004] [-5.7790040969848633:3.56490159034729] [-2.1324088573455811:7.5198178291320801] [-5.4366416931152344:4.7486796379089355] [-2.0103385448455811:7.4516611099243164] [-7.037510871887207:3.857313871383667] [-1.9515752792358398:7.0551352500915527] [-4.2141404151916504:4.6223435401916504] [-1.8115484714508057:8.3438882827758789] [-3.8895845413208008:3.4676554203033447] [-1.8334419727325439:7.1214594841003418] [-6.6570191383361816:3.1061904430389404] [-1.9033646583557129:7.4233198165893555] [-4.177039623260498:3.3508937358856201] [-1.9919264316558838:8.2700834274291992] [-4.2853536605834961:2.8990755081176758] [-2.043386697769165:5.7368669509887695] [-6.3104677200317383:2.9188997745513916] [-1.9788129329681396:6.2296500205993652] [-4.3206934928894043:3.4895660877227783] [-2.1276071071624756:5.8040614128112793] [-4.5263261795043945:3.3946921825408936] [-2.0267586708068848:6.19207763671875] [-4.6289772987365723:2.9591717720031738] [-2.0514259338378906:6.480473518371582] [-4.0208964347839355:2.8371493816375732] [-2.0406887531280518:5.9694395065307617] [-3.4495716094970703:3.3185372352600098] [-1.9216214418411255:5.6090812683105469] [-3.7060887813568115:3.6048321723937988] [-1.9691544771194458:5.5236496925354004] [-3.6993751525878906:4.419520378112793] [-2.1448452472686768:4.7762751579284668] [-4.2188458442687988:3.7265827655792236] [-2.0108914375305176:4.9194884300231934] [-3.0653743743896484:3.3205978870391846] [-4.4531526565551758:2.9331109523773193] [-3.2434818744659424:2.8838727474212646] [-4.5709033012390137:2.7583410739898682] [-3.3900551795959473:3.8995790481567383] [-5.0855369567871094:2.8867616653442383] [-3.4275901317596436:3.0397286415100098] [-5.1278042793273926:3.4352521896362305] [-3.1932158470153809:3.2669341564178467] [-4.3628940582275391:3.2909555435180664] [-2.8207056522369385:3.0709969997406006] [-4.296806812286377:3.0133090019226074] [-2.9868762493133545:3.1218667030334473] [-4.2112698554992676:3.4493460655212402] [-2.9712283611297607:4.404388427734375] [-3.9915263652801514:3.5902631282806396] [-3.2289092540740967:4.1844792366027832] [-3.5195057392120361:3.7327315807342529] [-3.1168415546417236:3.6795134544372559] [-3.666067361831665:3.1098117828369141] [-3.0512609481811523:2.7747769355773926] [-3.4495847225189209:3.5517013072967529] [-3.3186366558074951:2.8943612575531006] [-4.3812780380249023:3.2124485969543457] [-0.95456230640411377:1.0475995540618896]
tree_sizes=2707 2866 2866 2881 2875 2882 2878 2877 2878 2894 2877 2890 2888 2904 2899 2901 2900 2898 2909 2898 2907 2914 2907 2913 2909 2914 2906 2913 2912 2915 2907 2915 2921 2920 2912 2924 2930 2917 2922 2924 2923 2937 2934 2924 2936 2926 2939 2922 2928 2944 2932 2936 2928 2938 2938 2936 2931 2919 2932 2945 2942 2934 2933 2930 2935 2930 2939 2933 2941 2942 2935 2938 2942 2953 2932 2939 2938 2925 2941 2936 2945 2937 2944 2944 2954 2942 2944 2948 2948 2955 2954 2950 2959 2936 2954 2958 2953 2953 2965 2976 2966 2961 2974 2969 2982 2950 2962 2972 2983 2974 2963 2973 2986 2986 2973 2967 2982 2983 2988 2983 2988 2984 2976 2986 2976 2996 2980 2991 2993 2983 2995 2981 2990 2985 2990 2984 2989 2985 2982 2987 2990 3003 3006 2984 2982 2993 2991 2991 2996 3006

Tree=0
num_leaves=31
num_cat=0
split_feature=11 11 11 28 11 26 9 10 62 9 9 35 37 52 9 35 24 52 9 0 1 14 64 27 25 73 49 62 23 67
split_gain=11.3257 2.15162 1.89325 0.473648 0.41049 0.459171 0.374567 0.329574 0.298287 0.319249 0.286737 0.278143 0.242676 0.200564 0.184295 0.180772 0.175611 0.168226 0.167771 0.166939 0.165323 0.150752 0.207784 0.14491 0.140196 0.140812 0.116946 0.113615 0.109339 0.103146
threshold=0.11031809821724893 -1.2459403276443479 0.72676151990890514 0.70487713813781749 -0.34816627204418177 1.6604486703872683 0.45168703794479376 -1.3947595357894895 -0.91296243667602528 -0.66312140226364125 -0.23720040917396543 -0.84075602889060963 -0.28203971683979029 -0.6236763298511504 -0.87164947390556324 0.48677822947502142 1.1777375936508181 0.17952302098274234 0.13249877095222476 0.16609807033091786 -0.88562992215156544 -0.53498247265815724 0.40622696280479437 -0.1701184883713722 0.62634614109992992 -0.27768348157405848 0.22162497043609622 0.36283698678016668 -0.31481510400772089 0.01279182778671384
decision_type=2 2 2 2 2 2 2 2 2 2 2 2 2 2 2 2 2 2 2 2 2 2 2 2 2 2 2 2 2 2
left_child=1 7 3 8 14 10 21 -1 -2 -10 13 -9 -13 -6 26 18 20 -5 -11 -19 27 29 -23 -15 25 -8 -3 -16 -20 -4
right_child=2 4 6 17 5 -7 24 11 9 15 -12 12 -14 23 16 -17 -18 19 28 -21 -22 22 -24 -25 -26 -27 -28 -29 -30 -31
leaf_value=0.5231901238760055 0.53697217473179759 0.53353131458614234 0.54363884140812235 0.53460664462396756 0.53333285185263846 0.53042455591479176 0.54667440559194902 0.52645828606846978 0.53715074620460679 0.54245032518806491 0.54090705941950212 0.53403948256547529 0.5276492584035114 0.53482931749048634 0.53375027562868593 0.54120276202524487 0.53124925816161594 0.54254207824949341 0.54386529081635937 0.53638247127454042 0.54043050810599269 0.54508050835677457 0.5382430079156536 0.539936882992891 0.54569121609655458 0.54987816318896776 0.52953627740300224 0.53823705588984561 0.54823313965829323 0.54786599190515473
leaf_weight=26 24 62 27 30 32 21 54 45 21 41 63 39 24 21 43 48 20 22 23 22 20 25 20 41 52 94 26 21 38 31
leaf_count=26 24 62 27 30 32 21 54 45 21 41 63 39 24 21 43 48 20 22 23 22 20 25 20 41 52 94 26 21 38 31
internal_value=0.539137 0.533673 0.543953 0.5409 0.535639 0.537368 0.546663 0.528244 0.542192 0.542925 0.538297 0.529461 0.531605 0.536548 0.534035 0.543733 0.53546 0.537494 0.544924 0.539462 0.536463 0.544213 0.542042 0.538207 0.547925 0.548709 0.532351 0.535223 0.546586 0.545898
internal_weight=1076 504 572 269 370 178 303 134 195 171 157 108 63 94 192 150 104 74 102 44 84 103 45 62 200 148 88 64 61 58
internal_count=1076 504 572 269 370 178 303 134 195 171 157 108 63 94 192 150 104 74 102 44 84 103 45 62 200 148 88 64 61 58
is_linear=0
shrinkage=1


Tree=1
num_leaves=31
num_cat=0
split_feature=11 11 11 28 11 26 9 12 35 62 9 9 63 52 15 66 9 35 28 9 9 36 7 43 25 73 62 54 23 23
split_gain=10.2214 1.94184 1.70866 0.427467 0.370467 0.414402 0.338363 0.298886 0.333641 0.269204 0.288122 0.259088 0.212851 0.193255 0.173216 0.166527 0.166326 0.163147 0.156488 0.154175 0.151414 0.132296 0.134323 0.127371 0.110791 0.153262 0.109784 0.107798 0.124994 0.0986788
threshold=0.11031809821724893 -1.2459403276443479 0.72676151990890514 0.70487713813781749 -0.34816627204418177 1.6604486703872683 0.51816368103027355 0.095819678157567992 -0.98939299583435047 -0.91296243667602528 -0.66312140226364125 -0.13011249154806134 0.46032911539077764 -0.6236763298511504 0.4765594899654389 0.14237566292285922 -0.87164947390556324 0.48677822947502142 0.61921280622482311 -1.01102077960968 0.13249877095222476 0.091746736317873015 0.20077474415302279 -0.66638523340225209 0.67852371931076061 -0.27768348157405848 0.36283698678016668 0.32710115611553198 0.46209160983562475 -0.31481510400772089
decision_type=2 2 2 2 2 2 2 2 2 2 2 2 2 2 2 2 2 2 2 2 2 2 2 2 2 2 2 2 2 2
left_child=1 7 3 9 16 11 21 19 -9 -2 -11 13 -5 -6 -10 -13 27 20 26 -1 -12 22 -4 -15 25 -8 -18 28 -3 -22
right_child=2 4 6 12 5 -7 24 8 14 10 17 15 -14 23 -16 -17 18 -19 -20 -21 29 -23 -24 -25 -26 -27 -28 -29 -30 -31
leaf_value=-0.014914747569206599 -0.0020569422553914289 -0.0028921258419045606 0.0029581683326576807 0.00059128338328769646 -0.0055038764268498528 -0.0082771800946266887 0.0069016019115224481 -0.012195265678496197 -0.001857523061335087 -0.0018872992534722602 0.0031473008092356529 -0.0012280452933807213 -0.0049018243135049433 -0.0041017548250965779 -0.0083592829959733151 0.004087668490897426 -0.0037186185100999401 0.001962115676966884 -0.0060496251435803346 -0.009945579218091789 0.0044915180248410805 0.0013512286730110647 0.0070135780441426283 0.00071055363990705123 0.0063567434224988456 0.010393435360678629 0.0004289855555355273 -0.0090088060990508121 -0.0074589037546707732 0.0086409744071333037
leaf_weight=37 24 29 29 45 33 21 48 29 20 21 41 26 29 20 21 34 39 48 38 27 23 20 69 44 46 91 27 28 31 38
leaf_count=37 24 29 29 45 33 21 48 29 20 21 41 26 29 20 21 34 39 48 38 27 23 20 69 44 46 91 27 28 31 38
internal_value=2.09333e-11 -0.00519162 0.00457443 0.00167412 -0.0033239 -0.00168072 0.0071493 -0.0103488 -0.00809083 0.00290196 0.00359795 -0.000798389 -0.00156142 -0.00239586 -0.00518769 0.00178419 -0.00484726 0.00436589 -0.00349355 -0.0128184 0.00549707 0.00505719 0.00581351 -0.000793293 0.00848373 0.00918762 -0.00202187 -0.00644709 -0.00525163 0.00707643
internal_weight=1076 504 572 269 370 178 303 134 70 195 171 157 74 97 41 60 192 150 104 64 102 118 98 64 185 139 66 88 60 61
internal_count=1076 504 572 269 370 178 303 134 70 195 171 157 74 97 41 60 192 150 104 64 102 118 98 64 185 139 66 88 60 61
is_linear=0
shrinkage=0.05


Tree=2
num_leaves=31
num_cat=0
split_feature=11 11 20 9 11 26 9 12 35 11 52 52 64 28 9 54 72 43 9 4 5 54 32 1 5 64 17 46 67 11
split_gain=9.24262 2.13885 1.13095 0.690883 0.529103 0.500575 0.291411 0.269745 0.301111 0.212464 0.183339 0.171443 0.159807 0.20216 0.170962 0.152922 0.149143 0.139465 0.139143 0.13596 0.150837 0.129497 0.167462 0.122703 0.111582 0.108342 0.106351 0.166247 0.101288 0.0861715
threshold=0.32184275984764105 -1.2459403276443479 0.90146541595458995 0.45168703794479376 -0.34816627204418177 1.6194679737091067 -0.13011249154806134 0.095819678157567992 -0.98939299583435047 0.78423747420310985 -0.67821010947227467 0.075925339013338103 1.1745851635932925 0.61921280622482311 -1.234474718570709 0.42783020436763769 -0.59971100091934193 -0.18848706781864163 -1.01102077960968 0.6418898105621339 0.86199924349784862 0.50952869653701793 -0.12746297940611837 -0.82020631432533253 0.75498038530349743 -0.30031780898571009 -0.1510229483246803 -0.38586641848087305 0.11074834316968919 -0.57908380031585682
decision_type=2 2 2 2 2 2 2 2 2 2 2 2 2 2 2 2 2 2 2 2 2 2 2 2 2 2 2 2 2 2
left_child=1 7 3 9 12 6 10 18 -9 16 -6 -4 13 14 -3 -10 -2 23 -1 20 24 22 -12 -8 -5 -16 -18 -28 -11 -15
right_child=2 4 11 19 5 -7 17 8 15 28 21 -13 -14 29 25 -17 26 -19 -20 -21 -22 -23 -24 -25 -26 -27 27 -29 -30 -31
leaf_value=-0.014169010625699084 -0.00082031464126581957 -0.0059971848390095181 -0.005250193827542598 0.0076026479886085897 -0.005026033352778265 -0.007075538173423059 0.0029576718008943966 -0.011585502326488495 -0.0019482939637133054 0.0037024865478521123 0.0003875577236924853 0.00057583234405943326 -0.0081708663522645272 -0.0082104633038397878 -0.0037444334048944133 -0.0080573230050504218 0.0011971944903156589 0.0039949947123074838 -0.0094483001916496855 0.0047527536652827024 0.0094164295113157662 0.001893097543870681 -0.0046588910184049556 -0.0020983190209205665 0.003656458623869264 -6.9979605750438378e-05 0.0018789312875014731 0.0077640682808123532 0.0070986394244043731 -0.0040267336714896376
leaf_weight=37 30 31 23 81 33 31 21 29 21 42 35 28 27 32 35 20 35 42 27 36 105 32 31 28 23 47 24 24 46 20
leaf_count=37 30 31 23 81 33 31 21 29 21 42 35 28 27 32 35 20 35 42 27 36 105 32 31 28 23 47 24 24 46 20
internal_value=-1.98818e-11 -0.00429339 0.00500176 0.0058083 -0.00262579 -0.00112385 -0.000292762 -0.00983133 -0.00768629 0.00363565 -0.0018026 -0.00205159 -0.00460489 -0.00402137 -0.00283413 -0.00492831 0.0022011 0.00188075 -0.0121775 0.00759076 0.00807961 -0.000717163 -0.00198274 6.85342e-05 0.00672993 -0.00163834 0.00329318 0.0048215 0.00547775 -0.00660134
internal_weight=1076 579 497 446 445 253 222 134 70 201 131 51 192 165 113 41 113 91 64 245 209 98 66 49 104 82 83 48 88 52
internal_count=1076 579 497 446 445 253 222 134 70 201 131 51 192 165 113 41 113 91 64 245 209 98 66 49 104 82 83 48 88 52
is_linear=0
shrinkage=0.05


Tree=3
num_leaves=31
num_cat=0
split_feature=3 24 3 14 32 58 63 69 3 2 15 7 15 2 10 59 2 74 33 14 28 33 59 35 23 40 2 40 54 19
split_gain=6.97964 2.16162 0.837662 0.717174 0.576438 0.350934 0.316572 0.255789 0.251978 0.243151 0.231569 0.303085 0.217575 0.19658 0.192568 0.179503 0.175527 0.170817 0.161901 0.158209 0.149758 0.122453 0.115233 0.106035 0.102913 0.102238 0.101374 0.0983433 0.0978056 0.094723
threshold=-0.20029740780591962 0.99843111634254467 -1.6681086421012876 -0.40233841538429255 -0.56279689073562611 -1.3134365677833555 0.34010660648345953 -0.33905351161956782 0.34086462855339056 -0.5233153998851775 1.042868494987488 0.71904331445693981 0.80535012483596813 -0.83022406697273243 -1.4342226386070249 0.064661493524909033 -0.068498369306325899 -0.94422462582588185 0.65934213995933544 0.33893480896949774 0.64869150519371044 -0.40100976824760431 -0.8653985559940337 -0.26370210945606226 -0.30449289083480829 1.0000000180025095e-35 -0.87516665458679188 -0.44800665974616999 0.18313544988632205 0.16704864054918292
decision_type=2 2 2 2 2 2 2 2 2 2 2 2 2 2 2 2 2 2 2 2 2 2 2 2 2 2 2 2 2 2
left_child=2 3 14 5 9 -2 7 -3 15 17 11 20 13 24 -1 -7 -14 -4 -13 -15 21 -5 -10 -21 -6 27 -16 -23 -12 -19
right_child=1 6 4 10 12 8 -8 -9 22 -11 28 18 16 19 26 -17 -18 29 -20 23 -22 25 -24 -25 -26 -27 -28 -29 -30 -31
leaf_value=-0.013859961100894472 0.00041162676662560963 -0.0041639971192926166 -0.0064891439820216465 -0.00053866220291440747 -0.0086257916873471591 0.0012349285231903198 -0.0054815548395834354 0.0024579076096415521 0.0043103205100835668 0.0019713935611348245 -0.0033068794925929981 0.0075281281480375608 -0.010902671096846462 -0.0013496232735501095 -0.010744765903800727 0.0069715518951416026 -0.0052524843670889157 0.00079022124194091676 0.0028146081298975082 -0.0021234629109544169 -0.0016549074470531195 0.0042554264399223031 0.0080629827147601415 -0.006359066450273127 -0.004884241244872101 0.0062485309301409872 -0.0058262817815623504 -9.0233651597214785e-05 0.0016379571976722221 -0.0036871884178253825
leaf_weight=23 23 25 22 23 34 30 58 35 23 42 20 49 28 55 20 25 27 27 29 22 25 30 185 45 40 25 22 23 20 21
leaf_count=23 23 25 22 23 34 30 58 35 23 42 20 49 28 55 20 25 27 27 29 22 25 30 185 45 40 25 22 23 20 21
internal_value=1.02844e-11 0.00327277 -0.00495503 0.00463539 -0.00401901 0.00633424 -0.00284749 -0.000301219 0.00685219 -0.00103623 0.00264411 0.00332618 -0.00534997 -0.00457015 -0.0101823 0.00384248 -0.00812894 -0.0028408 0.00577567 -0.00333691 0.00180983 0.00266744 0.00764802 -0.00496827 -0.00660333 0.00361283 -0.00816842 0.00236957 -0.000834461 -0.00116865
internal_weight=1076 648 428 530 363 286 118 60 263 112 244 204 251 196 65 55 55 70 78 122 126 101 208 67 74 78 42 53 40 48
internal_count=1076 648 428 530 363 286 118 60 263 112 244 204 251 196 65 55 55 70 78 122 126 101 208 67 74 78 42 53 40 48
is_linear=0
shrinkage=0.05


Tree=4
num_leaves=31
num_cat=0
split_feature=11 11 11 9 26 9 28 10 62 35 37 37 61 59 64 21 12 14 0 54 15 33 21 51 2 43 25 31 34 7
split_gain=7.60282 1.56277 1.12858 0.341269 0.322855 0.310498 0.289498 0.232335 0.231896 0.20011 0.194502 0.188386 0.180045 0.179321 0.150131 0.129841 0.115666 0.188869 0.112942 0.11245 0.138891 0.147448 0.114706 0.10919 0.0973047 0.0949889 0.0936834 0.0865018 0.0856889 0.0817517
threshold=0.18807169049978259 -1.2459403276443479 0.71849864721298229 -0.87164947390556324 1.3048974871635439 0.45168703794479376 0.73111653327941906 -1.3947595357894895 -0.57477781176567067 -0.84075602889060963 -0.75968700647354115 -0.28203971683979029 0.29399463534355169 0.56067854166030895 0.40622696280479437 0.48819130659103399 -0.82205075025558461 0.68455621600151073 0.16609807033091786 -0.55086374282836903 0.82538944482803356 -0.41034303605556482 0.24135523289442065 -0.48972864449024195 0.41121879220008856 -0.37855246663093561 0.67852371931076061 0.18369360268116 -0.30411233007907862 0.42901226878166204
decision_type=2 2 2 2 2 2 2 2 2 2 2 2 2 2 2 2 2 2 2 2 2 2 2 2 2 2 2 2 2 2
left_child=1 7 6 16 8 14 10 -1 -5 -9 -2 -11 -8 15 24 25 -3 -18 -19 -10 21 -21 -23 -7 -4 -12 -25 -27 -15 -6
right_child=2 3 5 4 29 23 12 9 19 11 13 -13 -14 28 -16 -17 17 18 -20 20 -22 22 -24 26 -26 27 -28 -29 -30 -31
leaf_value=-0.013182998061753238 -0.0020331503567285838 -0.0082774401409551508 0.0038702032794548282 -0.0030506388535519735 -0.0075065325926213225 0.0051026874904831253 0.001247786551318837 -0.01046477532428172 -0.0019365005350547833 -0.0039543680434759995 0.0084559881500899797 -0.0095846060197800412 -0.0040587722902156167 0.0024078526269637654 0.0011943137882660857 0.0014048325732941382 -0.0023463806131899002 -0.0040841533278580758 -0.0089348851441172893 -0.00081976117906850526 -0.0022982056358490477 0.0062767359622133275 0.001603726910221228 0.0086270301201348681 0.0077456082031130795 0.0028131143680322126 0.0058710488568370547 0.0068606956999494942 -0.0017166805123270024 -0.0032347466974031363
leaf_weight=26 20 20 46 78 24 45 33 45 39 39 20 24 31 34 34 26 63 24 24 27 22 24 29 116 25 33 42 22 20 21
leaf_count=26 20 20 46 78 24 45 33 45 39 39 20 24 31 34 34 26 63 24 24 27 22 24 29 116 25 33 42 22 20 21
internal_value=-4.1639e-12 -0.00427383 0.00413319 -0.00269097 -0.0016557 0.00613382 0.00155497 -0.00893973 -0.000863094 -0.0079182 0.00260734 -0.00609922 -0.00132258 0.00320611 0.00392644 0.00444964 -0.00477731 -0.00414666 -0.00650952 0.000347037 0.00122015 0.0021877 0.00371981 0.00727557 0.00523478 0.00550517 0.00789443 0.00443215 0.000880248 -0.00551303
internal_weight=1076 529 547 395 264 308 239 134 219 108 175 63 64 155 105 101 131 111 48 141 102 80 53 203 71 75 158 55 54 45
internal_count=1076 529 547 395 264 308 239 134 219 108 175 63 64 155 105 101 131 111 48 141 102 80 53 203 71 75 158 55 54 45
is_linear=0
shrinkage=0.05


Tree=5
num_leaves=31
num_cat=0
split_feature=11 11 11 11 26 30 29 9 3 15 52 52 25 16 31 16 59 9 35 17 12 60 57 34 38 71 62 31 54 29
split_gain=6.87691 1.60119 0.751469 0.396145 0.400758 0.309957 0.23652 0.234983 0.226121 0.220933 0.211025 0.188554 0.183463 0.17419 0.172552 0.138714 0.144508 0.135759 0.127191 0.17763 0.113095 0.111858 0.110086 0.10717 0.0836247 0.0771981 0.0767366 0.0697106 0.0694733 0.0683817
threshold=0.32184275984764105 -1.2141419053077696 0.8449445664882661 -0.34816627204418177 1.6194679737091067 0.79090961813926708 0.8186456859111787 -0.13011249154806134 0.82543152570724498 -0.078883912414312349 0.50972655415534984 1.0000000180025095e-35 0.5571410357952119 -0.24668147414922711 0.19393627345561984 -0.82730934023857106 -0.40244980156421656 0.29475395381450659 -0.37623192369937891 0.060503374785184867 0.46158365905284887 0.12620016187429431 -0.72530439496040333 0.41383537650108343 -0.97955033183097828 0.38884593546390539 0.36832666397094732 -0.69515228271484364 0.48434686660766607 -1.1271588802337644
decision_type=2 2 2 2 2 2 2 2 2 2 2 2 2 2 2 2 2 2 2 2 2 2 2 2 2 2 2 2 2 2
left_child=1 9 5 18 6 12 7 14 13 11 -7 -1 17 24 -5 -11 27 25 19 -3 -8 -14 -9 26 -4 -2 -20 -17 -24 -21
right_child=2 3 8 4 -6 10 20 22 -10 15 -12 -13 21 -15 -16 16 -18 -19 23 29 -22 -23 28 -25 -26 -27 -28 -29 -30 -31
leaf_value=-0.008651802897581766 0.004038543169874521 2.1511220716332138e-05 0.0078047039161901928 -0.0025990780032727691 -0.0062660515789062753 -0.004010804243651884 -0.0061514826047988167 -0.00018450513016432524 0.0078912162841753234 -0.013642494473606348 0.0024528605195329243 -0.0027264282307587566 0.0028529779972769776 0.00068248627773885226 0.001702806100129729 -0.012799653150141239 -0.0058047190250363201 0.0059949776506982751 -0.0049555835387620484 -0.0068195064831525088 -0.0010216267861489377 -0.0012467605926888481 0.0053249092155249061 -0.0067447218802008857 0.0047749300863847285 0.00043490352336843702 -0.0011894487353856676 -0.0086250083101913327 0.001697537666901057 -0.0026848458367749119
leaf_weight=29 42 38 32 63 31 28 21 24 115 20 23 25 41 21 37 20 24 65 38 20 22 28 33 51 79 23 21 20 22 20
leaf_count=29 42 38 32 63 31 28 21 24 115 20 23 25 41 21 37 20 24 65 38 20 22 28 33 51 79 23 21 20 22 20
internal_value=1.73176e-12 -0.00370339 0.00431441 -0.00223253 -0.000940723 0.00238188 -0.000197096 0.000602802 0.00627041 -0.00840376 -0.00109582 -0.00590857 0.00327316 0.00485835 -0.00100738 -0.0100078 -0.00887198 0.00437919 -0.00397096 -0.00242653 -0.00352691 0.00118932 0.00264101 -0.0050661 0.00564838 0.00276341 -0.00361509 -0.0107123 0.00387396 -0.00475218
internal_weight=1076 579 497 441 253 250 222 179 247 138 51 54 199 132 100 84 64 130 188 78 43 69 79 110 111 65 59 40 55 40
internal_count=1076 579 497 441 253 250 222 179 247 138 51 54 199 132 100 84 64 130 188 78 43 69 79 110 111 65 59 40 55 40
is_linear=0
shrinkage=0.05


Tree=6
num_leaves=31
num_cat=0
split_feature=11 11 11 28 11 4 3 12 62 15 71 54 70 38 63 3 4 59 59 21 23 53 5 12 49 60 20 30 15 33
split_gain=6.21837 1.18076 1.04158 0.261892 0.232319 0.21584 0.222996 0.205971 0.203741 0.192073 0.184794 0.193357 0.212958 0.190148 0.167026 0.135986 0.154572 0.124633 0.123698 0.123819 0.119619 0.137483 0.109465 0.106492 0.115084 0.101685 0.0913378 0.0907419 0.0878736 0.0865433
threshold=0.11031809821724893 -1.2459403276443479 0.71849864721298229 0.70487713813781749 -0.34816627204418177 0.63295334577560436 0.82543152570724498 0.071873493492603316 -0.91296243667602528 0.16100658476352694 -1.0258387327194212 -0.50939413905143727 0.66487202048301708 0.57508221268653881 0.46032911539077764 0.028497248888015751 0.056716047227382667 0.51849171519279491 -0.84152826666831959 0.49651953577995306 -1.4537678360939024 -0.34134778380393976 -0.18291279673576352 -0.76211023330688465 -0.88932669162750233 -0.077793180942535387 -0.4958858042955398 -0.5810125172138213 0.27344653010368353 0.078678887337446227
decision_type=2 2 2 2 2 2 2 2 2 2 2 2 2 2 2 2 2 2 2 2 2 2 2 2 2 2 2 2 2 2
left_child=1 7 3 8 20 6 18 27 -2 -9 -6 -12 13 25 28 29 -17 -18 -4 26 -3 23 -23 -22 -25 -13 -20 -1 -5 -10
right_child=2 4 5 14 10 -7 -8 9 15 -11 11 12 -14 -15 -16 16 17 -19 19 -21 21 22 -24 24 -26 -27 -28 -29 -30 -31
leaf_value=-0.0124913469851017 -0.0020923550395915906 -0.0071822528099722187 0.0012070866068825126 0.0026712372661163303 0.0028905048440008062 0.0013576808776373842 0.0075106251898668999 -0.0030014763937547938 -0.0016403341189619493 -0.008322799465684004 -0.0047623777499444095 -0.0021564186030231854 0.003249164556735195 -0.0053799522874344681 -0.0045235118179474598 0.0064718955146098461 0.0040602680875406584 -0.00012145404970007284 0.0071463778358546726 0.0026624942186411799 -0.0049446598760550841 -0.0055795741301935013 -0.0013917871809098871 -0.0033645371197053467 0.0011576255108914613 0.0020442173779010773 0.0037604513145717126 -0.0086126800945126713 -0.0017488443742463876 0.0024082186347875521
leaf_weight=25 24 23 22 23 23 28 127 28 22 43 43 34 25 28 26 37 49 28 69 34 20 71 20 24 34 25 28 38 22 33
leaf_count=25 24 23 22 23 23 28 127 28 22 43 43 34 25 28 26 37 49 28 69 34 20 71 20 24 34 25 28 38 22 33
internal_value=-2.70482e-12 -0.00404935 0.00356796 0.00126338 -0.00259293 0.0055433 0.00596187 -0.0080708 0.00221855 -0.00622425 -0.0012917 -0.00191229 -0.000818057 -0.0019868 -0.00133306 0.00283075 0.0038159 0.00253964 0.0046763 0.00525891 -0.00379927 -0.00333887 -0.00465918 -0.0017985 -0.000713614 -0.000376488 0.006169 -0.0101518 0.000510308 0.000788798
internal_weight=1076 504 572 264 370 308 280 134 193 71 178 155 112 87 71 169 114 77 153 131 192 169 91 78 58 59 97 63 45 55
internal_count=1076 504 572 264 370 308 280 134 193 71 178 155 112 87 71 169 114 77 153 131 192 169 91 78 58 59 97 63 45 55
is_linear=0
shrinkage=0.05


Tree=7
num_leaves=31
num_cat=0
split_feature=11 11 20 13 11 29 8 10 63 4 12 3 15 37 64 28 19 23 47 25 25 11 37 3 15 7 37 41 63 5
split_gain=5.61819 1.30226 0.777632 0.391605 0.319617 0.25534 0.247513 0.186414 0.182781 0.171071 0.1972 0.14186 0.159264 0.123661 0.122372 0.162451 0.121139 0.149571 0.121099 0.120361 0.113539 0.108508 0.100208 0.0983908 0.0925734 0.0886674 0.0904027 0.085645 0.085388 0.0822558
threshold=0.32184275984764105 -1.2141419053077696 0.90146541595458995 -0.34117855131626124 -0.34816627204418177 0.80990451574325573 -0.16871037334203717 -1.3947595357894895 0.23472966998815539 1.7702867984771731 1.0815498232841494 -0.28502318263053888 0.46593607962131506 1.285128176212311 1.1745851635932925 0.61921280622482311 0.89158663153648388 -0.21597547084093091 -0.39513801038265223 -0.59230867028236378 0.14104971289634707 1.1379848718643191 0.50508016347885143 0.90254703164100658 -0.26394876837730402 0.30728763341903692 -0.38614195585250849 0.13710775971412661 -0.1064908094704151 -0.51779597997665394
decision_type=2 2 2 2 2 2 2 2 2 2 2 2 2 2 2 2 2 2 2 2 2 2 2 2 2 2 2 2 2 2
left_child=1 7 3 6 14 9 13 -1 -4 10 11 -6 18 -2 15 19 17 24 -13 -3 -8 25 -7 -22 -9 26 -5 -27 -28 -21
right_child=2 4 8 21 5 22 20 16 -10 -11 -12 12 -14 -15 -16 -17 -18 -19 -20 29 23 -23 -24 -25 -26 27 28 -29 -30 -31
leaf_value=-0.011312364083197383 0.006778125333653736 0.00047965228886288756 0.0014875736235725608 -0.0020681837387382987 -0.0017268568975850941 -0.0066098823389481934 0.005329299750883365 -0.0050225703540490944 -0.0045562264043837791 -0.0040883977978449807 0.0046101188091561196 0.00048037878989886783 -0.0020308480782356736 0.0026609485197695904 -0.0067666155890597464 -0.0054072192340504886 -0.0093334483275670684 -0.0027847037822257021 0.0053061680778717767 -0.004158708344524106 -0.0011621498135269803 0.0058532433514483272 -0.0021916107274591924 0.0036834287028548055 -0.0092904357929472579 0.0059588801647935605 0.0038003837980795652 0.0017348183553882075 -0.00010446614188757459 -0.00058813713308747699
leaf_weight=27 207 34 22 20 75 21 32 24 29 23 25 26 24 20 26 51 31 29 26 54 20 20 33 22 27 21 28 28 28 23
leaf_count=27 207 34 22 20 75 21 32 24 29 23 25 26 24 20 26 51 31 29 26 54 20 20 33 22 27 21 28 28 28 23
internal_value=8.12678e-12 -0.00334735 0.00389963 0.00456843 -0.00202087 -0.000860535 0.00559675 -0.00758631 -0.0019491 -3.30884e-05 0.000496867 -0.000184135 0.00133829 0.00641538 -0.00358239 -0.00307134 -0.00667997 -0.00565175 0.00289327 -0.0019981 0.00308554 0.00243378 -0.00390983 0.00137601 -0.00728203 0.00188667 0.000817395 0.00354513 0.00184796 -0.00309217
internal_weight=1076 579 497 446 441 253 301 138 51 199 176 151 76 227 188 162 111 80 52 111 74 145 54 42 51 125 76 49 56 77
internal_count=1076 579 497 446 441 253 301 138 51 199 176 151 76 227 188 162 111 80 52 111 74 145 54 42 51 125 76 49 56 77
is_linear=0
shrinkage=0.05


Tree=8
num_leaves=31
num_cat=0
split_feature=11 11 11 26 11 39 9 52 12 35 28 7 36 43 9 35 46 7 1 60 0 66 7 25 54 23 9 49 9 52
split_gain=5.08628 0.960265 0.853786 0.231004 0.255125 0.228913 0.223487 0.189292 0.179215 0.21245 0.172629 0.164596 0.140321 0.118431 0.113901 0.117594 0.103921 0.102212 0.0996236 0.0985194 0.0972725 0.0967606 0.124319 0.0953382 0.0874144 0.0855881 0.0855441 0.0824676 0.0734165 0.0726254
threshold=0.11031809821724893 -1.2459403276443479 0.71849864721298229 1.6604486703872683 -0.34177441895008082 1.4440029859542849 0.43452139198780065 -0.6236763298511504 0.39166614413261419 -0.98939299583435047 0.70487713813781749 -0.51035347580909718 0.071400158107280745 -0.81355679035186756 -0.87164947390556324 -0.31628158688545221 -0.051602851599454873 0.47852112352848059 0.70200175046920787 0.52628231048583995 -0.3708945289254188 0.14237566292285922 0.31525240838527685 0.65891996026039135 0.32710115611553198 0.46209160983562475 -1.01102077960968 0.19736467301845553 0.13249877095222476 -0.14298927038908002
decision_type=2 2 2 2 2 2 2 2 2 2 2 2 2 2 2 2 2 2 2 2 2 2 2 2 2 2 2 2 2 2
left_child=1 8 5 4 14 10 12 -6 26 -10 11 -2 17 -9 24 29 19 -4 -12 28 -17 22 -15 -8 25 -3 -1 -18 -13 -16
right_child=2 3 6 -5 7 -7 23 13 9 -11 18 16 -14 21 15 20 27 -19 -20 -21 -22 -23 -24 -25 -26 -27 -28 -29 -30 -31
leaf_value=-0.010339070328998126 -0.0017802090368821241 -0.0016337681433250166 0.0023288098783882031 -0.0060968278982752077 -0.0034504840795237289 -0.0035155339670988419 0.0066067038045730447 -0.0021826039453775718 -0.0089020562591031194 -0.0028288572092100769 0.00138979197423584 0.0011557604714813778 -0.00064436721499077981 0.0023697366210399199 0.0019926358180652774 -0.0012110650117392653 0.0072263909876346599 0.005840334381937283 -0.0026872667266176114 -0.00068267000964484538 -0.0054510062462800463 0.0032693459416073094 -0.0028980718703851814 0.004143951683555607 -0.0071347291378212208 -0.0055093425725187576 -0.0068765362848838179 0.0032413446254763952 0.004281188758267533 -0.0021181760599244047
leaf_weight=44 21 29 43 37 39 24 152 29 24 36 29 34 20 24 21 24 20 40 31 26 31 41 21 53 24 28 30 37 42 22
leaf_count=44 21 29 43 37 39 24 152 29 24 36 29 34 20 24 21 24 20 40 31 26 31 41 21 53 24 28 30 37 42 22
internal_value=-5.861e-12 -0.00366224 0.00322687 -0.00234883 -0.00193238 0.00114036 0.0050153 -0.000440305 -0.00728883 -0.00525814 0.00160595 0.00238016 0.00311519 0.000580538 -0.00321607 -0.0020694 0.00292965 0.00402111 -0.000716688 0.00197408 -0.00360085 0.00151229 -8.8574e-05 0.00596999 -0.00460339 -0.00353756 -0.00893534 0.00463961 0.00288297 -0.00011057
internal_weight=1076 504 572 370 333 264 308 154 134 60 240 180 103 115 179 98 159 83 60 102 55 86 45 205 81 57 74 57 76 43
internal_count=1076 504 572 370 333 264 308 154 134 60 240 180 103 115 179 98 159 83 60 102 55 86 45 205 81 57 74 57 76 43
is_linear=0
shrinkage=0.05


Tree=9
num_leaves=31
num_cat=0
split_feature=11 11 11 26 13 42 39 24 20 3 15 52 11 10 37 29 50 59 19 33 10 47 59 55 59 21 23 6 27 53
split_gain=4.59619 0.931037 0.678216 0.241744 0.277282 0.200675 0.187744 0.192005 0.176069 0.185951 0.166847 0.135935 0.129222 0.126653 0.126409 0.108791 0.106705 0.104757 0.0977804 0.106111 0.111126 0.0982088 0.0951693 0.117592 0.0939663 0.0901805 0.0897733 0.152647 0.0882735 0.0870871
threshold=0.18807169049978259 -1.2459403276443479 0.71849864721298229 1.6604486703872683 -0.25289835035800928 0.64509397745132457 1.4440029859542849 1.0321967601776125 0.65578967332839977 0.82543152570724498 0.17177501320838931 -0.04621490649878978 -0.57908380031585682 -1.0743134617805479 -0.6412023901939391 0.42857232689857488 -0.28939333558082575 -0.59589636325836171 -0.38328845798969263 0.49958650767803198 0.023113251663744453 -0.32017758488655085 0.51849171519279491 -0.62540355324745167 -0.40244980156421656 0.50565773248672496 -0.11097553372383116 0.023943643085658554 0.42522315680980688 0.47925636172294622
decision_type=2 2 2 2 2 2 2 2 2 2 2 2 2 2 2 2 2 2 2 2 2 2 2 2 2 2 2 2 2 2
left_child=1 10 6 4 5 16 7 14 9 17 11 -1 15 -14 -2 26 -3 -4 21 20 -20 -15 23 -16 -12 -19 -6 -28 -24 -25
right_child=2 3 8 -5 12 -7 -8 -9 -10 -11 24 -13 13 18 22 -17 -18 25 19 -21 -22 -23 28 29 -26 -27 27 -29 -30 -31
leaf_value=-0.0074111102960042422 -0.00095521832536906012 0.00010634725404088386 0.0014718569961533993 -0.0057862089260015646 -0.0046738633724585687 -0.0033610908065549502 -0.0033001672282504538 -0.0015290796617941501 0.00045424035131211651 0.0064829064681521751 -0.0099689762325336547 -0.0027654226185404697 -0.0052309834421612328 -0.0015050134225748479 0.00078596847131848333 -0.0069958011885838849 0.0041585049835813348 0.005448951760064864 -0.002367447267016886 -0.0043808828091955387 0.0020359384855154253 0.0033360805447128689 -0.00069753773598771156 0.0057624690949783794 -0.0061933213728480041 0.0023840209842698342 0.00098758327334912284 -0.0044928138998026647 0.0034503207491386845 0.0019868463721303717
leaf_weight=31 25 32 34 40 44 22 21 39 22 131 45 32 20 20 25 21 33 88 38 29 23 22 29 56 26 33 27 24 23 21
leaf_count=31 25 32 34 40 44 22 21 39 22 131 45 32 20 20 25 21 33 88 38 29 23 22 29 56 26 33 27 24 23 21
internal_value=-2.12531e-12 -0.00332299 0.00321364 -0.00210124 -0.00168604 0.000766549 0.00121499 0.00164993 0.00476454 0.0050961 -0.00692439 -0.0050514 -0.00248221 -0.00152308 0.00234257 -0.00373901 0.0021636 0.00392402 -0.000961277 -0.00189091 -0.000707154 0.0010308 0.00287792 0.0037654 -0.00858634 0.00461306 -0.00301908 -0.00159143 0.00113709 0.00473275
internal_weight=1076 529 547 395 355 87 239 218 308 286 134 63 268 152 179 116 65 155 132 90 61 42 154 102 71 121 95 51 52 77
internal_count=1076 529 547 395 355 87 239 218 308 286 134 63 268 152 179 116 65 155 132 90 61 42 154 102 71 121 95 51 52 77
is_linear=0
shrinkage=0.05


Tree=10
num_leaves=31
num_cat=0
split_feature=11 11 11 20 9 9 9 47 15 26 56 49 15 37 16 33 22 9 69 28 71 70 42 74 25 37 39 16 68 8
split_gain=4.1518 0.74441 0.74167 0.213636 0.199141 0.189172 0.17819 0.170845 0.15058 0.139831 0.171466 0.136086 0.138691 0.132718 0.128494 0.122714 0.122046 0.105023 0.113345 0.0992097 0.112297 0.0941886 0.0891006 0.0888167 0.087768 0.0847988 0.0879192 0.0893654 0.0821505 0.0808908
threshold=0.070414658635854735 -1.2459403276443479 0.71849864721298229 1.2807801961898806 -0.87164947390556324 0.43452139198780065 -0.66312140226364125 1.2548405528068545 0.17177501320838931 1.3201712369918825 -0.24764140695333478 -0.1656280234456062 0.41016423702239996 -0.6412023901939391 -0.33003054559230799 -1.3983170986175535 0.084861729294061675 0.13249877095222476 -0.1199435032904148 0.60575863718986522 0.73772427439689647 0.31211598217487341 -0.19614014774560926 -0.07964263483881949 0.72287797927856456 0.43327210843563085 -0.46711373329162592 -0.82730934023857106 0.36120660603046423 -0.59481880068778981
decision_type=2 2 2 2 2 2 2 2 2 2 2 2 2 2 2 2 2 2 2 2 2 2 2 2 2 2 2 2 2 2
left_child=1 8 3 6 19 14 -2 13 15 10 21 28 -13 -8 -4 -1 -10 18 -15 20 -3 -6 -20 -17 25 26 -7 -28 -12 -27
right_child=2 4 5 -5 9 24 7 -9 16 -11 11 12 -14 17 -16 23 -18 -19 22 -21 -22 -23 -24 -25 -26 29 27 -29 -30 -31
leaf_value=-0.007811324260282246 -0.0019156137161189691 -0.0043345460497667982 0.0039637525984033625 -0.0026272495704890591 -0.0015339603516945823 0.0073156460493417654 -0.0003947702873119852 -0.002029807527002919 -0.010259450338780882 -0.0040792882329044053 -0.0021760904286146306 0.0043737935833515589 -0.00096672964282333855 0.0045730222109705209 0.00014759957775822841 -0.00091129237165053691 -0.0061129999970338158 0.0044186154374546271 0.0021418428731023245 -0.006232076688320376 -0.00066948744581278531 -0.0055259459101679653 -0.0021387068886542693 -0.005566988738719374 0.0033355084957736661 0.0088118911132608595 0.0015683122241171078 0.0053320481958191689 0.0013604166228712226 0.0052325541334640657
leaf_weight=22 33 57 71 36 45 29 32 23 35 39 52 31 20 25 32 21 36 79 31 32 33 22 20 20 41 38 24 46 24 27
leaf_count=22 33 57 71 36 45 29 32 23 35 39 52 31 20 25 32 21 36 79 31 32 33 22 20 20 41 38 24 46 24 27
internal_value=8.35755e-12 -0.00340288 0.00283477 0.0009674 -0.00220432 0.00452631 0.00149994 0.00203667 -0.00657817 -0.0013474 -0.00079821 0.000281467 0.00227947 0.00253683 0.00277815 -0.00479883 -0.00815702 0.00314206 0.00181511 -0.00384089 -0.00299069 -0.00284476 0.000463196 -0.00318236 0.00540465 0.00592194 0.00500068 0.00404162 -0.0010593 0.00732509
internal_weight=1076 489 587 279 355 308 243 210 134 233 194 127 51 187 103 63 71 155 76 122 90 67 51 41 205 164 99 70 76 65
internal_count=1076 489 587 279 355 308 243 210 134 233 194 127 51 187 103 63 71 155 76 122 90 67 51 41 205 164 99 70 76 65
is_linear=0
shrinkage=0.05


Tree=11
num_leaves=31
num_cat=0
split_feature=11 11 11 24 26 13 42 9 12 35 3 27 16 9 32 32 62 20 22 2 64 0 17 15 34 43 11 51 9 55
split_gain=3.74772 0.757571 0.554908 0.259863 0.20269 0.238641 0.173367 0.169533 0.162395 0.195077 0.148421 0.140031 0.126899 0.122591 0.123689 0.187759 0.12143 0.115716 0.108567 0.101848 0.107917 0.0985613 0.097306 0.0933386 0.152407 0.0781178 0.0888673 0.073674 0.0714335 0.066318
threshold=0.18807169049978259 -1.2459403276443479 0.8449445664882661 0.99843111634254467 1.6604486703872683 -0.25289835035800928 0.64509397745132457 -0.66312140226364125 0.071873493492603316 -0.98939299583435047 0.82543152570724498 -0.082574982196092592 -0.24668147414922711 -1.234474718570709 -0.55879035592079151 -0.75529444217681874 -0.89995151758193959 0.44412139058113104 -0.56016886234283436 -0.52950471639633168 0.012843602802604439 1.0000000180025095e-35 -0.15865522623062131 0.59631070494651806 -0.30411233007907862 -0.67664629220962513 -0.3182187527418136 -0.63126555085182179 -1.01102077960968 0.58744934201240551
decision_type=2 2 2 2 2 2 2 2 2 2 2 2 2 2 2 2 2 2 2 2 2 2 2 2 2 2 2 2 2 2
left_child=1 8 3 7 5 6 22 -2 28 -10 12 -5 27 21 15 -15 -9 -11 -16 20 -20 -7 -3 29 -25 -21 -27 -4 -1 -18
right_child=2 4 10 11 -6 13 -8 16 9 17 -12 -13 -14 14 18 -17 23 -19 19 25 -22 -23 -24 24 -26 26 -28 -29 -30 -31
leaf_value=-0.0095551764049256853 -0.001819840897708976 0.0045024798400700094 0.0015205609168679943 -0.0039326188670626532 -0.0052727753360522914 -0.0023274125880561772 -0.0030796242527272133 -0.00067296850867569447 -0.0076735343597829344 0.00035412721783359305 0.0059701081849229728 0.0010307533873452081 -5.1246999230768004e-05 -0.001971906716190621 -0.005029640768043464 0.0040412468042978576 0.0031602288547576945 -0.0049600245320193829 -0.0060841920235278936 -0.0028809603101209455 -0.001615218948572874 -0.0066025917275020704 0.00052602033421862867 0.0042824796877208755 -0.0012786984613090422 -0.0013643457833677531 0.0029928646209141751 0.0048095152367346201 -0.0061529895739146964 0.0059093385645947252
leaf_weight=36 24 25 21 30 40 28 22 25 30 20 115 27 21 34 32 21 117 21 22 23 35 26 40 22 28 25 22 90 27 27
leaf_count=36 24 25 21 30 40 28 22 25 30 20 115 27 21 34 32 21 117 21 22 23 35 26 40 22 28 25 22 90 27 27
internal_value=5.56178e-12 -0.00300063 0.00290189 0.00145687 -0.00189857 -0.00151838 0.000756909 0.00216959 -0.00624926 -0.00460963 0.00465698 -0.00158155 0.00351297 -0.002257 -0.00171981 0.000324025 0.00260678 -0.00236776 -0.0024268 -0.00177097 -0.00334009 -0.00438583 0.00205543 0.00302943 0.00116822 -0.000493253 0.0006752 0.00418728 -0.0080971 0.00367569
internal_weight=1076 529 547 300 395 355 87 243 134 71 247 57 132 268 214 55 219 41 159 127 57 54 65 194 50 70 47 111 63 144
internal_count=1076 529 547 300 395 355 87 243 134 71 247 57 132 268 214 55 219 41 159 127 57 54 65 194 50 70 47 111 63 144
is_linear=0
shrinkage=0.05


Tree=12
num_leaves=31
num_cat=0
split_feature=11 11 20 9 9 9 50 64 63 23 50 32 7 39 67 47 31 45 23 19 51 51 74 18 34 37 45 25 17 47
split_gain=3.38547 0.784373 0.539319 0.287391 0.223086 0.191923 0.173534 0.17935 0.143866 0.137661 0.114926 0.165602 0.11477 0.129495 0.105126 0.091955 0.085991 0.123487 0.0853485 0.0852077 0.081783 0.0873069 0.075361 0.0731044 0.0707625 0.130458 0.0695791 0.0684252 0.0676939 0.0667303
threshold=0.32184275984764105 -1.0753667950630186 0.90146541595458995 0.45168703794479376 -0.5637066364288329 -0.95183894038200367 1.0913188457489016 -0.44831445813179011 0.23472966998815539 -1.0967529416084287 0.68975454568862926 -0.40563848614692682 0.30728763341903692 1.2889390587806704 0.48739413917064672 -0.21543532609939572 -0.21911424398422238 0.40197908878326422 -0.85649365186691273 -0.15232472121715543 -0.48972864449024195 -0.67958658933639515 -0.58561447262763966 0.23161666840314868 0.58372730016708385 -0.7350710630416869 -0.049361912533640855 0.30951482057571417 0.44209566712379461 0.13961014896631244
decision_type=2 2 2 2 2 2 2 2 2 2 2 2 2 2 2 2 2 2 2 2 2 2 2 2 2 2 2 2 2 2
left_child=1 5 3 12 10 14 7 19 -4 -9 11 26 15 22 -1 -2 28 -18 -7 -6 21 -5 -14 -20 25 -13 -3 -22 -11 -29
right_child=2 4 8 20 6 18 -8 9 -10 16 -12 24 13 -15 -16 -17 17 -19 23 -21 27 -23 -24 -25 -26 -27 -28 29 -30 -31
leaf_value=-0.0081240778741740738 -0.0012704802615403693 -0.0024421696965653225 0.001205349633131515 0.0045270107518364166 -0.00064451274048569129 -0.0055859679290733771 -0.0036934563239543316 -0.002003686520640321 -0.0041566161286278533 0.0018804501367267223 -8.9055612539489055e-05 -0.0068946483756669556 0.0015217104306569898 -0.00054740183346439156 -0.0041986745559488949 0.0021916159834786827 0.0044643154706927425 4.001084016636014e-05 2.3050536401569844e-05 -0.0048265287918703896 0.0063295427606696909 0.00040677487384527928 0.00463507363796476 -0.0042008038898486465 -0.0066180941682042818 -0.0023015179038338831 0.0012952797475736589 0.0030931652144656754 -0.0020222568351891826 0.005582715144517256
leaf_weight=66 34 33 22 36 29 32 34 29 29 25 34 22 26 20 23 44 46 24 20 21 81 20 77 21 28 52 20 51 20 57
leaf_count=66 34 33 22 36 29 32 34 29 29 25 34 22 26 20 23 44 46 24 20 21 81 20 77 21 28 52 20 51 20 57
internal_value=3.59673e-12 -0.00259844 0.00302715 0.00358412 -0.00145139 -0.00555102 -0.000398454 0.000179021 -0.00184361 0.00107485 -0.0027216 -0.00329906 0.00218285 0.00313429 -0.00710965 0.000682497 0.00185117 0.00294741 -0.00365078 -0.00240096 0.00473374 0.0030555 0.00384918 -0.00214039 -0.00447714 -0.00366704 -0.00103181 0.005231 0.000145914 0.00440709
internal_weight=1076 579 497 446 417 162 228 194 51 144 189 155 201 123 89 78 115 70 73 50 245 56 103 41 102 74 53 189 45 108
internal_count=1076 579 497 446 417 162 228 194 51 144 189 155 201 123 89 78 115 70 73 50 245 56 103 41 102 74 53 189 45 108
is_linear=0
shrinkage=0.05


Tree=13
num_leaves=31
num_cat=0
split_feature=11 11 11 9 45 14 20 3 26 56 62 33 10 31 54 31 42 72 21 13 7 52 14 1 35 41 54 25 29 54
split_gain=3.06098 0.557837 0.554514 0.220603 0.179835 0.164092 0.16096 0.140591 0.136304 0.158268 0.133487 0.119183 0.109716 0.108559 0.107463 0.104741 0.102532 0.101605 0.101909 0.0988446 0.0946766 0.0928293 0.103468 0.0917216 0.0907367 0.0911335 0.0866181 0.084399 0.0806645 0.0764457
threshold=0.070414658635854735 -1.5366014242172239 0.71849864721298229 -0.87164947390556324 1.4780659675598147 0.35974147915840154 1.2807801961898806 0.82543152570724498 1.3201712369918825 -0.24764140695333478 -0.86641395092010487 1.2378513813018801 -1.3656075596809385 -0.68025165796279896 -0.79852619767189015 -0.070038843899965272 -0.780757576227188 0.74116697907447826 0.50565773248672496 -0.061615483835339539 0.21768570691347125 -0.54683026671409596 -0.13320995867252347 -0.12392202764749526 -1.0909250974655149 -0.10675707831978797 -0.074448030441999422 0.40519978106021887 0.050054423511028297 -0.21393159031867978
decision_type=2 2 2 2 2 2 2 2 2 2 2 2 2 2 2 2 2 2 2 2 2 2 2 2 2 2 2 2 2 2
left_child=1 12 4 16 6 7 10 17 9 14 -2 13 -1 -12 -5 24 -3 18 -4 28 -10 -18 -23 -24 -11 -26 -17 -21 -15 -14
right_child=2 3 5 8 -6 -7 -8 -9 20 15 11 -13 29 19 -16 26 21 -19 -20 27 -22 22 23 -25 25 -27 -28 -29 -30 -31
leaf_value=-0.0091998031925565257 -0.0013310659804119497 -0.00069723229296505455 0.0045660154477871482 -0.0056528206379152833 -0.0036300422512881812 -0.00036980503077973571 -0.0020794602061593621 0.0053749362648779749 -0.0061133234944593697 0.001761992495507002 -0.00039998871887711668 -0.0014985744166187943 -0.0034113520335766578 0.0058848550995545734 -0.001290499837121691 -0.0004801653046160937 -0.0063842653656112306 0.00024686573073267936 0.001299209772332688 0.0031920047397513622 -0.0013654762190569835 -0.00027930774016394501 -0.0058394612839970834 -0.0019598032077774406 -0.0034832796325003183 0.00064674185599539094 0.0036898745805956424 -0.0012958319607423619 0.002945021441139813 -0.0066381092214336003
leaf_weight=24 32 25 94 20 21 21 33 136 21 25 26 20 31 35 48 20 35 25 32 22 21 21 39 25 34 22 33 20 70 45
leaf_count=24 32 25 94 20 21 21 33 136 21 25 26 20 31 35 48 20 35 25 32 22 21 21 39 25 34 22 33 20 70 45
internal_value=-2.1412e-12 -0.00292186 0.00243405 -0.00206562 0.000819393 0.00389668 0.00118156 0.00420886 -0.00114773 -0.000608867 0.00165984 0.00215574 -0.00625262 0.0025782 -0.00257354 0.000388128 -0.0036102 0.00315862 0.00373635 0.00310496 -0.0037394 -0.00421707 -0.0033247 -0.00432397 -0.000742634 -0.00186077 0.00211627 0.00105494 0.00392497 -0.00532193
internal_weight=1076 489 587 389 279 308 258 287 244 202 225 193 100 173 68 134 145 151 126 147 42 120 85 64 81 56 53 42 105 76
internal_count=1076 489 587 389 279 308 258 287 244 202 225 193 100 173 68 134 145 151 126 147 42 120 85 64 81 56 53 42 105 76
is_linear=0
shrinkage=0.05


Tree=14
num_leaves=31
num_cat=0
split_feature=11 11 11 24 26 11 9 9 12 35 19 27 7 16 55 63 48 37 18 45 50 52 39 35 17 18 11 39 31 60
split_gain=2.76551 0.562063 0.423507 0.198998 0.165593 0.177296 0.147842 0.132947 0.126041 0.137937 0.152033 0.117712 0.113947 0.131521 0.0955333 0.123866 0.125779 0.106349 0.102028 0.087825 0.101401 0.0865401 0.0862515 0.0856843 0.114804 0.0824762 0.0929243 0.0735262 0.0712881 0.067855
threshold=0.18807169049978259 -1.2141419053077696 0.8449445664882661 0.99843111634254467 1.6604486703872683 -0.34177441895008082 -0.23720040917396543 -0.66312140226364125 -0.80153030157089222 -1.0356985330581663 0.89158663153648388 -0.082574982196092592 0.73924478888511669 -0.32270252704620356 -0.85596314072608937 -0.75077736377716053 0.3374630212783814 -0.34863539040088648 -0.20651651918888089 0.37278257310390478 -0.47611972689628596 -0.6236763298511504 0.3793091624975205 -0.35536316037178034 0.060503374785184867 -0.32348202168941492 1.2002527713775637 -0.029936252161860463 0.83856242895126354 -0.064356904476881013
decision_type=2 2 2 2 2 2 2 2 2 2 2 2 2 2 2 2 2 2 2 2 2 2 2 2 2 2 2 2 2 2
left_child=1 8 3 7 5 23 21 -2 -1 -10 27 -5 13 25 -9 -16 17 -17 -19 20 -8 -7 -18 24 -3 26 -4 -11 -23 -20
right_child=2 4 12 11 -6 6 19 14 9 10 -12 -13 -14 -15 15 16 22 18 29 -21 -22 28 -24 -25 -26 -27 -28 -29 -30 -31
leaf_value=-0.0084572104092400808 -0.0016787453651583445 0.0009824866495494332 0.0017341553890252151 -0.0035840641831358273 -0.0046574462554417554 -0.0034260937479035311 -0.00011086805141530932 -0.00073546766713358629 -0.0066190657234983519 0.0009216023329645395 -0.006327001564204693 0.00096659738639438592 0.0051398546472113549 -0.0007338430779054761 0.0063352419156581163 -0.0018368834668459995 0.0067273544105277824 0.0033714553003572666 0.0025698905636090787 -0.0011491503615009911 0.0044275426138483459 -0.0014071121096397596 0.0021905334759503604 -0.0033359671359084139 -0.0029620762956209293 0.0062652664608322086 0.0052319472663682597 -0.0033144225360177064 0.0020856794923366537 -0.0012157993710294752
leaf_weight=26 24 35 55 30 40 34 20 24 48 20 23 27 119 20 20 21 22 63 20 21 32 48 20 101 39 24 29 21 21 29
leaf_count=26 24 35 55 30 40 34 20 24 48 20 23 27 119 20 20 21 22 63 20 21 32 48 20 101 39 24 29 21 21 29
internal_value=-5.30753e-12 -0.00257761 0.00249279 0.0012304 -0.00160937 -0.00126201 -0.000141463 0.00185409 -0.00532097 -0.00459292 -0.00307331 -0.00142849 0.00402606 0.00299058 0.00224125 0.00260761 0.0021816 0.00142832 0.00204055 0.00157989 0.002682 -0.00136145 0.00456696 -0.00238895 -0.0010964 0.00368029 0.00294173 -0.00124807 -0.000344089 0.00032938
internal_weight=1076 529 547 300 391 351 176 243 138 112 64 57 247 128 219 195 175 133 112 73 52 103 42 175 74 108 84 41 69 49
internal_count=1076 529 547 300 391 351 176 243 138 112 64 57 247 128 219 195 175 133 112 73 52 103 42 175 74 108 84 41 69 49
is_linear=0
shrinkage=0.05


Tree=15
num_leaves=31
num_cat=0
split_feature=11 11 20 9 11 26 10 17 60 29 6 21 47 29 52 52 28 12 8 12 11 70 71 59 13 25 68 47 2 6
split_gain=2.4984 0.581464 0.429341 0.223834 0.201502 0.189498 0.185649 0.151444 0.130334 0.125764 0.10962 0.0983009 0.0982451 0.0913902 0.0929733 0.0925423 0.090519 0.0962764 0.128489 0.0890266 0.0856308 0.0812723 0.111685 0.0770153 0.0764042 0.0751801 0.0709957 0.0692317 0.0689678 0.0826796
threshold=0.32184275984764105 -0.57908380031585682 0.90146541595458995 0.45168703794479376 -1.8476388454437254 1.3201712369918825 -1.0743134617805479 0.092729985713958754 0.55643275380134594 0.62364962697029125 1.1026072502136233 0.24135523289442065 0.15833972394466403 0.8186456859111787 0.82517337799072277 -0.50121557712554921 0.75525653362274181 0.36882847547531133 -0.77375215291976918 0.095819678157567992 -1.3541901111602781 -0.32963278889656061 0.60825675725936901 -1.0073261857032774 -0.13418413698673246 0.20174598693847659 0.19063644111156466 -0.18228524923324582 -0.44944533705711359 -0.51639887690544117
decision_type=2 2 2 2 2 2 2 2 2 2 2 2 2 2 2 2 2 2 2 2 2 2 2 2 2 2 2 2 2 2
left_child=1 4 3 12 19 6 -3 16 13 -4 -7 -10 21 14 15 27 17 18 -6 -1 -9 22 -2 -5 -23 -25 -17 -8 -27 -30
right_child=2 5 9 23 7 10 8 20 11 -11 -12 -13 -14 -15 -16 26 -18 -19 -20 -21 -22 24 -24 25 -26 28 -28 -29 29 -31
leaf_value=-0.0082144244457595054 -0.0036029873974621298 -0.0044484429694104785 -0.0040862788601468006 0.0011386181903071701 0.00059960971819236883 -0.00079863553278300978 0.00089842336442829535 -0.0070213750936090951 0.0039188695567847591 0.000888169372046832 -0.0054453370308813953 -0.0002122468596401935 0.0030284462908380912 -0.0025688699422738493 -0.0029496689396910371 0.00059078298470079224 -0.0042367547634057706 0.0015349315784468284 -0.0050001687187302326 -0.0045131220087183252 -0.0036639402827739228 0.0036546794538480755 0.0016177805338104788 0.0055604399736261089 0.00022579200934463492 0.0010274566812551627 0.0038927040062844754 -0.0031151932301110635 0.0060614053110935187 0.0032400290118658167
leaf_weight=32 20 23 27 20 20 22 22 24 36 24 30 24 95 39 20 41 25 28 21 33 91 32 21 84 33 21 27 21 38 82
leaf_count=32 20 23 27 20 20 22 22 24 36 24 30 24 95 39 20 41 25 28 21 33 91 32 21 84 33 21 27 21 38 82
internal_value=-3.13818e-12 -0.0022322 0.00260049 0.00309744 -0.00390394 -0.000730383 -0.000165363 -0.00314777 0.000262945 -0.00174536 -0.00347942 0.00226642 0.00186078 -0.000444164 0.000188382 0.000753796 -0.00165907 -0.00072512 -0.00226857 -0.0063353 -0.00436462 0.000814288 -0.000928936 0.00411201 0.00191386 0.00437631 0.00190184 -0.00106171 0.00367087 0.00413346
internal_weight=1076 579 497 446 274 305 253 209 230 51 52 60 201 170 131 111 94 69 41 65 115 106 41 245 65 225 68 43 141 120
internal_count=1076 579 497 446 274 305 253 209 230 51 52 60 201 170 131 111 94 69 41 65 115 106 41 245 65 225 68 43 141 120
is_linear=0
shrinkage=0.05


Tree=16
num_leaves=31
num_cat=0
split_feature=11 11 11 20 9 45 72 24 56 49 12 24 8 16 12 70 38 9 56 14 60 16 3 10 15 28 12 52 56 33
split_gain=2.26026 0.419596 0.417402 0.211702 0.170932 0.145191 0.136994 0.116171 0.137019 0.127631 0.105822 0.194031 0.100277 0.103575 0.0964915 0.0903118 0.0816592 0.0812173 0.0814101 0.0754789 0.073715 0.0700078 0.0812572 0.0676027 0.0665402 0.0658248 0.0639323 0.0626842 0.0910006 0.0565508
threshold=0.070414658635854735 -1.5366014242172239 0.8449445664882661 1.2531556487083437 -0.87164947390556324 1.4780659675598147 -1.271716237068176 1.0178612470626833 -0.24764140695333478 -0.1656280234456062 -0.75947210192680348 -0.057398345321416848 -0.4960233867168426 -0.85600426793098439 0.67280647158622753 0.31211598217487341 -0.74471834301948536 0.44592414796352392 -0.12224027141928671 -0.11075446382164954 0.38682684302330023 -0.47827997803688044 0.90914902091026317 0.66961345076560985 0.3133810311555863 -0.11649001762270926 0.6602841615676881 0.50972655415534984 0.46108491718769079 0.056669572368264205
decision_type=2 2 2 2 2 2 2 2 2 2 2 2 2 2 2 2 2 2 2 2 2 2 2 2 2 2 2 2 2 2
left_child=1 14 3 5 10 6 -2 8 15 -10 -3 19 13 16 -1 -6 -4 18 25 -12 -11 -14 -23 -9 -5 -8 -13 28 -20 -25
right_child=2 4 12 24 7 -7 17 23 9 20 11 26 21 -15 -16 -17 -18 -19 27 -21 -22 22 -24 29 -26 -27 -28 -29 -30 -31
leaf_value=-0.0066154335242425734 -0.0021792882454714606 -0.0059515805871881268 0.0043742123364195742 -0.00042234788415953519 -0.00086631880698316707 -0.0027049273089505732 0.0013697073666687201 -0.0051363870357384999 -0.00060039780405350034 0.00069867424740964045 0.0018155850552526926 -0.0062545566031566042 0.0036526722958884561 0.005695049450696388 -0.0034156030068468106 -0.0048984671854192304 0.00083987040365732712 0.0031270798224273446 0.0029268293448694751 -0.0019463688620210936 0.0047470317424639415 -0.00094123049778863793 0.0033346174715552478 0.00016436098320853141 -0.0045009577620658088 -0.001811829557770799 -0.0030368860345333817 0.0038642923605653485 -0.0011963720909198342 -0.0035506205656565728
leaf_weight=62 21 27 44 20 41 20 37 21 75 22 24 26 52 80 38 21 26 101 32 30 23 25 20 21 20 29 38 37 23 20
leaf_count=62 21 27 44 20 41 20 37 21 75 22 24 26 52 80 38 21 26 101 32 30 23 25 20 21 20 29 38 37 23 20
internal_value=-6.61463e-12 -0.00251077 0.0020916 0.000955183 -0.00176817 0.00141076 0.00170474 -0.000960201 -0.000323429 0.000662689 -0.00312779 -0.00248167 0.0036559 0.00446604 -0.0053995 -0.00223205 0.00306146 0.00201966 0.00131175 -0.000274389 0.00276783 0.0024031 0.000959146 -0.00282943 -0.00246165 -2.82407e-05 -0.00434406 0.00227305 0.00120258 -0.00164783
internal_weight=1076 489 587 340 389 300 280 244 182 120 145 118 247 150 100 62 70 259 158 54 45 97 45 62 40 66 64 92 55 41
internal_count=1076 489 587 340 389 300 280 244 182 120 145 118 247 150 100 62 70 259 158 54 45 97 45 62 40 66 64 92 55 41
is_linear=0
shrinkage=0.05


Tree=17
num_leaves=31
num_cat=0
split_feature=11 11 20 13 29 15 27 12 8 26 12 64 63 60 70 11 8 7 25 62 63 68 31 22 55 64 25 51 28 45
split_gain=2.04345 0.482532 0.363577 0.179335 0.169588 0.151116 0.132707 0.13192 0.125432 0.120019 0.140753 0.123268 0.115358 0.115317 0.105635 0.0975797 0.0927046 0.0905562 0.0816445 0.0803013 0.0786017 0.0755927 0.07495 0.103566 0.0599326 0.0574705 0.0571447 0.0723031 0.051844 0.0486069
threshold=0.32184275984764105 -1.0753667950630186 0.90146541595458995 -0.34117855131626124 1.2428946495056155 0.33311706781387335 -1.572363495826721 0.095819678157567992 -0.16871037334203717 1.3201712369918825 0.25581480562686926 1.0000000180025095e-35 0.23472966998815539 -1.0417510271072385 -0.444904014468193 -0.10202245041728018 0.16909269243478778 0.54762372374534618 0.1676009073853493 -0.13008680194616315 0.057318476960062988 -0.43258059024810785 -0.69515228271484364 0.084861729294061675 0.54610237479209911 -0.27838006615638727 -0.18944497406482694 -0.2752013206481933 -0.21449317038059232 -0.35111837089061732
decision_type=2 2 2 2 2 2 2 2 2 2 2 2 2 2 2 2 2 2 2 2 2 2 2 2 2 2 2 2 2 2
left_child=1 5 3 8 6 7 -3 -1 13 10 11 21 -4 -2 -13 20 -16 -11 -10 24 -12 29 -7 -24 -5 -21 -15 -28 -20 -8
right_child=2 4 12 19 -6 22 9 -9 18 17 15 14 -14 26 16 -17 -18 -19 28 25 -22 -23 23 -25 -26 -27 27 -29 -30 -31
leaf_value=-0.0046828589828169726 0.0010834402853756079 -0.00381103161831989 0.0010828515353337438 0.0035072898280341181 -0.0046165667286913962 -0.0079033575051774586 -0.0026987757181379259 -0.00074923440324476895 0.0035187414508340339 -0.0046198485653991973 0.0021229700325280788 -0.0027630421454973874 -0.003718551272397925 0.0064461087473318916 0.002588549288322813 0.0028534959915559738 -0.0014346980245872624 -0.00024650954524986447 0.0019862366374582053 0.0016054386134586624 -0.0013595176051535947 -0.0037981421863977714 -0.0068654015436768537 -0.0021024415668632304 0.00032429251545441472 -0.0011813665236774329 0.0021191932536229227 0.0046753402911373556 -0.0016139035462401808 0.00037914842343588108
leaf_weight=47 28 34 22 50 32 30 23 39 34 29 26 21 29 32 45 50 21 20 20 37 43 44 25 21 21 37 35 132 20 29
leaf_count=47 28 34 22 50 32 30 23 39 34 29 26 21 29 32 45 50 21 20 20 37 43 44 25 21 21 37 35 132 20 29
internal_value=-5.62872e-12 -0.00201876 0.00235184 0.00280914 -0.00111909 -0.00433458 -0.000828392 -0.00289901 0.00350502 -0.000539475 -0.000167053 -0.0010375 -0.00164736 0.00408779 0.000325657 0.00117154 0.00130843 -0.00283481 0.00171735 0.00136459 -4.72759e-05 -0.00227286 -0.00595904 -0.00469101 0.00256584 0.000212036 0.00451051 0.00413962 0.000186167 -0.000982241
internal_weight=1076 579 497 446 417 162 385 86 301 351 302 183 51 227 87 119 66 49 74 145 69 96 76 46 71 74 199 167 40 52
internal_count=1076 579 497 446 417 162 385 86 301 351 302 183 51 227 87 119 66 49 74 145 69 96 76 46 71 74 199 167 40 52
is_linear=0
shrinkage=0.05


Tree=18
num_leaves=31
num_cat=0
split_feature=11 11 30 4 5 9 27 26 59 12 66 9 12 24 46 62 47 52 50 12 8 70 23 12 11 9 32 30 37 54
split_gain=1.84741 0.386794 0.315391 0.245475 0.196556 0.159196 0.149841 0.13547 0.128836 0.111246 0.106578 0.0990955 0.0985073 0.162854 0.0930898 0.0918261 0.0873394 0.0864493 0.096453 0.0799803 0.0767644 0.0699697 0.0697564 0.0690844 0.0674191 0.0654658 0.0565102 0.093416 0.0693685 0.0532333
threshold=0.18807169049978259 -1.5366014242172239 0.92964693903923046 0.6418898105621339 -0.39505000412464136 -0.87164947390556324 -0.082574982196092592 1.3201712369918825 1.0000000180025095e-35 1.0622450709342959 -0.30756005644798273 0.69677734375000011 -0.75947210192680348 -0.057398345321416848 -0.48182286322116846 -0.63864395022392262 -0.55372247099876393 0.75638791918754589 -0.30530056357383722 0.67280647158622753 -0.82628941535949696 0.27981917560100561 0.62328335642814647 -0.67233139276504505 -0.62191572785377491 -0.24627464264631269 -0.044654358178377145 -0.5401039421558379 0.37212632596492773 -0.71825012564659108
decision_type=2 2 2 2 2 2 2 2 2 2 2 2 2 2 2 2 2 2 2 2 2 2 2 2 2 2 2 2 2 2
left_child=1 19 3 4 -2 12 -4 9 -5 15 -10 14 -3 21 16 20 -6 18 -17 29 -7 -14 -18 -16 -15 -20 27 28 -13 -1
right_child=2 5 6 8 11 7 -8 -9 10 -11 -12 26 13 24 23 17 22 -19 25 -21 -22 -23 -24 -25 -26 -27 -28 -29 -30 -31
leaf_value=-0.0041063024566265881 -0.00048928724938525337 -0.0054836959785057445 -0.0037998111903547282 0.0029990068099533139 -0.0013252524773374067 7.8273443388752648e-05 0.0012003106988388403 -0.0031774467175288939 0.0012204996144506508 0.0022019750884982596 -0.0030056863204975214 0.0035157914678417544 -0.0016146690478575799 -0.0052391372672974355 0.0011702737183354442 -0.00074131201307119977 0.0031009243587057371 -0.0021940382011234761 0.00064072415777693763 -0.0031008855684807428 -0.0033638801514272298 0.0019560788181084005 -0.00028842187311965971 0.0044101576311636323 -0.0021306244260896083 0.0044980011097240178 0.0060352932608553345 0.0019356441188655379 0.0064559800071375718 -0.0071392254999432803
leaf_weight=23 37 27 31 26 21 25 29 47 26 39 35 47 34 37 21 44 63 30 22 38 46 23 20 76 33 22 35 45 35 39
leaf_count=23 37 27 31 26 21 25 29 47 26 39 35 47 34 37 21 44 63 30 22 38 46 23 20 76 33 22 35 45 35 39
internal_value=2.0232e-12 -0.00210674 0.00203742 0.00245883 0.00298236 -0.00145398 -0.00138309 -0.000733206 5.18178e-05 -0.000229349 -0.00120436 0.00333622 -0.00274109 -0.00215801 0.00259456 -0.000731051 0.00155538 0.00012384 0.000914025 -0.00490708 -0.00215185 -0.000173841 0.00228421 0.00370874 -0.0037737 0.00256936 0.00425642 0.00376618 0.00477075 -0.00601411
internal_weight=1076 529 547 487 400 429 60 275 87 228 61 363 154 127 201 189 104 118 88 100 71 57 83 97 70 44 162 127 82 62
internal_count=1076 529 547 487 400 429 60 275 87 228 61 363 154 127 201 189 104 118 88 100 71 57 83 97 70 44 162 127 82 62
is_linear=0
shrinkage=0.05


Tree=19
num_leaves=31
num_cat=0
split_feature=5 4 30 32 5 33 32 63 29 13 68 12 1 51 2 62 61 23 15 39 2 66 16 9 65 35 17 41 33 23
split_gain=1.41936 0.548302 0.240794 0.235911 0.173678 0.173497 0.14892 0.1337 0.1305 0.119816 0.12002 0.106258 0.0917964 0.0898614 0.0814333 0.0787695 0.0713658 0.0702107 0.113859 0.161169 0.0858918 0.0777615 0.0694088 0.0675344 0.0652766 0.0637251 0.0609825 0.0569448 0.0559626 0.050234
threshold=-0.2773147970438003 0.56934753060340892 0.99532446265220653 0.49226564168930059 -1.7762634158134458 -1.1013805866241453 -0.45801825821399683 0.49039046466350561 0.46815459430217748 -0.39189901947975153 0.055761786177754409 1.3441089391708376 -0.31965050101280207 -0.77114480733871449 -0.50484937429428089 0.71085187792778026 0.73271197080612194 -0.87516814470291127 1.0000000180025095e-35 0.075448464602231993 -0.18001593649387357 0.3885710090398789 0.032947611063718803 0.39342856407165533 -0.0569551084190607 1.1662178039550783 -0.14509655535221097 0.3794511109590531 -0.35425654053688044 0.84923914074897777
decision_type=2 2 2 2 2 2 2 2 2 2 2 2 2 2 2 2 2 2 2 2 2 2 2 2 2 2 2 2 2 2
left_child=4 2 5 11 22 -2 12 8 15 25 14 23 13 -6 -11 -5 -9 -8 19 21 -20 -19 -1 -3 -12 29 -25 -22 -15 -7
right_child=1 3 -4 7 6 9 17 16 -10 10 24 -13 -14 28 -16 -17 -18 18 20 -21 27 -23 -24 26 -26 -27 -28 -29 -30 -31
leaf_value=-0.0069517234417920308 -0.0017473522241925822 -0.00077284663350804268 -0.0020848742927666061 9.8298371414698313e-05 0.00071737642945914439 0.0036718397525114552 -0.0043418379353825009 -0.0061028353468004972 0.0028859760676277803 -0.0019457429554070888 0.0021435438253154808 0.0044070494070183484 0.0012637570529477672 -0.0044067060019677652 0.0016339480278746007 -0.0042861629708204419 -0.0024708871165976714 -0.00086520212469622495 -0.0046966032783461314 -0.0033282882498690126 -0.00032133757818623315 0.0034911157164190503 -0.0033701654343355086 0.0038101625495723318 0.0052665281514809644 0.0010057773691369222 4.3246882374991072e-05 -0.0038145385096868267 -0.0012121184478144581 0.0059737186602972173
leaf_weight=24 20 54 27 21 29 194 50 21 20 24 44 20 45 26 47 20 38 20 53 33 28 21 31 21 27 20 22 20 29 27
leaf_count=24 20 54 27 21 29 194 50 21 20 24 44 20 45 26 47 20 38 20 53 33 28 21 31 21 27 20 22 20 29 27
internal_value=1.5174e-12 0.00142203 0.00248631 -0.000508948 -0.00231906 0.00279257 -0.00191293 -0.00206661 -0.000425237 0.00302964 0.00187753 0.00108865 -0.000558549 -0.00153478 0.000423912 -0.00204046 -0.00376361 -0.00268944 -0.00221733 -0.000727353 -0.00330899 0.00136608 -0.00493303 0.000404445 0.00333116 0.00370848 0.0018829 -0.00177684 -0.00272229 0.00395306
internal_weight=1076 667 430 237 409 403 354 120 61 383 142 117 129 84 71 41 59 225 175 74 101 41 55 97 71 241 43 48 55 221
internal_count=1076 667 430 237 409 403 354 120 61 383 142 117 129 84 71 41 59 225 175 74 101 41 55 97 71 241 43 48 55 221
is_linear=0
shrinkage=0.05


Tree=20
num_leaves=31
num_cat=0
split_feature=11 11 30 11 25 41 27 26 37 12 28 12 51 41 44 11 8 16 5 12 11 36 15 22 16 0 35 33 47 65
split_gain=1.52114 0.294854 0.288226 0.222395 0.135794 0.127192 0.113097 0.108483 0.103179 0.101382 0.137694 0.111452 0.13252 0.0992689 0.0948992 0.0892908 0.0860248 0.0966038 0.0829301 0.0789054 0.0782012 0.0748902 0.070743 0.0687281 0.0672865 0.0659793 0.0657258 0.0656052 0.0861155 0.0572995
threshold=0.070414658635854735 -1.5366014242172239 0.92964693903923046 0.71849864721298229 0.19422673434019092 1.0775896906852724 -0.082574982196092592 -0.064719416201114641 -0.23392542451620099 -0.5035623013973235 0.64869150519371044 1.2668439745903017 -0.40106129646301264 0.19550137221813205 0.51439094543457042 -0.1749678552150726 -0.48513846099376673 -0.83752843737602223 0.12903022766113284 -0.71155437827110279 -0.56049993634223927 0.049674957990646369 0.16100658476352694 0.084861729294061675 -0.040815776214003556 0.16609807033091786 0.031110349111258987 0.69447392225265514 0.22142215818166736 -0.20815313607454297
decision_type=2 2 2 2 2 2 2 2 2 2 2 2 2 2 2 2 2 2 2 2 2 2 2 2 2 2 2 2 2 2
left_child=1 22 3 4 19 9 -4 8 -6 13 11 12 14 -3 -11 26 17 29 -10 -2 -12 -9 24 -24 -1 -22 -14 28 -18 -5
right_child=2 5 6 16 7 -7 -8 21 18 10 20 -13 15 -15 -16 -17 27 -19 -20 -21 25 -23 23 -25 -26 -27 -28 -29 -30 -31
leaf_value=-0.0049362611660564489 4.5799824443680276e-05 -0.0031739384545722889 -0.0033149819293924209 0.00081613529924183135 -0.0019457556703127922 -0.0039369959160265155 0.00073400347177726775 -0.0042694346210919321 -7.8765429630452263e-05 -9.7775981280832515e-05 -0.0043811245912885556 0.0031611808948842478 -0.0040871113785215128 0.00066951733481671136 0.0042554622801617373 0.0013250877565587872 0.0012445630075450503 0.0048876873153429271 0.0039351824175326098 0.0032276400672604463 -0.0026263827376734016 -0.00041354110204231212 -0.0072907836517939958 -0.003778546471865131 -0.0010257133991796185 0.0010536364035769589 -0.00080064617836012931 0.0001394953510230955 0.0043959339555330211 0.0035223742476928072
leaf_weight=22 27 84 35 31 20 45 34 20 22 31 28 28 32 21 21 20 46 89 31 70 29 34 30 26 22 21 29 34 41 53
leaf_count=22 27 84 35 31 20 45 34 20 22 31 28 28 32 21 21 20 46 89 31 70 29 34 30 26 22 21 29 34 41 53
internal_value=8.02823e-13 -0.00205974 0.00171587 0.00212023 0.000933326 -0.00143723 -0.00131983 -0.00014257 0.00111428 -0.00111023 -0.000541289 0.000294051 -0.000309556 -0.00240525 0.00166026 -0.00157413 0.00302455 0.00373983 0.00226902 0.00234197 -0.00226552 -0.00184165 -0.00448129 -0.0056601 -0.00298099 -0.00108077 -0.00252469 0.00200187 0.00272969 0.00252364
internal_weight=1076 489 587 518 224 389 69 127 73 344 239 161 133 105 52 81 294 173 53 97 78 54 100 56 44 50 61 121 87 84
internal_count=1076 489 587 518 224 389 69 127 73 344 239 161 133 105 52 81 294 173 53 97 78 54 100 56 44 50 61 121 87 84
is_linear=0
shrinkage=0.05


Tree=21
num_leaves=31
num_cat=0
split_feature=3 28 10 32 15 23 32 63 2 27 43 43 5 60 6 37 37 3 61 21 2 37 71 10 44 64 56 21 74 0
split_gain=1.22328 0.512721 0.198171 0.173821 0.162295 0.168585 0.123383 0.121366 0.103192 0.0819764 0.0800124 0.0887303 0.0790779 0.0919397 0.0927244 0.0751479 0.0767971 0.0748719 0.0897442 0.0734479 0.0733178 0.0732386 0.0631636 0.0626109 0.0587748 0.0571708 0.0579862 0.055171 0.0521292 0.0519613
threshold=-0.2379229664802551 0.67468935251235973 -1.4342226386070249 -0.45801825821399683 0.94999077916145336 -0.92154249548912037 0.55624189972877514 0.46032911539077764 0.48849408328533178 -0.39296516776084894 -0.94583776593208302 -0.12566591426730153 0.86199924349784862 -1.0798431634902952 -0.2073010057210922 -1.8868104219436643 0.071849156171083464 0.63665640354156505 0.8901965618133546 -0.54446718096733082 -0.19782434403896329 0.77349427342414867 -0.45901423692703242 -0.62316036224365223 -0.22030815482139585 -0.17425595968961713 0.12006443738937379 -0.28422747552394861 -0.36239784955978388 0.47597797214984899
decision_type=2 2 2 2 2 2 2 2 2 2 2 2 2 2 2 2 2 2 2 2 2 2 2 2 2 2 2 2 2 2
left_child=2 4 -1 10 5 -2 -3 8 -8 -10 -4 -12 13 -7 28 -5 25 18 22 -18 27 -6 -16 -21 -24 -17 -27 -13 -15 -9
right_child=1 6 3 15 21 12 7 29 9 -11 11 20 -14 14 17 16 19 -19 -20 23 -22 -23 24 -25 -26 26 -28 -29 -30 -31
leaf_value=-0.0064393060505390162 -0.0011006219672708539 0.0012786671249260609 -0.0025796843881835231 -0.0052765757252927871 0.0011531957854458597 -0.00051251097646509778 -0.0037230827833991498 -0.0021925810328684747 -0.0016256671202427243 0.0025998171726920802 0.0022020016208683189 -0.00024667576552652148 0.0035671269623169608 0.0020519913623981046 0.0012038693785847675 -0.0027421322065655754 -0.0061121197661296242 -0.00061961440059045956 -0.00069083168321715975 -0.00075781283061951399 0.0016794733697315677 -0.0024586782283149661 0.0022191324838153697 -0.0039968788657633184 0.0056587072830923185 -0.0025707941149072404 0.0002102144229454252 -0.0037490002530499952 0.0043465695460326971 -0.0056118341954424986
leaf_weight=25 32 36 32 24 32 29 20 20 22 24 38 23 154 38 31 67 21 30 21 25 20 25 23 37 27 29 53 22 71 25
leaf_count=25 32 36 32 24 32 29 20 20 22 24 38 23 154 38 31 67 21 30 21 25 20 25 23 37 27 29 53 22 71 25
internal_value=2.69265e-12 0.00133845 -0.0021235 -0.00184755 0.00208445 0.00239887 -0.00126494 -0.00208989 -0.000724708 0.000578933 -0.000395822 0.00028266 0.00266299 0.00214729 0.00246735 -0.00261311 -0.00233758 0.00157613 0.00222194 -0.00355644 -0.000839417 -0.000430959 0.0029771 -0.0026908 0.0040765 -0.00165862 -0.000773313 -0.00195892 0.00354662 -0.00409217
internal_weight=1076 660 416 391 513 456 147 111 66 46 135 103 424 270 241 256 232 132 102 83 65 57 81 62 50 149 82 45 109 45
internal_count=1076 660 416 391 513 456 147 111 66 46 135 103 424 270 241 256 232 132 102 83 65 57 81 62 50 149 82 45 109 45
is_linear=0
shrinkage=0.05


Tree=22
num_leaves=31
num_cat=0
split_feature=11 11 30 4 5 60 59 12 71 26 13 35 43 29 12 35 54 54 9 12 17 11 9 28 19 25 38 50 71 53
split_gain=1.24782 0.275024 0.213436 0.178501 0.140378 0.118307 0.108904 0.101165 0.09688 0.0956632 0.102737 0.0915418 0.12015 0.0824521 0.0778604 0.132652 0.120956 0.0715852 0.0714114 0.0725294 0.0677863 0.0655367 0.0688503 0.0591579 0.0564493 0.0552865 0.0522505 0.0515073 0.0508482 0.0692169
threshold=0.18807169049978259 -1.2459403276443479 0.92964693903923046 0.6418898105621339 -0.39505000412464136 -1.0417510271072385 1.0000000180025095e-35 -0.019167904742062088 0.88849371671676647 1.6604486703872683 -0.25289835035800928 -1.6419345736503599 -1.0462484359741209 0.393942341208458 0.071873493492603316 -0.98939299583435047 0.42783020436763769 -0.58962711691856373 0.89997166395187389 -0.61763551831245411 -0.14509655535221097 -0.34177441895008082 -0.50612986087799061 -0.21449317038059232 -0.15232472121715543 0.28835892677307134 1.0119072794914248 -0.59873411059379567 -0.89466616511344899 -0.51301908493041981
decision_type=2 2 2 2 2 2 2 2 2 2 2 2 2 2 2 2 2 2 2 2 2 2 2 2 2 2 2 2 2 2
left_child=1 14 3 4 -2 24 -5 -4 -8 10 20 -12 -13 21 -1 -16 -17 -15 19 25 -3 28 -23 -22 -6 -7 -11 -21 -14 -30
right_child=2 9 7 6 5 18 8 -9 -10 26 11 12 13 17 15 16 -18 -19 -20 27 23 22 -24 -25 -26 -27 -28 -29 29 -31
leaf_value=-0.0049682932640684567 -0.00046631076909614278 0.0023878387504789448 -0.0039372767144370642 0.0026782068817947924 -0.0014547652437944304 0.002584804386864308 -0.0026301388669526206 0.00036718770921325837 0.0015637058531865478 -0.0051926055701915184 0.0017992152980613439 -0.003755002735182643 -0.0034425421874038874 -0.0050038500898517673 -0.0050800496487257386 0.0019455184184369587 -0.0034876183269079777 -0.0013245901982419385 0.0041698481952438934 0.0018774513905307024 0.0016748589649796487 -0.00068910396691838601 0.002791206086382132 -0.0017916171348588252 0.0021270480641925878 -7.1069738543074997e-05 -0.0015783819126954767 0.003961097933978845 0.0013460711013370506 -0.0020675298299245312
leaf_weight=63 37 35 21 26 22 43 40 39 21 20 22 50 20 20 30 21 20 39 105 44 20 30 27 32 22 36 20 91 27 33
leaf_count=63 37 35 21 26 22 43 40 39 21 20 22 50 20 20 30 21 20 39 105 44 20 30 27 32 22 36 20 91 27 33
internal_value=1.92989e-12 -0.00173144 0.00167446 0.00202113 0.00246757 0.00276661 -3.14293e-05 -0.00113937 -0.00118636 -0.00106742 -0.000806224 -0.00129086 -0.0015672 -0.00100909 -0.00368881 -0.00255349 -0.000704792 -0.0025718 0.00310185 0.00257783 0.000686664 -0.000336102 0.000959464 -0.000458357 0.000336141 0.00137453 -0.00338549 0.00328198 -0.00125919 -0.000531409
internal_weight=1076 529 547 487 400 363 87 60 61 395 355 268 246 196 134 71 41 59 319 214 87 137 57 52 44 79 40 135 80 60
internal_count=1076 529 547 487 400 363 87 60 61 395 355 268 246 196 134 71 41 59 319 214 87 137 57 52 44 79 40 135 80 60
is_linear=0
shrinkage=0.05


Tree=23
num_leaves=31
num_cat=0
split_feature=11 11 20 9 11 17 35 41 41 33 11 52 0 43 10 22 23 72 23 19 15 17 65 9 40 16 38 71 20 43
split_gain=1.12826 0.286181 0.226678 0.120446 0.11014 0.119322 0.142061 0.106477 0.11561 0.101722 0.0974517 0.0863606 0.0758682 0.0718675 0.0717584 0.0732158 0.0675664 0.0642047 0.0606376 0.0715865 0.059146 0.0767667 0.0588928 0.0557131 0.0570352 0.0556883 0.0871388 0.0556453 0.0503133 0.0509312
threshold=0.32184275984764105 -0.57908380031585682 0.90146541595458995 0.45168703794479376 -1.8476388454437254 0.092729985713958754 -0.24890643358230588 0.58569839596748363 0.068976268172264113 -0.90780916810035694 0.50910848379135143 0.22955153137445453 1.0000000180025095e-35 -0.87586700916290272 -0.96005913615226735 -0.10953738912940024 1.0747889876365664 0.016451664268970493 -0.19359923154115674 0.87958145141601574 0.23413398116827014 -0.18223574757575986 0.11282204836606981 1.0000000180025095e-35 -0.5023796260356902 -0.83752843737602223 -0.74471834301948536 -0.21103723347187039 -0.27722582221031183 0.49010947346687322
decision_type=2 2 2 2 2 2 2 2 2 2 2 2 2 2 2 2 2 2 2 2 2 2 2 2 2 2 2 2 2 2
left_child=1 4 3 13 -1 6 9 8 14 -6 -4 12 -9 -2 -3 27 23 -10 -7 22 21 -17 -20 24 -15 26 -5 -16 -27 -30
right_child=2 7 10 25 5 18 -8 11 17 -11 -12 -13 -14 16 15 20 -18 -19 19 -21 -22 -23 -24 -25 -26 28 -28 -29 29 -31
leaf_value=-0.004470422333285499 -0.0016427334817126393 -0.0032964628026266362 0.00065044345839716572 0.0031726155228997497 -0.0010367011156631634 -0.0049297462743041779 -0.003152030626753051 -0.00098824268524450335 0.00039209716159084275 0.0032694686114458217 -0.0037284290261140997 2.2215386236305623e-05 -0.0048539564943833593 0.0023921848920730468 0.0032773446801695086 0.0024222481340984816 -0.0010162242489573344 0.0036368136383437863 -0.0028295308657739636 -0.0040880575882814209 -0.0025852148849013694 -0.0017337714992463589 0.00083276803128510017 0.0029236626914623653 -0.00017247892531525831 0.0040750202106428334 -0.00025649298586358785 3.8148253224790095e-06 0.0033437619673680856 0.00051764460839331158
leaf_weight=65 20 21 27 44 32 35 38 22 31 24 24 34 30 41 21 20 23 30 23 36 37 25 21 71 46 100 32 34 44 25
leaf_count=65 20 21 27 44 32 35 38 22 31 24 24 34 30 41 21 20 23 30 23 36 37 25 21 71 46 100 32 34 44 25
internal_value=5.4333e-13 -0.00150006 0.00174755 0.00210864 -0.00267286 -0.00211381 -0.000792387 -0.000446457 0.000138974 0.0008088 -0.0014102 -0.00193726 -0.00321846 0.00120148 -0.000574836 -0.000157652 0.00151576 0.00198786 -0.00319393 -0.00243451 -0.0011043 0.000113348 -0.00108162 0.00188434 0.00103616 0.00285288 0.00172878 0.00125371 0.00335839 0.00231981
internal_weight=1076 579 497 446 274 209 94 305 219 56 51 86 52 201 158 137 181 61 115 80 82 45 44 158 87 245 76 55 169 69
internal_count=1076 579 497 446 274 209 94 305 219 56 51 86 52 201 158 137 181 61 115 80 82 45 44 158 87 245 76 55 169 69
is_linear=0
shrinkage=0.05


Tree=24
num_leaves=31
num_cat=0
split_feature=11 11 11 45 26 33 9 67 55 64 64 20 2 26 41 31 13 47 16 17 43 51 15 15 25 43 16 22 71 73
split_gain=1.01984 0.254359 0.171653 0.147116 0.106902 0.101969 0.0842794 0.0824971 0.0913678 0.0806197 0.088667 0.0977301 0.0845297 0.0837111 0.0744488 0.0731251 0.0828482 0.120722 0.0709023 0.0662725 0.102245 0.0642111 0.0626226 0.060653 0.057454 0.0572845 0.0571295 0.0557558 0.0540603 0.0542286
threshold=-0.10202245041728018 0.8449445664882661 -1.5366014242172239 1.4780659675598147 1.3600794076919558 -0.56768429279327381 0.44592414796352392 0.36666674911975866 0.3912480771541596 1.1745851635932925 -0.31525313854217524 0.523870348930359 -0.82091951370239247 -0.64497098326683033 0.58569839596748363 0.92056944966316234 -0.3893121182918548 0.15833972394466403 -0.69154837727546681 0.78065985441207897 0.087824676185846343 0.086617428809404387 0.21936403214931491 0.16100658476352694 0.1676009073853493 -0.42439518868923182 -0.040815776214003556 0.084861729294061675 0.73772427439689647 -0.011507876217365263
decision_type=2 2 2 2 2 2 2 2 2 2 2 2 2 2 2 2 2 2 2 2 2 2 2 2 2 2 2 2 2 2
left_child=2 3 23 4 5 25 7 8 24 10 11 12 13 -4 19 16 -3 -18 -8 20 22 -6 -12 26 -7 -2 -1 -25 29 -20
right_child=1 15 9 -5 21 6 18 -9 -10 -11 14 -13 -14 -15 -16 -17 17 -19 28 -21 -22 -23 -24 27 -26 -27 -28 -29 -30 -31
leaf_value=-0.0041383037512952633 -0.0030255756023424597 0.0034541858934216026 -0.00086603896623408359 -0.0029015217469229053 0.00027767186375885188 0.0017437115631764755 -4.7601416493610793e-05 -0.00047179221437545495 0.0034730820862976203 -0.0032922633813501781 0.0013307739969604883 -0.0045724561909647214 0.00030887650497283582 -0.005075152140454434 -0.0025161012938920541 0.00031146763852148347 -0.0010548436339816144 0.0034332268908216185 0.0026924223104930101 -0.001239209196323322 0.0037353563438115925 -0.0035876736786338462 -0.002134568752212958 -0.0062860946423218891 -0.0011792667001357367 0.00067174372728914019 -0.00053497426931492314 -0.0031226387901160009 0.0010382043718848201 0.0057600357607007031
leaf_weight=22 22 154 27 30 22 40 21 80 42 46 32 29 45 21 29 33 29 31 34 45 26 21 22 30 29 20 22 26 21 25
leaf_count=22 22 154 27 30 22 40 21 80 42 46 32 29 45 21 29 33 29 31 34 45 26 21 22 30 29 20 22 26 21 25
internal_value=-1.00961e-11 0.00123651 -0.0019163 0.000468344 0.000736503 0.0010386 0.00136994 0.000752229 0.00163441 -0.00135433 -0.00103134 -0.00203822 -0.00124798 -0.00270753 -0.000233687 0.00250228 0.00284011 0.00126399 0.00253808 0.000295833 0.00115929 -0.00161006 -8.10323e-05 -0.00372584 0.000515213 -0.00126495 -0.00233664 -0.00481735 0.00321682 0.00399226
internal_weight=1076 654 422 407 377 334 292 191 111 322 276 122 93 48 154 247 214 60 101 125 80 43 54 100 69 42 44 56 80 59
internal_count=1076 654 422 407 377 334 292 191 111 322 276 122 93 48 154 247 214 60 101 125 80 43 54 100 69 42 44 56 80 59
is_linear=0
shrinkage=0.05


Tree=25
num_leaves=31
num_cat=0
split_feature=11 11 28 72 4 28 56 13 13 46 70 10 34 40 51 1 51 35 72 1 15 49 66 15 21 62 36 38 35 51
split_gain=0.922731 0.207413 0.174969 0.116375 0.0957772 0.0944495 0.10752 0.100041 0.0921656 0.102773 0.0899955 0.0767037 0.0752812 0.0850151 0.073627 0.0733461 0.0678521 0.0624402 0.0652059 0.0608473 0.0604113 0.0567142 0.0766925 0.0547393 0.0567063 0.0544429 0.0469812 0.0434723 0.0413954 0.0406967
threshold=0.18807169049978259 -1.5366014242172239 1.0272986292839053 -1.271716237068176 0.59941068291664135 0.64869150519371044 0.026824555359780792 -0.21621277928352353 -0.39189901947975153 -0.051602851599454873 -0.16615697741508481 0.81616562604904186 1.8908958435058596 -0.043427303433418267 -0.38707792758941645 -0.67852401733398426 -0.40106129646301264 1.2384481430053713 0.95324134826660167 -0.97735202312469471 0.17177501320838931 0.063409259542822852 -0.083683602511882768 0.16100658476352694 -1.2748844623565672 -0.17231871932744977 1.1712555885314944 -0.34539990127086634 0.90398773550987255 0.16317143291234973
decision_type=2 2 2 2 2 2 2 2 2 2 2 2 2 2 2 2 2 2 2 2 2 2 2 2 2 2 2 2 2 2
left_child=1 23 3 -2 8 6 15 -8 17 14 -9 -4 13 -7 -10 20 19 18 29 -12 -3 -6 -23 24 -1 -16 28 -17 -15 -5
right_child=2 5 11 4 21 12 7 10 9 -11 16 -13 -14 26 25 27 -18 -19 -20 -21 -22 22 -24 -25 -26 -27 -28 -29 -30 -31
leaf_value=-0.0038583905455501135 -0.0014523566196051737 -0.0016364714577370748 -0.00306826693621198 0.0027937957599600098 0.0024967794267771147 -3.6266823493254681e-05 0.0025941731724649286 -0.0028611732620952863 -0.0012226684455526994 0.0038219373489758283 0.0036754450101094942 0.00066680192475258903 0.00060519038788264714 -0.0017655668646755923 0.0026771842244650342 0.0012669031689492168 -0.0012475635171202678 0.00026217992359306663 0.0011596739461476153 0.00016626628038162987 -0.0046880951697897653 0.0011028916232847935 -0.0024405816516194206 -0.0045764799096754622 -0.00025350674870423974 0.00018923469446193385 -0.0053361463942565024 -0.0013046420492520113 -0.0044954270224219989 0.004350650206351718
leaf_weight=24 27 55 28 82 24 24 39 27 36 33 21 27 21 41 45 27 35 20 33 30 23 37 26 56 20 43 23 42 21 86
leaf_count=24 27 55 28 82 24 24 39 27 36 33 21 27 21 41 45 27 35 20 33 30 23 37 26 56 20 43 23 42 21 86
internal_value=3.30157e-12 -0.00148891 0.00143991 0.0017389 0.0019242 -0.0010109 -0.000521712 0.000410715 0.00226846 0.00134215 -0.000342868 -0.00123469 -0.00213604 -0.00266416 0.000682212 -0.00148586 0.000447763 0.00292652 0.00319162 0.00161122 -0.00253631 0.000428443 -0.000359494 -0.00353954 -0.00221981 0.00146148 -0.00340616 -0.000298385 -0.0026902 0.00359076
internal_weight=1076 529 547 492 465 429 299 152 378 157 113 55 130 109 124 147 86 221 201 51 78 87 63 100 44 88 85 69 62 168
internal_count=1076 529 547 492 465 429 299 152 378 157 113 55 130 109 124 147 86 221 201 51 78 87 63 100 44 88 85 69 62 168
is_linear=0
shrinkage=0.05


Tree=26
num_leaves=31
num_cat=0
split_feature=11 28 56 11 10 15 52 12 73 36 5 70 0 27 33 60 70 15 29 54 60 63 12 49 39 63 27 52 33 12
split_gain=0.838669 0.212204 0.170027 0.138702 0.115066 0.101699 0.0842198 0.0841741 0.0938361 0.104253 0.0771555 0.0791479 0.0694006 0.0698163 0.0741612 0.0617428 0.0748664 0.0643941 0.060153 0.05959 0.058407 0.0563172 0.0549063 0.0541118 0.0526481 0.0517897 0.0558096 0.048713 0.0485573 0.0469884
threshold=-0.10202245041728018 0.70487713813781749 0.91117608547210704 -1.8476388454437254 -0.83344888687133778 0.95984068512916576 0.17952302098274234 -0.8794032335281371 -1.2716102004051206 1.254086494445801 0.86199924349784862 0.1851000785827637 -0.60506513714790333 -0.056071978062391274 0.76966947317123424 0.18135215342044833 1.1391510367393496 0.12795419991016391 0.53921750187873851 0.35115045309066778 -1.2028020620346067 -0.51246976852416981 1.0048831701278689 0.19736467301845553 -0.52995753288269032 1.1692279577255251 -0.46787932515144343 -0.28273370862007136 0.31993491947650915 0.095819678157567992
decision_type=2 2 2 2 2 2 2 2 2 2 2 2 2 2 2 2 2 2 2 2 2 2 2 2 2 2 2 2 2 2
left_child=3 4 6 29 28 10 27 21 -9 15 11 12 -6 19 -15 20 17 -17 -8 -14 -10 -5 -19 -7 -13 26 -22 -3 -2 -1
right_child=1 2 -4 7 5 23 18 8 9 -11 -12 24 13 14 -16 16 -18 22 -20 -21 25 -23 -24 -25 -26 -27 -28 -29 -30 -31
leaf_value=-0.0052273324967245577 -0.0018095535224454257 -0.0017356339402613231 0.0028395450916529324 -0.001935065292621939 0.0025763915625649919 0.0013500369933899493 -0.0021578566697628603 0.001183995680185035 0.00061926775656285745 -0.0038601185149875366 0.0029086955671357973 0.0045459487200714644 -0.0032075381679037077 0.0020268382033672887 -0.0011622493567231757 0.00235039010312903 -0.0027521349711432347 -0.0018916692137524176 0.001543417661118188 0.00051612137883369415 -0.0048361989418761091 -0.0051466864090235461 0.0013969285416268659 -0.0022060401322644041 0.0019699344423012616 -0.00035423610545694831 -0.0018886062724483227 -0.0051451353139286352 0.0012483911344870217 -0.0025383360020703443
leaf_weight=32 34 20 24 39 43 20 23 42 21 36 152 25 22 61 26 32 21 30 21 21 26 21 22 23 96 25 42 22 21 33
leaf_count=32 34 20 24 39 43 20 23 42 21 36 152 25 22 61 26 32 21 30 21 21 26 21 22 23 96 25 42 22 21 33
internal_value=-2.88503e-12 0.00112131 -0.000881596 -0.00173777 0.00152631 0.00177019 -0.00192005 -0.00135098 -0.00100589 -0.00136658 0.00199408 0.00152122 0.000835123 0.000259164 0.00107378 -0.000956685 -8.19048e-05 0.000585653 -0.000391339 -0.00138901 -0.0017624 -0.00305913 -0.000500339 -0.000552051 0.00250217 -0.0023002 -0.00301563 -0.00352156 -0.000641975 -0.00386215
internal_weight=1076 654 110 422 544 489 86 357 297 255 446 294 173 130 87 219 105 84 44 43 114 60 52 43 121 93 68 42 55 65
internal_count=1076 654 110 422 544 489 86 357 297 255 446 294 173 130 87 219 105 84 44 43 114 60 52 43 121 93 68 42 55 65
is_linear=0
shrinkage=0.05


Tree=27
num_leaves=31
num_cat=0
split_feature=11 11 20 29 69 11 37 29 27 19 63 11 66 27 15 73 68 9 52 2 71 52 43 51 38 26 31 64 62 44
split_gain=0.760033 0.20201 0.170241 0.0971303 0.0952222 0.0971704 0.0851608 0.0816549 0.0754544 0.0853339 0.0841339 0.0745874 0.073644 0.0834819 0.0762642 0.0697191 0.0651346 0.0768796 0.0607324 0.0598168 0.0505285 0.0648699 0.0502205 0.0750493 0.0461833 0.0923625 0.0551152 0.0425359 0.0419271 0.0411618
threshold=0.32184275984764105 -0.57908380031585682 0.90146541595458995 0.62364962697029125 1.3221292495727541 -2.4643311500549312 -0.75968700647354115 1.2428946495056155 -0.56131422519683827 -1.1875353455543516 0.85801801085472118 1.2820724844932558 0.67894500494003307 -1.2924441695213316 0.3217980563640595 -0.71467790007591236 1.3024372458457949 1.0000000180025095e-35 -0.78306803107261647 0.40131761133670812 -0.85661464929580677 0.53097692131996166 -0.28138436377048487 -0.21064162999391553 0.21094350516796115 0.023804816417396072 0.33163242042064672 -0.16041640937328336 0.53171131014823925 -0.60069873929023732
decision_type=2 2 2 2 2 2 2 2 2 2 2 2 2 2 2 2 2 2 2 2 2 2 2 2 2 2 2 2 2 2
left_child=1 4 6 -4 5 -1 -2 8 9 -3 22 16 15 -14 -15 18 17 19 -7 -8 -19 24 23 -10 25 26 -22 -11 -29 -28
right_child=2 7 3 -5 -6 12 11 -9 10 27 -12 -13 13 14 -16 -17 -18 20 -20 -21 21 -23 -24 -25 -26 -27 29 28 -30 -31
leaf_value=-0.0056021483291102498 -0.0010880339208524674 0.0014042160266729876 -0.0033595056402393516 0.0010121409127653656 0.00079182174279897799 -0.003565490414344129 -0.00040324033557057938 -0.0030259194537603229 -0.002243625799841855 -0.0039273133794979556 -0.001318261003815474 0.0040596021221308799 -0.0032500684544599307 0.0015469170403187439 -0.0020124591162635221 -0.0038189446849476861 -0.00041475706578542786 0.0045322176670500392 -8.2989342908765525e-05 0.0022065425543366254 0.0008996021061660666 0.003497868892736733 0.0019227479524465418 0.0013575379187479998 0.003821803771314167 -0.0017580965683529422 0.0042963420167356605 0.00034131048735053769 -0.0027487742235003366 0.0016323477158258701
leaf_weight=23 25 22 27 24 24 21 54 26 23 23 49 37 30 34 27 84 33 24 31 37 73 63 79 39 21 21 29 21 23 29
leaf_count=23 25 22 27 24 24 21 54 26 23 23 49 37 30 34 27 84 33 24 31 37 73 63 79 39 21 21 29 21 23 29
internal_value=-4.84669e-13 -0.00123117 0.0014343 -0.00130226 -0.00221653 -0.00250533 0.00174723 -0.00034597 -9.62253e-05 -0.00129764 0.000466541 0.00191559 -0.00219155 -0.00109059 -2.85445e-05 -0.00292823 0.00170901 0.00190868 -0.00148938 0.00065788 0.00234646 0.00212418 0.00108679 2.16223e-05 0.00162394 0.00132028 0.00181376 -0.00218481 -0.00127396 0.00296434
internal_weight=1076 579 497 51 274 250 446 305 279 89 190 421 227 91 61 136 384 351 52 91 260 236 141 62 173 152 131 67 44 58
internal_count=1076 579 497 51 274 250 446 305 279 89 190 421 227 91 61 136 384 351 52 91 260 236 141 62 173 152 131 67 44 58
is_linear=0
shrinkage=0.05


Tree=28
num_leaves=31
num_cat=0
split_feature=11 11 20 41 64 9 13 70 31 41 12 28 33 35 37 32 46 11 18 28 12 56 67 8 41 62 9 26 36 31
split_gain=0.68593 0.182493 0.153642 0.0870303 0.0857384 0.08088 0.0787043 0.0758965 0.0952005 0.071479 0.0896804 0.0937263 0.0911365 0.0677525 0.0672986 0.0643477 0.065799 0.0634539 0.0761427 0.0591427 0.0635685 0.0581044 0.0571792 0.0558242 0.0805696 0.0537523 0.0533992 0.0518313 0.0662362 0.0612486
threshold=0.32184275984764105 -1.0753667950630186 0.90146541595458995 0.66260194778442394 0.43758811056613928 -0.95183894038200367 -0.43861649930477137 0.21824835985898974 0.78660094738006603 0.095921061933040633 -0.43899776041507715 0.64869150519371044 -0.70371136069297779 -0.27117091417312617 1.3715006709098818 -0.58787831664085377 -0.19525610655546186 1.1856775283813479 -0.83061727881431568 0.76316684484481823 0.10749241337180139 0.17463040351867679 0.48739413917064672 -0.16871037334203717 0.68838840723037731 -0.13008680194616315 -0.06981718540191649 -0.47756373882293696 -0.59760499000549305 0.33163242042064672
decision_type=2 2 2 2 2 2 2 2 2 2 2 2 2 2 2 2 2 2 2 2 2 2 2 2 2 2 2 2 2 2
left_child=1 5 6 9 -4 22 14 8 -5 10 15 12 -12 -14 23 -3 -17 18 -8 20 -7 -11 -1 27 -25 -20 -27 28 29 -2
right_child=2 3 4 7 -6 19 17 -9 -10 21 11 -13 13 -15 -16 16 -18 -19 25 -21 -22 -23 -24 24 -26 26 -28 -29 -30 -31
leaf_value=-0.0043537496534003309 0.0015963290971492163 -0.00014250414583329984 0.00093730001196187611 -0.0049294388207096248 -0.0031699891779916711 -0.0019898303818923456 -0.0014837856911047286 5.3004368744564786e-06 -0.0010416370161692612 -0.0004148992332997487 -0.0016722744293510916 -0.0017371031884977129 0.0036564975519043706 0.00060228062402925195 -0.00022211157215329316 -0.0050061193193592464 -0.0015223227645919631 0.0034886862291023135 0.0022990626726686111 -0.0033937487906465927 0.0016308963230006737 0.0022271655278492965 -0.0014587524893653135 -0.00029810549836052028 0.0036408137762919072 -0.001397016319873122 0.0014592432801792813 0.0037263434391806498 0.00032704152208420316 0.0047757435556767249
leaf_weight=66 33 32 24 31 27 27 37 33 32 38 25 48 30 46 26 23 33 20 53 24 22 46 23 37 20 30 36 91 35 28
leaf_count=66 33 32 24 31 27 27 37 33 32 38 25 48 30 46 26 23 33 20 53 24 22 46 23 37 20 30 36 91 35 28
internal_value=3.69884e-13 -0.00116961 0.00136259 -0.000616336 -0.00123715 -0.00259379 0.00165987 -0.00193719 -0.00295468 -0.000221315 -0.000665508 8.19599e-05 0.000946465 0.00180789 0.00219613 -0.00193111 -0.00295317 0.000837195 0.00049726 -0.00136021 -0.000364198 0.00103195 -0.0036056 0.00245381 0.00108397 0.00111322 0.000160943 0.00287136 0.0020609 0.00305573
internal_weight=1076 579 497 417 51 162 446 96 63 321 237 149 101 76 270 88 56 176 156 73 49 84 89 244 57 119 66 187 96 61
internal_count=1076 579 497 417 51 162 446 96 63 321 237 149 101 76 270 88 56 176 156 73 49 84 89 244 57 119 66 187 96 61
is_linear=0
shrinkage=0.05


Tree=29
num_leaves=31
num_cat=0
split_feature=11 28 56 10 25 33 37 15 23 12 17 64 36 51 4 75 15 12 56 22 5 53 11 29 56 67 27 75 55 21
split_gain=0.621191 0.165672 0.139548 0.113697 0.0978977 0.102406 0.0863738 0.0854909 0.120602 0.11476 0.107801 0.0893757 0.0847509 0.0811658 0.0890366 0.0804308 0.086343 0.0775291 0.0697684 0.0688379 0.064966 0.0648463 0.0638587 0.0553787 0.0515042 0.0504269 0.0420514 0.0398023 0.0396853 0.0392125
threshold=-0.10202245041728018 0.70487713813781749 0.91117608547210704 -1.4342226386070249 0.26599200069904333 -0.85381051898002613 -1.9552726149559019 0.14881779253482821 -1.06737744808197 0.88870644569396984 0.11512701585888864 -0.20162086933851239 0.044505171477794654 -0.39388997852802271 0.35334253311157232 1.0000000180025095e-35 0.3133810311555863 -0.41086497902870173 0.80780598521232616 0.28249423205852514 0.1736642122268677 0.39161515235900884 0.69208475947380077 -1.0817580223083494 -0.2044643238186836 0.17471136897802356 0.23273757100105288 1.0000000180025095e-35 0.64512044191360485 -0.088270384818315492
decision_type=2 2 2 2 2 2 2 2 2 2 2 2 2 2 2 2 2 2 2 2 2 2 2 2 2 2 2 2 2 2
left_child=3 4 15 -1 5 -2 -5 8 23 -9 29 -12 -11 20 18 16 -3 22 24 28 -6 -19 -7 -8 -15 -14 -26 -13 -16 -10
right_child=1 2 -4 6 13 17 7 9 10 12 11 27 25 14 19 -17 -18 21 -20 -21 -22 -23 -24 -25 26 -27 -28 -29 -30 -31
leaf_value=-0.0047660719342529773 -0.0013748395047150554 -0.00092324191721639159 0.0025664561340818185 -0.0039669464408819168 -0.0033275260828668253 -0.00019203763979021461 -0.00085412409068245834 -0.0029333207406480578 0.0034405439626425506 0.0021547327356054905 -0.0024317222804376417 0.0023155948815300415 -0.0032387227675391601 0.0013395970398006486 -0.00064341321752484266 0.00024085142367766821 -0.0049219213873449782 0.0041021007909545337 -0.00070493737235665331 -0.0022989239493784097 0.00032759937908380263 0.0016405074584593133 0.0023123265556725006 -0.0040653368961066005 0.00144638821393961 -0.00010370483344966739 0.0042094186017493486 -0.00059514461026992653 0.002203059443330858 0.00058235156524460757
leaf_weight=25 20 27 24 28 20 40 29 105 30 23 38 23 23 82 24 32 27 77 25 28 31 41 70 25 21 29 40 24 25 20
leaf_count=25 20 27 24 28 20 40 29 105 30 23 38 23 23 82 24 32 27 77 25 28 31 41 70 25 21 29 40 24 25 20
internal_value=-2.6896e-12 0.000965037 -0.000804702 -0.00149558 0.00132289 0.00205567 -0.00128963 -0.00108647 -0.000343756 -0.00186632 0.00045506 -0.000628591 -0.000372523 0.000708933 0.00108669 -0.00174549 -0.00292258 0.0023566 0.00173199 -0.000321238 -0.00110578 0.0032468 0.00140165 -0.0023408 0.00215803 -0.00149035 0.00325821 0.00082926 0.000808869 0.00229727
internal_weight=1076 654 110 422 544 248 397 369 189 180 135 85 75 296 245 86 54 228 168 77 51 118 110 54 143 52 61 47 49 50
internal_count=1076 654 110 422 544 248 397 369 189 180 135 85 75 296 245 86 54 228 168 77 51 118 110 54 143 52 61 47 49 50
is_linear=0
shrinkage=0.05


Tree=30
num_leaves=31
num_cat=0
split_feature=11 20 11 39 13 41 12 52 25 43 8 41 63 43 23 70 26 9 26 31 72 54 45 58 51 32 24 54 39 56
split_gain=0.560767 0.134894 0.124889 0.102659 0.0822116 0.0760478 0.0997682 0.110591 0.096754 0.0739857 0.0673231 0.0713003 0.0671028 0.0647622 0.074583 0.0646956 0.0587148 0.0677324 0.0528593 0.0619048 0.0617003 0.0515002 0.0556768 0.0457807 0.0454558 0.0604314 0.0819507 0.0442878 0.0431993 0.0645733
threshold=0.070414658635854735 1.2531556487083437 -1.5366014242172239 1.5237715840339663 0.76364088058471691 0.58569839596748363 -0.45538747310638422 1.3575077056884768 -0.54591131210327137 -0.62364977598190297 -0.54930958151817311 -0.73128458857536305 0.46032911539077764 -0.62364977598190297 1.114817261695862 -0.15643370151519773 1.3871991634368899 -0.50612986087799061 0.60968634486198436 1.2079256772994997 -0.20506568253040311 -0.50939413905143727 0.40197908878326422 -0.58969959616661061 0.16317143291234973 -0.032170382328331464 -0.58777201175689686 -0.71523267030715931 -0.92716276645660389 -0.2044643238186836
decision_type=2 2 2 2 2 2 2 2 2 2 2 2 2 2 2 2 2 2 2 2 2 2 2 2 2 2 2 2 2 2
left_child=2 3 28 4 10 6 -4 8 15 -10 24 -12 -3 -13 18 -8 17 -7 19 20 23 -11 -23 -15 25 26 -2 -26 -1 -30
right_child=1 12 5 -5 -6 16 7 -9 9 21 11 13 -14 14 -16 -17 -18 -19 -20 -21 -22 22 -24 -25 27 -27 -28 -29 29 -31
leaf_value=-0.0047833796675232328 0.0019943140620574812 0.00046400353196077051 -0.0018166714968780679 -0.0019422518448360888 -0.0017409620081889445 -0.0028182941514791715 -1.3573712203651668e-06 -0.0030652068312823151 -0.0020632309721182345 -0.0012761468654153524 0.0037271906328185099 -0.001213730027580716 -0.003495999592680322 0.0012569658815534371 -0.00121669042428645 0.0035454295133402211 -0.0044728235474654609 0.00053079049102962024 0.0030121164315185227 -0.0014917839584606034 0.00060115172822766553 0.002297367773523244 -0.0008732391177909449 0.0040914270810076389 0.0013209764069567124 0.0038836434362019647 -0.0014785861193488997 0.0035897839028812568 -0.0040944125666283072 -0.0011373368897087252
leaf_weight=22 49 20 96 24 20 36 20 24 38 27 23 34 23 28 30 36 21 26 43 21 91 45 20 29 30 20 26 76 30 48
leaf_count=22 49 20 96 24 20 36 20 24 38 27 23 34 23 28 30 36 21 26 43 21 91 45 20 29 30 20 26 76 30 48
internal_value=-4.041e-12 0.00104181 -0.0012506 0.00125491 0.00140248 -0.000845466 -0.00048137 0.000129054 0.000541217 -0.000207246 0.00152821 0.00105252 -0.00165414 0.000829628 0.00111671 0.00227872 -0.0021878 -0.00141384 0.00144691 0.00104866 0.00140913 0.000559357 0.0013218 0.00269906 0.00223584 0.00144159 0.000790375 0.00294767 -0.00282659 -0.00227467
internal_weight=1076 587 489 544 520 389 306 210 186 130 500 299 43 276 242 56 83 62 212 169 148 92 65 57 201 95 75 106 100 78
internal_count=1076 587 489 544 520 389 306 210 186 130 500 299 43 276 242 56 83 62 212 169 148 92 65 57 201 95 75 106 100 78
is_linear=0
shrinkage=0.05


Tree=31
num_leaves=31
num_cat=0
split_feature=11 9 24 36 12 28 61 33 61 12 14 27 64 68 52 10 21 14 9 74 68 27 12 61 7 25 28 51 12 37
split_gain=0.514916 0.173338 0.110147 0.100677 0.0872272 0.0793607 0.0791905 0.0732714 0.0713413 0.0702387 0.12517 0.0674593 0.0598841 0.0576501 0.0513252 0.0505967 0.0541342 0.0527438 0.048419 0.0657605 0.0476798 0.0582845 0.0640799 0.0552089 0.0497 0.0533583 0.0450406 0.0441857 0.0421929 0.0384691
threshold=-0.34816627204418177 1.0000000180025095e-35 0.95595151185989391 0.13412013649940493 -0.80153030157089222 0.63734906911849987 0.16484382003545764 -0.56768429279327381 -0.22424822300672528 1.3597047328948977 -0.18048124015331266 -0.43031656742095942 0.65514516830444347 1.1634775400161745 0.26742620766162878 -1.0743134617805479 0.067251343280076994 0.168760821223259 -0.60540169477462757 -0.39731584489345545 -0.12653109803795812 -0.010823538992553948 0.034179495647549636 -0.21043252944946286 0.8076331913471223 0.62634614109992992 -0.44769367575645441 0.037440689280629165 -0.64933982491493214 0.027292200364172462
decision_type=2 2 2 2 2 2 2 2 2 2 2 2 2 2 2 2 2 2 2 2 2 2 2 2 2 2 2 2 2 2
left_child=4 3 7 15 -1 9 -5 11 -4 10 26 -3 -10 20 -8 -2 28 -18 19 -12 24 23 27 -22 25 -9 -6 -23 -17 -7
right_child=1 2 8 6 5 29 14 13 12 -11 18 -13 -14 -15 -16 16 17 -19 -20 -21 21 22 -24 -25 -26 -27 -28 -29 -30 -31
leaf_value=-0.0033467203851849322 -0.0017638839943253477 -0.0024186214851215481 0.0020643386041047053 0.00056266096615863431 -0.00076512557705147915 -0.0015547499750336669 -0.0035673524286158639 0.0015348112195624709 0.0002472075544154415 0.0020849335894343401 -0.00088873173595997159 0.0015936400667256254 -0.0031463419105141211 2.875399242495061e-05 -0.00074066143268002916 -4.5617271098308265e-05 0.00091347898622708666 -0.001426184029939274 -0.00023849017112903916 -0.0041032152846682728 0.0024154813997447492 0.0015843355612430192 0.00042952341165418103 0.0056762836515662019 0.0025351956275271197 -0.0011156404886774167 0.0020174969615640516 0.0042848088521030593 0.0027144859024944407 -0.0036087454482913021
leaf_weight=62 23 20 20 31 26 53 42 64 26 21 26 22 26 37 26 20 63 39 24 41 25 28 38 27 68 27 33 33 45 40
leaf_count=62 23 20 20 31 26 53 42 64 26 21 26 22 26 37 26 20 63 39 24 41 25 28 38 27 68 27 33 33 45 40
internal_value=-1.31116e-12 0.000721124 0.00132297 -0.000238911 -0.00165903 -0.00126268 -0.00153175 0.00165547 -0.000473482 -0.000623362 -0.00100252 -0.000316961 -0.00144957 0.00189421 -0.00248656 0.000434727 0.00073753 1.8902e-05 -0.00216552 -0.0028558 0.00211686 0.00275317 0.00204123 0.00410859 0.00151257 0.000748413 0.000791257 0.00304525 0.00186522 -0.00243819
internal_weight=1076 750 461 289 326 264 99 389 72 171 150 42 52 347 68 190 167 102 91 67 310 151 99 52 159 91 59 61 65 93
internal_count=1076 750 461 289 326 264 99 389 72 171 150 42 52 347 68 190 167 102 91 67 310 151 99 52 159 91 59 61 65 93
is_linear=0
shrinkage=0.05


Tree=32
num_leaves=31
num_cat=0
split_feature=11 11 45 12 28 12 37 27 62 48 49 72 13 42 28 62 64 28 22 9 52 25 75 71 25 25 30 63 55 11
split_gain=0.464711 0.157253 0.0859447 0.0787226 0.071623 0.0633904 0.0618485 0.0785481 0.0611115 0.0728296 0.0643606 0.066742 0.0660736 0.0723905 0.0613693 0.0610718 0.0595597 0.0942237 0.0604731 0.0513738 0.0504253 0.0445625 0.0537935 0.0414488 0.0411578 0.040521 0.040103 0.0391017 0.0546457 0.0381849
threshold=-0.34816627204418177 0.71849864721298229 1.4780659675598147 -0.80153030157089222 0.63734906911849987 1.3597047328948977 -1.645521283149719 -0.65500447154045094 -0.57477781176567067 -0.38535729050636286 0.9963151514530183 1.3688404560089114 -0.061615483835339539 0.60747084021568309 0.64869150519371044 -0.99646031856536854 0.40622696280479437 0.2664549201726914 -0.42381921410560602 0.03954203054308892 -0.14298927038908002 0.099181376397609725 1.0000000180025095e-35 0.19915800541639331 0.17555347084999087 0.010624463669955732 -0.16930290311574933 0.084738191217184081 0.54610237479209911 -0.56049993634223927
decision_type=2 2 2 2 2 2 2 2 2 2 2 2 2 2 2 2 2 2 2 2 2 2 2 2 2 2 2 2 2 2
left_child=3 2 8 -1 5 6 -5 -8 9 15 11 12 13 23 -12 -2 18 21 19 -3 -14 -18 -23 25 -22 -10 -20 -25 -29 -6
right_child=1 16 -4 4 29 -7 7 -9 10 -11 14 -13 20 -15 -16 -17 17 -19 26 -21 24 22 -24 27 -26 -27 -28 28 -30 -31
leaf_value=-0.0031793843729481584 -0.0041603083193132821 -0.00094001037955638916 -0.0024579849420866421 -0.0034013620567169382 -0.0028634436929779543 0.0019806869372370698 0.0017071634216699752 -0.0012167805679364021 0.0020365096528881361 0.00066373024164931857 0.00072463196362756825 -0.0012609190899638635 -0.0012923684347277652 -0.00026211241692570707 -0.0028150792997330429 -0.00054822367860469969 0.0031246732493552072 -0.0024411657991419947 0.0040695817041624758 0.0017712404264155061 0.0026967735601250422 -0.0012797550338765852 0.0019836943253592055 0.0032911142519548194 -0.00043719241017242899 0.004777714708605065 0.0019213202165528423 -0.0011870171137464544 0.002138527826561282 -0.0004402877452472846
leaf_weight=62 22 21 31 22 72 21 30 98 28 40 24 32 39 35 25 25 24 21 45 104 22 23 28 22 20 26 42 21 30 21
leaf_count=62 22 21 31 22 72 21 30 98 28 40 24 32 39 35 25 25 24 21 45 104 22 23 28 22 20 26 42 21 30 21
internal_value=-4.73411e-12 0.000685068 8.06986e-05 -0.00157608 -0.00119954 -0.000592194 -0.000952397 -0.000531481 0.000272181 -0.000904404 0.000588116 0.000885583 0.00116825 0.00175125 -0.00108134 -0.00223899 0.00155238 0.000519133 0.00202026 0.00131575 2.2568e-06 0.00134802 0.000511943 0.00230611 0.00120441 0.00335635 0.00303249 0.00152922 0.000769186 -0.00231628
internal_weight=1076 750 442 326 264 171 150 128 411 87 324 275 243 162 49 47 308 96 212 125 81 75 51 127 42 54 87 73 51 93
internal_count=1076 750 442 326 264 171 150 128 411 87 324 275 243 162 49 47 308 96 212 125 81 75 51 127 42 54 87 73 51 93
is_linear=0
shrinkage=0.05


Tree=33
num_leaves=31
num_cat=0
split_feature=11 9 28 43 52 20 23 9 31 9 25 23 48 16 37 38 33 37 23 66 31 19 5 60 72 21 43 8 40 62
split_gain=0.419402 0.144893 0.0965379 0.0909328 0.0866816 0.0802471 0.0766224 0.0938223 0.0777833 0.0685845 0.0671133 0.0706689 0.0766432 0.0654887 0.0636201 0.0526568 0.0522739 0.0488713 0.0485326 0.0480217 0.0471991 0.0480001 0.0531354 0.0523537 0.0390269 0.0378453 0.0379712 0.0364577 0.0353514 0.0350937
threshold=-0.34816627204418177 0.43452139198780065 1.0272986292839053 -0.89378064870834339 0.240753248333931 1.1058704853057864 -1.3487192392349241 -1.2759895920753477 -1.730296730995178 -0.5672420561313628 -0.41426037251949305 -0.031024850904941555 0.36455304920673376 -0.85119760036468495 0.43327210843563085 -0.75525513291358937 -0.56768429279327381 -0.23392542451620099 -0.70918455719947804 -0.3377514779567718 1.1040881872177126 0.33998773992061621 0.50328621268272411 -0.5206196904182433 -0.39217065274715418 0.55264568328857433 0.19844229519367221 -0.60305461287498463 -0.65011993050575245 0.31406159698963171
decision_type=2 2 2 2 2 2 2 2 2 2 2 2 2 2 2 2 2 2 2 2 2 2 2 2 2 2 2 2 2 2
left_child=6 2 3 19 -4 13 27 -8 -9 -5 11 12 -10 14 15 -3 -15 -18 -11 -2 21 23 -23 -20 28 26 -26 -1 -19 -12
right_child=1 5 4 9 -6 -7 7 8 10 18 29 -13 -14 16 -16 -17 17 24 20 -21 -22 22 -24 -25 25 -27 -28 -29 -30 -31
leaf_value=-0.0020824109153771723 0.00023516893852502108 0.00083571018908044394 -0.0037723975850204971 -0.0004519357517103225 -9.9237224316715985e-05 -0.00069752204148337631 -0.0025300622481331742 -0.0032108695641079031 0.0018859752436401322 0.0034134399484504357 -0.0020921939705108661 0.002610492618488414 -0.0023049759106167282 7.2599979690634282e-05 0.0024026758234997813 -0.0024082250628535721 0.0041207757267531838 0.0019800170976668596 0.00027389873750507829 -0.0028192901878707835 -0.00096240675609026631 -0.0014649881314003975 0.0017411274825766061 0.0026260217654914281 0.0031841547925395364 -0.00012175117153674365 0.0009777760958875148 -0.0045540743323508655 0.0047281702049076562 8.1696289566320349e-06
leaf_weight=37 22 29 29 91 36 39 82 23 20 22 43 35 24 26 28 22 36 25 35 31 28 28 24 73 39 26 39 25 22 37
leaf_count=37 22 29 29 91 36 39 82 23 20 22 43 35 24 26 28 22 36 25 35 31 28 28 24 73 39 26 39 25 22 37
internal_value=-3.07808e-12 0.000650815 3.31246e-05 0.000358337 -0.00173803 0.00143272 -0.00149727 -0.00112579 -0.000493103 0.000694603 -9.99669e-05 0.000933764 -0.000399998 0.00171724 0.000487716 -0.000563634 0.00217327 0.00246534 0.00119144 -0.0015514 0.000931415 0.00126283 1.47575e-05 0.00186376 0.00207066 0.00153029 0.00208097 -0.00307905 0.00326639 -0.00112078
internal_weight=1076 750 419 354 65 331 326 264 182 301 159 79 44 292 79 51 213 187 210 53 188 160 52 108 151 104 78 62 47 80
internal_count=1076 750 419 354 65 331 326 264 182 301 159 79 44 292 79 51 213 187 210 53 188 160 52 108 151 104 78 62 47 80
is_linear=0
shrinkage=0.05


Tree=34
num_leaves=31
num_cat=0
split_feature=11 11 39 69 11 69 27 26 37 39 17 20 47 45 26 12 46 51 60 30 42 25 71 69 9 49 35 66 46 8
split_gain=0.379425 0.148215 0.0852666 0.0703059 0.0706469 0.0669187 0.101941 0.0665052 0.0810221 0.0852979 0.0673127 0.0760547 0.06713 0.0654116 0.0765997 0.064104 0.0600038 0.0748715 0.0549208 0.0540011 0.0656999 0.0531222 0.0486469 0.0482916 0.0461996 0.0452868 0.0415626 0.0436814 0.0459806 0.0389774
threshold=-0.57908380031585682 0.8449445664882661 1.5433806777000429 1.3221292495727541 -2.4643311500549312 -1.1666372418403623 -0.94424784183502186 1.3201712369918825 -0.75263229012489308 -1.4017884135246275 0.079765629023313536 1.6379464268684389 1.3890718817710879 -0.217909000813961 0.023804816417396072 0.77613118290901195 -0.044141657650470727 0.013940001837909223 -0.74563980102539051 -0.22309292852878568 -0.24634999036788938 0.1566172391176224 0.13725487887859347 -0.70689034461975087 0.62324595451354992 -0.092942722141742692 -0.31628158688545221 0.066447701305151 0.37412217259407049 -0.10471694171428679
decision_type=2 2 2 2 2 2 2 2 2 2 2 2 2 2 2 2 2 2 2 2 2 2 2 2 2 2 2 2 2 2
left_child=3 2 7 4 -1 6 -6 8 9 -2 11 -9 16 -7 -15 -16 17 21 22 24 -21 -10 -3 -18 -20 29 -25 -28 -29 -11
right_child=1 18 -4 -5 5 13 -8 10 12 25 -12 -13 -14 14 15 -17 23 -19 19 20 -22 -23 -24 26 -26 -27 27 28 -30 -31
leaf_value=-0.0044950591764696271 0.0015851172548718752 -0.0014627422800307008 -0.0022934549666076367 0.00097862339025596152 -0.0019831172073309341 -0.0030252285564437331 0.0022031548377036908 0.0015689952781906835 0.00025903860954459498 0.00058840487673435184 -0.003638788535026834 -0.0024430162628136932 -0.0015475617713361447 0.00061028307159053719 -0.0044632229322035403 -0.00055645319544488472 8.2290841576953741e-05 0.0011611074755556829 0.001515583028581373 -0.0011731884544715285 0.002224937422116372 -0.0025394530048028436 0.0013591418015061036 0.004408247047103942 0.0034682139459039103 -0.0038322837569285187 0.003254213461398401 0.0026979736937209967 -0.00046510086254716886 -0.0024231415665285153
leaf_weight=23 25 24 35 24 33 89 26 27 43 21 20 21 28 37 21 21 30 135 54 25 33 28 42 20 69 20 33 20 27 22
leaf_count=23 25 24 35 24 33 89 26 27 43 21 20 21 28 37 21 21 30 135 54 25 33 28 42 20 69 20 33 20 27 22
internal_value=-6.20079e-13 0.000548801 9.5349e-05 -0.00160634 -0.0018545 -0.00158696 -0.000138319 0.000256134 0.000475455 -0.000886027 -0.00120171 -0.00018626 0.000804605 -0.0020957 -0.00104852 -0.00250984 0.00100062 0.000469823 0.00156769 0.00201791 0.000760228 -0.000844592 0.000333002 0.00184173 0.00261096 -0.00186664 0.00236956 0.00185988 0.000880888 -0.000952386
internal_weight=1076 802 555 274 250 227 59 520 452 88 68 48 364 168 79 42 336 206 247 181 58 71 66 130 123 63 100 80 47 43
internal_count=1076 802 555 274 250 227 59 520 452 88 68 48 364 168 79 42 336 206 247 181 58 71 66 130 123 63 100 80 47 43
is_linear=0
shrinkage=0.05


Tree=35
num_leaves=31
num_cat=0
split_feature=9 28 27 9 13 2 19 21 36 15 29 58 1 46 50 9 35 21 47 54 42 32 53 64 21 46 28 19 38 64
split_gain=0.348184 0.163727 0.0819359 0.0739329 0.0731874 0.0745636 0.106807 0.074262 0.0650893 0.0770578 0.107808 0.0938527 0.0582234 0.0574755 0.0772422 0.0570008 0.0562177 0.0537672 0.052815 0.0781641 0.0500775 0.0490985 0.0486721 0.0483547 0.0478335 0.0518169 0.045293 0.0429308 0.0423615 0.0417432
threshold=-0.63374409079551686 0.67468935251235973 -1.4261283874511717 -1.2759895920753477 -0.3893121182918548 -0.54336851835250843 -0.20302675664424893 1.2855203747749331 0.31968441605567938 0.3133810311555863 -0.24577104300260541 0.83150726556777965 -0.59662836790084828 -0.81554454565048207 0.68975454568862926 -0.93446379899978627 1.036638140678406 -0.20383243262767789 -0.044315028935670846 0.79047837853431713 -0.47947226464748377 -0.069273073226213441 -0.51301908493041981 -0.16041640937328336 0.049288922920823104 -0.38586641848087305 -0.78137984871864308 0.41039130091667181 0.25747825205326086 0.20201623439788821
decision_type=2 2 2 2 2 2 2 2 2 2 2 2 2 2 2 2 2 2 2 2 2 2 2 2 2 2 2 2 2 2
left_child=2 4 -1 12 7 6 23 16 -3 10 -10 -11 -4 -5 27 -16 18 -12 19 22 29 -14 -2 26 -7 -26 -6 -15 -29 -20
right_child=1 8 3 13 5 24 -8 -9 9 11 17 -13 21 14 15 -17 -18 -19 20 -21 -22 -23 -24 -25 25 -27 -28 28 -30 -31
leaf_value=-0.003611082910572657 -0.00027152191766578217 0.0010831281865414765 -0.0032821418632837857 0.0013937591282283945 0.0008608818256660649 0.0020071225784829027 -0.0026915014145197352 -0.0011591483186930418 -0.0027096541219011503 -0.004852981807198376 0.0030488944654776294 -0.00082075805703718833 0.00083458572149869401 -0.0027989833174312181 -0.00093903556559234852 0.0025099963354675669 -0.00015072388672018172 -0.00048816208173299119 0.002448121801245253 -0.0016270297934256849 0.0032968864332805327 -0.0024355534949184708 0.0023618730097754257 0.0018314645636969039 -0.001095878482355099 0.0014824072306510061 -0.0023925423994660376 0.00073508466401835907 -0.0022732313235544347 -0.00030215694145722824
leaf_weight=37 23 35 55 33 23 73 40 25 27 27 22 31 22 48 25 23 37 21 37 21 90 24 74 36 38 40 20 25 22 22
leaf_count=37 23 35 55 33 23 73 40 25 27 27 22 31 22 48 25 23 37 21 37 21 90 24 74 36 38 40 20 25 22 22
internal_value=2.13004e-14 0.000577372 -0.00140114 -0.00110595 0.000959697 0.000349611 -0.000586369 0.00146037 -0.000827613 -0.00135008 -0.000233377 -0.00269783 -0.00218426 -0.000487143 -0.000921197 0.000713626 0.0016758 0.00132149 0.00192891 0.00113869 0.00255472 -0.000871574 0.00173746 0.000479521 0.00108724 0.000226319 -0.000652339 -0.00174721 -0.000673063 0.00142259
internal_weight=1076 762 314 277 599 270 119 329 163 128 70 58 101 176 143 48 304 43 267 118 149 46 97 79 151 78 43 95 47 59
internal_count=1076 762 314 277 599 270 119 329 163 128 70 58 101 176 143 48 304 43 267 118 149 46 97 79 151 78 43 95 47 59
is_linear=0
shrinkage=0.05


Tree=36
num_leaves=31
num_cat=0
split_feature=9 28 23 40 31 25 17 72 41 52 74 50 46 12 9 69 68 30 11 12 58 68 62 35 13 12 55 68 27 71
split_gain=0.314236 0.147763 0.0857757 0.0734421 0.0722386 0.0758693 0.0742499 0.0722627 0.0721112 0.0694772 0.0627677 0.0588975 0.0863316 0.0689471 0.0625585 0.0578114 0.0653067 0.0739409 0.0568774 0.0514971 0.0712427 0.0504657 0.0494145 0.0453642 0.0435221 0.0433887 0.0399648 0.0382861 0.03739 0.0370988
threshold=-0.63374409079551686 0.67468935251235973 -1.3487192392349241 0.59718897938728344 -0.54100200533866871 0.26599200069904333 0.012151182629168035 0.14610212296247485 -0.25363212823867792 0.44851249456405645 0.34472817182540899 0.81024563312530529 -0.69768503308296193 -0.084146674722433076 -0.95183894038200367 -0.6626712679862975 0.076346669346094145 -0.12603456154465673 -1.3541901111602781 -0.44457699358463282 -0.55194810032844532 0.57607382535934459 0.68967074155807506 0.41464728116989141 0.11483513936400415 -0.72174218297004689 -0.84094005823135365 -0.2441705986857414 -0.62781095504760731 0.94738411903381359
decision_type=2 2 2 2 2 2 2 2 2 2 2 2 2 2 2 2 2 2 2 2 2 2 2 2 2 2 2 2 2 2
left_child=2 4 -1 9 8 6 -6 23 25 -3 28 12 13 29 -13 -7 24 21 -14 20 -10 -18 -12 -8 27 -2 -20 -17 -5 -4
right_child=1 3 11 10 5 15 7 -9 19 -11 22 14 18 -15 -16 16 17 -19 26 -21 -22 -23 -24 -25 -26 -27 -28 -29 -30 -31
leaf_value=-0.0037026021436117047 -0.0027179781720845092 -0.0011905623724063237 -0.0025157409750492031 -0.0017674930137582126 0.0027718859373667411 -0.001266181035898626 0.00081531144969630991 0.0028548431335366333 0.001949658453425703 0.0021340717310522452 -0.0014611722075091112 -0.00097160299153377621 -0.0039510937180415161 0.0021191672807057893 0.0025865762610919776 0.0011631295465432652 0.001791290948488589 0.00015250717882405628 0.00048896341046201998 0.0030404565326700161 -0.0020381221281630651 0.0049275132827460771 -0.0044429289269222261 -0.0020278420695103707 -0.0019229708967031913 -0.00016421098246213755 -0.0019442886168892276 -0.00095058455543917727 0.0011884989047362268 0.00039097484342554326
leaf_weight=34 29 30 23 20 114 35 47 32 24 33 33 30 31 26 21 82 29 33 20 22 21 23 24 20 20 39 108 29 23 21
leaf_count=34 29 30 23 20 114 35 47 32 24 33 33 30 31 26 21 82 29 33 20 22 21 23 24 20 20 39 108 29 23 21
internal_value=6.22108e-14 0.000548503 -0.00133108 -0.000786232 0.000911712 0.00120789 0.00190194 0.00090018 -0.000106254 0.000550913 -0.00162863 -0.00104311 -0.00138533 7.78111e-05 0.00049353 0.000618912 0.000924367 0.00200368 -0.00202948 0.00105793 8.86942e-05 0.00317847 -0.00271665 -3.33911e-05 0.000224048 -0.00125332 -0.00156409 0.000610898 -0.000186381 -0.00112844
internal_weight=1076 762 314 163 599 464 213 99 135 63 100 280 229 70 51 251 216 85 159 67 45 52 57 67 131 68 128 111 43 44
internal_count=1076 762 314 163 599 464 213 99 135 63 100 280 229 70 51 251 216 85 159 67 45 52 57 67 131 68 128 111 43 44
is_linear=0
shrinkage=0.05


Tree=37
num_leaves=31
num_cat=0
split_feature=11 9 28 52 64 37 23 38 57 37 15 45 20 45 15 17 45 34 20 16 30 23 38 35 55 20 70 21 63 14
split_gain=0.286747 0.105798 0.0730832 0.0641735 0.0625251 0.0782991 0.0695994 0.0638941 0.0628374 0.0597844 0.100513 0.0603086 0.0589674 0.0525638 0.0637056 0.0556054 0.0507509 0.046834 0.0430657 0.0396641 0.0517374 0.0386949 0.0360202 0.0358886 0.0483733 0.0346515 0.0345187 0.0332565 0.035833 0.035605
threshold=-0.34816627204418177 0.53301888704299938 1.0272986292839053 0.240753248333931 1.1745851635932925 1.0000000180025095e-35 -1.3176247477531431 0.82910481095314037 0.64050814509391796 -0.46287268400192255 -0.051327781751751893 1.3750964999198916 1.1058704853057864 -0.19871734827756879 0.30781820416450506 0.6651442050933839 -0.217909000813961 0.44884462654590612 0.82077533006668102 -0.85119760036468495 -0.61637660861015309 1.0747889876365664 0.83285009860992443 -0.25990255177021021 -0.73640304803848255 -0.34189812839031214 -0.51119703054428089 0.55264568328857433 0.25394260883331304 -0.67164316773414601
decision_type=2 2 2 2 2 2 2 2 2 2 2 2 2 2 2 2 2 2 2 2 2 2 2 2 2 2 2 2 2 2
left_child=4 2 9 -4 5 6 -1 -6 13 10 -2 18 19 14 15 -8 -7 -18 21 20 -3 23 -5 25 -25 -11 -26 28 29 -21
right_child=1 12 3 22 7 16 8 -9 -10 11 -12 -13 -14 -15 -16 -17 17 -19 -20 27 -22 -23 -24 24 26 -27 -28 -29 -30 -31
leaf_value=-0.0022766919273775645 -0.0026297182416055876 0.0013872059665154667 -0.0031212647911161187 0.0014100195263745264 -0.0042674898748256028 -0.0040095500488489593 0.0025523937605110656 -0.00064264364074915646 -0.0017406433621848312 0.00075896731052067009 0.001198874967255203 -0.0017289786748588085 -0.00075094733692822053 0.0023394328582622675 -0.0016478226460250362 -0.00082595808032367903 0.00017826381232365608 -0.002744181235802585 0.0026583895583512616 0.0028842112662026752 -0.0015701726300730594 -0.001061964166777519 -0.0015908238774864005 -0.001600866631876367 0.0018714081993618727 0.003185560158453882 0.00026174352307558972 0.00068875661765394568 0.0034701731684076234 0.0010047856550146309
leaf_weight=39 40 50 31 20 31 27 29 20 36 31 30 25 32 33 35 21 26 29 29 42 21 30 20 24 51 28 96 44 43 63
leaf_count=39 40 50 31 20 31 27 29 20 36 31 30 25 32 33 35 21 26 29 29 42 21 30 20 24 51 28 96 44 43 63
internal_value=4.49676e-13 0.000538136 5.99653e-05 -0.00141374 -0.00123804 -0.000939842 -0.000389909 -0.00284598 8.79132e-05 0.000332447 -0.000988893 0.000627013 0.00127565 0.000645778 -1.17587e-05 0.00113349 -0.0022342 -0.00136266 0.000830818 0.00152223 0.000512488 0.000626974 -9.04022e-05 0.00084727 0.0004804 0.00191057 0.000820199 0.00189563 0.00225443 0.00175656
internal_weight=1076 750 455 71 326 275 193 51 154 384 70 314 295 118 85 50 82 55 289 263 71 260 40 230 171 59 147 192 148 105
internal_count=1076 750 455 71 326 275 193 51 154 384 70 314 295 118 85 50 82 55 289 263 71 260 40 230 171 59 147 192 148 105
is_linear=0
shrinkage=0.05


Tree=38
num_leaves=31
num_cat=0
split_feature=9 24 33 23 21 49 17 27 75 55 55 9 16 50 38 0 8 1 49 27 46 28 23 9 59 31 26 4 47 24
split_gain=0.26077 0.122116 0.075531 0.0718531 0.0632714 0.0603137 0.0656763 0.0598659 0.066989 0.0566141 0.055484 0.0527448 0.0515424 0.0504417 0.0760804 0.0464288 0.042994 0.0418436 0.0569983 0.0402222 0.0400902 0.0468156 0.0383605 0.0467814 0.0409197 0.0421904 0.0377706 0.0560991 0.0384447 0.0357643
threshold=-0.63374409079551686 0.95595151185989391 -0.70371136069297779 -1.3487192392349241 1.3113114833831789 0.9963151514530183 0.38470005989074713 0.073930919170379653 1.0000000180025095e-35 -1.3115118145942686 0.75630587339401256 -1.2759895920753477 0.84094521403312694 0.81024563312530529 0.5290580987930299 -0.3708945289254188 -0.51104116439819325 -0.68886935710906971 0.035421553999185569 0.8510534167289735 -0.87937349081039418 -0.49342098832130427 0.8056420385837556 -0.06981718540191649 0.38402843475341802 -0.23440728336572644 0.51905620098114025 0.66295984387397777 -0.22063031047582624 -0.58777201175689686
decision_type=2 2 2 2 2 2 2 2 2 2 2 2 2 2 2 2 2 2 2 2 2 2 2 2 2 2 2 2 2 2
left_child=3 2 -2 -1 9 6 7 8 -3 -4 12 17 16 14 20 -12 22 -5 -19 26 -13 -22 23 -11 25 -25 27 28 -18 -27
right_child=1 5 4 11 -6 -7 -8 -9 -10 10 15 13 -14 -15 -16 -17 19 18 -20 -21 21 -23 -24 24 -26 29 -28 -29 -30 -31
leaf_value=-0.0033831036457901489 -0.00055438645754344348 -0.0019036039737616911 -0.0014618550485465676 -0.002854172692325217 -0.0012957321995470143 -0.0030770334526896478 -0.0027375935860302139 0.0021233007516551377 0.001615209864740748 -0.00058517272816970944 0.0016910321695764584 0.0013599168480642879 0.0038371094100346625 0.0012051947745242838 -0.0029723760022810014 -0.00088198319822549833 3.1069888167881543e-05 0.0010604711878841044 -0.0024290715772658589 -0.00054599925937509391 -0.0027760034946947023 -7.9598692730845267e-05 0.0039475055588852797 0.0032794147574653231 0.0034731189793507974 0.0019484186350988847 0.0030991928388729045 -0.0015440363576635719 0.0018476817862047986 -0.00031285487977370132
leaf_weight=34 89 38 20 52 28 25 23 29 21 20 27 29 22 37 33 50 42 22 25 40 22 60 21 24 35 36 23 20 95 34
leaf_count=34 89 38 20 52 28 25 23 29 21 20 27 29 22 37 33 50 42 22 25 40 22 60 21 24 35 36 23 20 95 34
internal_value=-2.43569e-12 0.000499666 0.000794693 -0.00121257 0.00101828 -0.000858326 -0.000358617 0.000263161 -0.000651145 0.00114558 0.00125222 -0.000949 0.00148247 -0.000441473 -0.000864575 2.0243e-05 0.00134964 -0.0018769 -0.000795669 0.000888161 -0.000237932 -0.000803024 0.00194685 0.00166488 0.00201373 0.00147034 0.00120686 0.000929643 0.00129076 0.000850086
internal_weight=1076 762 626 314 537 136 111 88 59 509 489 280 412 181 144 77 390 99 47 220 111 82 170 149 129 94 180 157 137 70
internal_count=1076 762 626 314 537 136 111 88 59 509 489 280 412 181 144 77 390 99 47 220 111 82 170 149 129 94 180 157 137 70
is_linear=0
shrinkage=0.05


Tree=39
num_leaves=31
num_cat=0
split_feature=9 28 23 33 68 37 30 12 70 29 49 23 9 50 34 13 25 17 22 3 2 37 3 9 1 49 17 27 65 15
split_gain=0.235345 0.112264 0.0648474 0.0629282 0.0520895 0.0624331 0.055214 0.0813814 0.0518929 0.0517022 0.0652514 0.0639752 0.0476022 0.0455236 0.0628308 0.0452838 0.065456 0.0543521 0.0526427 0.0435318 0.0398566 0.0397762 0.055522 0.0380413 0.0377639 0.051441 0.0368903 0.0330995 0.0326763 0.0318062
threshold=-0.63374409079551686 0.67468935251235973 -1.3487192392349241 -0.70371136069297779 0.067480094730854048 -0.19749471545219419 -0.55021145939826954 -0.45538747310638422 -0.12901092320680616 0.53921750187873851 0.9963151514530183 -0.34562751650810236 -1.2759895920753477 0.81024563312530529 0.58372730016708385 -0.41902202367782587 0.16180435568094256 -0.54516249895095814 -0.034477300941944115 0.22791252285242083 1.423576891422272 0.20285935699939731 0.5975954830646516 -1.0048846602439878 -0.68886935710906971 0.035421553999185569 -0.686406910419464 -1.1398316621780393 -0.24330200254917142 -0.23769935220479962
decision_type=2 2 2 2 2 2 2 2 2 2 2 2 2 2 2 2 2 2 2 2 2 2 2 2 2 2 2 2 2 2
left_child=2 3 -1 27 15 19 8 -8 -7 10 11 26 24 14 23 16 -5 -17 28 -6 -11 -9 -23 -14 -4 -26 -3 -2 -18 -19
right_child=1 9 12 4 5 6 7 21 -10 20 -12 -13 13 -15 -16 17 18 29 -20 -21 -22 22 -24 -25 25 -27 -28 -29 -30 -31
leaf_value=-0.0032139484978174816 -0.0018136845979218681 -0.00031060395296663047 -0.0027114640577705221 0.0025066054358401082 0.0015228016463958698 0.00095244447634156265 -0.0016374555105964344 -0.00055520826773274511 0.0037616349666589697 0.0015754327566121773 -0.0037599490775557403 0.00082076494463284404 0.00087452351660679347 0.0011449350022106758 -0.0028153850407820319 0.0021737805908612377 -0.00066273283335335905 -0.0013149832233466442 -0.0015745921071636708 0.0044829425867646934 -0.0011798760864794964 0.0038976499709584148 0.00075270371259345372 -0.0010068982180741115 0.0010074476301683304 -0.002307617982849479 -0.0031438104411656109 0.00026467863370374477 0.0016444755287171064 0.00044332008976705889
leaf_weight=34 30 20 52 55 23 35 33 21 31 35 22 38 44 37 31 21 21 64 26 27 21 23 36 69 22 25 27 53 57 43
leaf_count=34 30 20 52 55 23 35 33 21 31 35 22 38 44 37 31 21 21 64 26 27 21 23 36 69 22 25 27 53 57 43
internal_value=-3.66773e-12 0.000474683 -0.00115194 0.000791269 0.000996808 0.00155921 0.00112287 0.000451751 0.00227191 -0.000688724 -0.00133294 -0.000704775 -0.00090155 -0.000419399 -0.000821346 0.000548066 0.00111158 -0.000151928 0.00037383 0.00312128 0.000542192 0.00131355 0.0019787 -0.000274309 -0.00178306 -0.000755885 -0.00193819 -0.000486537 0.0010233 -0.000608375
internal_weight=1076 762 314 599 516 229 179 113 66 163 107 85 280 181 144 287 159 128 104 50 56 80 59 113 99 47 47 83 78 107
internal_count=1076 762 314 599 516 229 179 113 66 163 107 85 280 181 144 287 159 128 104 50 56 80 59 113 99 47 47 83 78 107
is_linear=0
shrinkage=0.05


Tree=40
num_leaves=31
num_cat=0
split_feature=11 11 69 11 69 31 45 68 45 17 10 19 1 60 30 42 17 71 19 43 6 11 46 32 30 64 71 18 31 47
split_gain=0.214594 0.0890856 0.0552257 0.051979 0.0549139 0.075051 0.0511837 0.0495117 0.0549994 0.0559894 0.0462775 0.0445828 0.0431454 0.0418429 0.0428142 0.0534103 0.0414876 0.0401455 0.0373911 0.0576025 0.0444 0.0487899 0.0715291 0.0576362 0.0366542 0.0479893 0.0587769 0.0479629 0.0430669 0.0417407
threshold=-0.57908380031585682 0.8449445664882661 1.3221292495727541 -2.4643311500549312 -1.1666372418403623 -1.0162640810012815 1.3750964999198916 1.2532653808593752 -0.25751896202564234 -0.069283373653888689 -1.0122439265251157 0.044623075053095825 1.2608987689018252 -0.74563980102539051 -0.22309292852878568 -0.24634999036788938 1.2906085848808291 0.13725487887859347 -1.4362964034080503 -0.18848706781864163 -0.48359419405460352 -0.10202245041728018 -0.38586641848087305 0.073806226253509535 -1.0218822956085203 0.7307853400707246 0.50125168263912212 0.32450643181800848 -0.050186114385724061 0.42189966142177587
decision_type=2 2 2 2 2 2 2 2 2 2 2 2 2 2 2 2 2 2 2 2 2 2 2 2 2 2 2 2 2 2
left_child=2 6 3 -1 5 -5 10 8 -6 -10 -2 -8 16 17 -15 -16 18 -3 -12 20 -20 -22 -23 -24 -21 26 27 28 -26 -27
right_child=1 13 -4 4 7 -7 11 -9 9 -11 12 -13 -14 14 15 -17 -18 -19 19 24 21 22 23 -25 25 29 -28 -29 -30 -31
leaf_value=-0.0036929601216283831 -0.0015417179012937206 -0.0015063629284365258 0.0010829760392274087 -0.0016999920142176243 -0.0022693722310790478 0.0018671025052511446 0.00036376930540427566 -0.0039943473960738626 0.0015071500453184574 -0.0014073163806460798 0.0023579095202010303 -0.0026838651873792212 -0.0019294967369933146 0.0021236859761723658 -0.0012674690634012222 0.0017963952831147861 0.002071935808958693 0.0010571187635096499 0.0013055372741763238 -0.0011596519485465252 -0.0024041983504176669 -0.0024652798246178366 0.0024818362388759852 -0.00056414896474651444 -0.00043452811521655396 -0.0019752577777304081 0.00029152927024330457 0.0037458570721686231 0.0025386320810427826 0.00076673369305873564
leaf_weight=23 35 24 24 29 77 30 20 20 26 45 21 30 20 123 25 33 36 42 27 24 39 27 25 41 21 23 69 33 29 35
leaf_count=23 35 24 24 29 77 30 20 20 26 45 21 30 20 123 25 33 36 42 27 24 39 27 25 41 21 23 69 33 29 35
internal_value=-6.9365e-12 0.000412725 -0.00120805 -0.00142799 -0.0011985 0.000113785 6.11735e-05 -0.00165936 -0.00134382 -0.000340047 0.000212261 -0.00146481 0.000342877 0.00120265 0.00159562 0.000475764 0.000443871 0.000124944 0.0003023 0.000192458 -0.000541893 -0.000919776 -0.000297277 0.000589633 0.000691441 0.000902994 0.0013699 0.00226637 0.0012899 -0.000320608
internal_weight=1076 802 274 250 227 59 555 168 148 71 505 50 470 247 181 58 450 66 414 393 159 132 93 66 234 210 152 83 50 58
internal_count=1076 802 274 250 227 59 555 168 148 71 505 50 470 247 181 58 450 66 414 393 159 132 93 66 234 210 152 83 50 58
is_linear=0
shrinkage=0.05


Tree=41
num_leaves=31
num_cat=0
split_feature=9 24 27 33 18 14 12 49 12 1 36 73 40 40 56 13 27 31 67 30 29 48 49 74 16 12 61 32 9 65
split_gain=0.191526 0.0966192 0.0582802 0.0565817 0.0529192 0.056331 0.0574535 0.0497485 0.0476476 0.0507758 0.0436289 0.0426656 0.0421672 0.0560574 0.0574753 0.0419669 0.0526978 0.0610986 0.0507941 0.0442234 0.0587855 0.0613461 0.0528558 0.0437112 0.0426787 0.0367434 0.0338586 0.0442161 0.0467418 0.0319265
threshold=-0.63374409079551686 0.95595151185989391 -1.4261283874511717 -0.70371136069297779 -1.0087524056434629 -0.15888109058141706 -0.80153030157089222 0.9963151514530183 0.80466365814208995 -0.16693779826164243 0.044505171477794654 -0.037555184215307229 1.0114263296127322 0.59718897938728344 0.55573874711990368 -0.3893121182918548 0.41616813838481909 0.62562382221221935 0.067131794989109053 -0.5401039421558379 1.1687268018722536 -0.35919666290283198 0.98372924327850353 -0.95758131146430958 -0.46955218911170954 0.079595774412155165 0.69432109594345104 -0.45801825821399683 -0.017809423618018624 -0.492276981472969
decision_type=2 2 2 2 2 2 2 2 2 2 2 2 2 2 2 2 2 2 2 2 2 2 2 2 2 2 2 2 2 2
left_child=2 3 -1 -2 -4 6 -6 12 9 -7 -10 -8 13 14 -3 19 17 26 -18 23 21 25 29 -5 -25 -21 27 -17 -29 -23
right_child=1 7 4 15 5 8 11 -9 10 -11 -12 -13 -14 -15 -16 16 18 -19 -20 20 -22 22 -24 24 -26 -27 -28 28 -30 -31
leaf_value=-0.0029030025884354918 -0.0004770066117079081 -0.001351964971723242 -0.0028511232875254276 -0.00011114573793574458 -0.0016021372424438595 -0.0026108278849040021 0.0028032106142651678 -0.0027947453148663044 0.0020331211823213383 -0.00055352629298517891 -0.00082702119252644481 -0.00019866523027303629 0.0012053338487021392 -0.0025602737525332489 0.0021844460465945304 0.0017327484362370646 -0.0021659473505090264 0.0031311122579500078 0.00058775987409083463 -0.0024077293593436481 0.003124258367208076 0.00024230519589036703 -0.00069974636618656317 0.001803725446734461 0.0041027350558174988 0.00039400856264612896 -0.0012208358161151409 -0.0017492744122416929 0.0013106842593212302 0.0023912449504548154
leaf_weight=37 89 27 28 21 20 61 29 25 20 59 40 20 32 32 20 60 34 25 33 25 23 25 31 80 27 22 25 26 24 56
leaf_count=37 89 27 28 21 20 61 29 25 20 59 40 20 32 32 20 60 34 25 33 25 23 25 31 80 27 22 25 26 24 56
internal_value=1.57015e-12 0.000428218 -0.00103918 0.000690644 -0.000790222 -0.000558474 0.000656189 -0.000779712 -0.00102409 -0.00159932 0.00012636 0.00157796 -0.000325876 -0.000946113 0.000152891 0.000884166 0.000367625 0.000860607 -0.000809644 0.00126241 0.000761583 0.000419812 0.00105603 0.00197451 0.00238385 -0.00109628 0.000440143 0.000817638 -0.000280494 0.00172799
internal_weight=1076 762 314 626 277 249 69 136 180 120 60 49 111 79 47 537 227 160 67 310 182 159 112 128 107 47 135 110 50 81
internal_count=1076 762 314 626 277 249 69 136 180 120 60 49 111 79 47 537 227 160 67 310 182 159 112 128 107 47 135 110 50 81
is_linear=0
shrinkage=0.05


Tree=42
num_leaves=31
num_cat=0
split_feature=11 8 45 4 64 37 31 64 74 9 10 0 61 29 10 65 27 66 67 35 13 66 3 48 60 60 59 59 71 48
split_gain=0.176961 0.0773735 0.0598763 0.0542901 0.0486487 0.0664535 0.0512461 0.0804349 0.0858042 0.0475563 0.0473532 0.0478371 0.0586088 0.0538059 0.0452791 0.0433801 0.0392899 0.0597595 0.0498877 0.0493259 0.0367008 0.0360342 0.0309216 0.0297516 0.0360996 0.0297421 0.0300619 0.0473962 0.0422988 0.0341113
threshold=-0.57908380031585682 -0.54930958151817311 1.3750964999198916 -0.76353627443313588 1.1745851635932925 0.071849156171083464 -1.160131514072418 -0.90895423293113697 -0.17285499721765515 -0.7444782257080077 2.0551315546035771 0.16609807033091786 -0.0785100683569908 1.1019837856292727 -0.83344888687133778 -0.59975099563598622 -0.81978127360343922 0.40101349353790289 0.27342720329761511 0.28329591453075414 -0.52118864655494679 0.68991732597351085 0.077865842729806914 -0.23667980730533597 0.534440577030182 -1.0141873955726621 0.39006347954273229 -0.23515187203884122 -0.076831884682178483 -0.80454295873641957
decision_type=2 2 2 2 2 2 2 2 2 2 2 2 2 2 2 2 2 2 2 2 2 2 2 2 2 2 2 2 2 2
left_child=4 14 3 -3 5 6 -1 -8 -9 -7 11 13 15 16 -2 -13 -5 18 22 -20 -4 -10 -18 -14 -25 -16 27 -27 -29 -28
right_child=1 2 20 10 -6 9 7 8 21 -11 -12 12 23 -15 25 -17 17 -19 19 -21 -22 -23 -24 24 -26 26 29 28 -30 -31
leaf_value=-0.0018824882631815856 -0.00040898518323263577 -0.0020232643466442826 -0.00032190906861796981 -0.0010024051035044624 -0.0026852611009394976 -0.0032840071505723665 -0.0021154416197290025 0.0026729396141420766 -0.0013807697920128704 -0.00037666967625475743 -0.0017506225822636716 0.0021158243894062348 -2.2251055041259088e-05 0.0030528908720813121 -4.5561775820510041e-05 -0.00021572199648722918 0.00037278151977807283 0.0020835738417995997 0.0025790737108764006 -5.4641334281768655e-05 -0.0030894513079977558 0.001025722673927833 -0.0020465184069637741 -0.0025071991916047411 9.4469236064469452e-05 0.0023462639185779085 0.0012707221847786396 -0.0012000166056505234 0.0012930555195729857 0.003701639629716444
leaf_weight=40 42 26 25 31 41 39 30 39 35 22 26 38 54 26 31 42 25 70 32 40 23 28 28 40 20 52 27 27 46 31
leaf_count=40 42 26 25 31 41 39 30 39 35 22 26 38 54 26 31 42 25 70 32 40 23 28 28 40 20 52 27 27 46 31
internal_value=2.43298e-12 0.000374792 3.85114e-05 0.000201069 -0.00109702 -0.000817544 -0.000314679 0.000160414 0.000829784 -0.00223546 0.000323596 0.000444514 -0.000145666 0.000898859 0.00109202 0.000891763 0.00065105 0.000913907 0.000258894 0.0011159 -0.00164802 -0.000311218 -0.000905339 -0.000873685 -0.00163998 0.00138661 0.00162921 0.00119269 0.00037096 0.00257001
internal_weight=1076 802 546 498 274 233 172 132 102 61 472 446 194 252 256 80 226 195 125 72 48 63 53 114 60 214 183 125 73 58
internal_count=1076 802 546 498 274 233 172 132 102 61 472 446 194 252 256 80 226 195 125 72 48 63 53 114 60 214 183 125 73 58
is_linear=0
shrinkage=0.05


Tree=43
num_leaves=31
num_cat=0
split_feature=11 8 45 4 1 23 54 69 56 73 45 49 3 64 15 24 23 33 17 37 66 7 71 69 74 58 28 52 28 8
split_gain=0.159707 0.0698295 0.0540384 0.0490308 0.0498483 0.0551008 0.0473157 0.0463883 0.0463185 0.0425293 0.0416899 0.0434601 0.0517431 0.0401458 0.0395359 0.0657425 0.051792 0.0356453 0.0561005 0.0582906 0.0549426 0.0334074 0.0323268 0.0410167 0.0315906 0.0300414 0.0565577 0.0287486 0.039494 0.0508817
threshold=-0.57908380031585682 -0.54930958151817311 1.3750964999198916 -0.7571401298046111 1.3089948296546938 -0.22884453833103177 1.2706781029701235 1.3221292495727541 1.5949298739433291 -0.78095683455467213 1.1200256347656252 0.71210879087448131 -0.20886716246604917 -0.39052887260913843 -0.0065759418066591016 -0.22396253794431684 0.420955240726471 -1.3983170986175535 -0.81731849908828724 0.058358855545520789 0.67894500494003307 0.64331883192062389 -0.092722754925489412 -0.30055414140224451 -0.29092730581760401 0.21999985724687579 -0.24680265039205548 0.82517337799072277 0.013151363935321571 0.67048928141593944
decision_type=2 2 2 2 2 2 2 2 2 2 2 2 2 2 2 2 2 2 2 2 2 2 2 2 2 2 2 2 2 2
left_child=7 10 3 -3 5 6 25 8 17 -7 11 12 -2 -13 15 16 -11 -1 -19 20 -20 -4 23 -14 -24 26 -5 28 -16 -30
right_child=1 2 21 4 -6 9 -8 -9 -10 14 -12 13 22 -15 27 -17 -18 18 19 -21 -22 -23 24 -25 -26 -27 -28 -29 29 -31
leaf_value=-0.002555223687739814 -0.00061563397289319264 -0.0018811217992118112 -0.0030613155969019448 -0.0016226962444273307 -0.0016280936497717069 -0.0010338651099508363 0.0017981128295927887 0.0010575603907151769 0.00075388394649892763 0.0024650956416735429 0.0030682730255648496 0.0012771984030093466 0.0021080745666180382 -0.0015362769969215152 0.0011717463545210195 0.0031386755836138036 -0.00086631277247631398 0.00089198605815783661 -0.0017854494560365479 -0.0029343391547778691 0.00073627470822733212 -0.00040230455881640041 0.001251684372144392 -0.00060521955291430163 0.0031047264410122098 -0.0015720261786215921 0.0015316612245320964 0.0021452326897997412 -0.001678560547446889 0.00081244119515404018
leaf_weight=57 32 27 21 27 31 28 21 24 26 20 23 21 26 32 72 48 28 29 54 48 36 27 46 30 46 59 30 25 41 41
leaf_count=57 32 27 21 27 31 28 21 24 26 20 23 21 26 32 72 48 28 29 54 48 36 27 46 30 46 59 30 25 41 41
internal_value=3.36378e-12 0.000356053 3.65858e-05 0.000191015 0.0003098 0.000446334 -0.000385782 -0.00104217 -0.00124374 0.000822571 0.00103742 0.000836945 0.00120749 -0.000421504 0.00101159 0.00183022 0.000521774 -0.00147561 -0.00110712 -0.00152722 -0.00077676 -0.00156562 0.00160168 0.000654524 0.00217821 -0.000781142 3.74919e-05 0.000572546 0.000317239 -0.00043306
internal_weight=1076 802 546 498 471 440 137 274 250 303 256 233 180 53 275 96 48 224 167 138 90 48 148 56 92 116 57 179 154 82
internal_count=1076 802 546 498 471 440 137 274 250 303 256 233 180 53 275 96 48 224 167 138 90 48 148 56 92 116 57 179 154 82
is_linear=0
shrinkage=0.05


Tree=44
num_leaves=31
num_cat=0
split_feature=11 20 29 10 41 41 26 3 72 58 71 51 56 63 2 49 63 3 60 14 35 19 5 15 30 21 47 37 47 68
split_gain=0.146091 0.066461 0.065579 0.0585241 0.0495446 0.0589902 0.0542748 0.0433316 0.0429727 0.0418515 0.039439 0.0427787 0.0555776 0.0390032 0.0352977 0.0429601 0.0765027 0.0516649 0.0400875 0.0398084 0.0397021 0.0336311 0.0323981 0.0499308 0.0344716 0.0432909 0.0339278 0.032215 0.0314497 0.0301378
threshold=0.3454194068908692 0.90146541595458995 0.56570440530776989 -1.4342226386070249 0.58569839596748363 0.095921061933040633 -0.90446910262107838 0.38878808915615087 -1.271716237068176 -0.58103328943252552 -0.85661464929580677 -0.55608975887298573 -0.13196492940187451 1.1553176045417788 -0.96442097425460804 -0.83283022046089161 -0.52395737171173085 -0.3585327267646789 -0.13999967277050016 0.26421861350536352 -0.55940690636634816 -0.25500327348709101 0.86199924349784862 -0.13841311633586881 -0.28442123532295221 -0.12956374138593671 0.15833972394466403 0.32383249700069433 -0.73261618614196766 -0.080386091023683534
decision_type=2 2 2 2 2 2 2 2 2 2 2 2 2 2 2 2 2 2 2 2 2 2 2 2 2 2 2 2 2 2
left_child=3 8 -3 -1 5 6 9 21 -2 -5 -10 12 -12 14 -8 17 -17 19 -18 -16 -20 -6 24 -24 26 -26 28 -27 -13 -7
right_child=1 2 -4 4 7 29 13 -9 10 -11 11 22 -14 -15 15 16 18 -19 20 -21 -22 -23 23 -25 25 27 -28 -29 -30 -31
leaf_value=-0.0028970407582819464 -0.0012232235635262138 -0.0030525334584324258 0.00064693373232148593 -0.00040878208819776778 -0.00055373511559358155 -9.2948896515115012e-05 -0.0016970200484797964 0.00029062435896776151 0.0026112045274313653 0.0027871152664634535 -0.0024272345556792889 0.0021738032100810894 0.00081715539682508372 0.0010669086390407757 -0.0010299431363819168 0.0018943883283496596 -0.0027496540799620563 0.0005548610518287335 -0.0018756439931513298 -0.0039744946343654936 0.00085996062391334102 -0.002535182083613377 0.0036310117266839374 0.0011616497751803392 0.0015603382707290029 -0.0026171499863266948 0.0023418390571187516 -4.3271352619593667e-05 -0.0001007387383635267 0.0017050880868703612
leaf_weight=25 24 23 25 20 33 41 91 32 33 21 22 21 33 28 24 39 20 21 21 22 36 61 25 113 23 20 39 31 55 54
leaf_count=25 24 23 25 20 33 41 91 32 33 21 22 21 33 28 24 39 20 21 21 22 36 61 25 113 23 20 39 31 55 54
internal_value=1.30871e-12 0.00064072 -0.00112573 -0.000529763 -0.000424831 -0.000173482 -0.00047886 -0.00129857 0.000833862 0.00122814 0.000952826 0.000809563 -0.000480601 -0.000710605 -0.000892249 -0.000492062 9.01562e-05 -0.00150008 -0.000823676 -0.00243821 -0.000147894 -0.00183957 0.00102656 0.001609 0.000601293 -0.000240495 0.00114296 -0.00105264 0.000527753 0.000929093
internal_weight=1076 487 48 589 564 438 343 126 439 41 415 382 55 302 274 183 116 67 77 46 57 94 327 138 189 74 115 51 76 95
internal_count=1076 487 48 589 564 438 343 126 439 41 415 382 55 302 274 183 116 67 77 46 57 94 327 138 189 74 115 51 76 95
is_linear=0
shrinkage=0.05


Tree=45
num_leaves=31
num_cat=0
split_feature=9 28 23 40 74 52 21 28 33 50 46 9 12 68 72 21 37 37 52 8 17 62 34 22 1 45 15 71 40 35
split_gain=0.131472 0.0756738 0.0516633 0.0481141 0.0506272 0.0445858 0.0430638 0.0461967 0.0437855 0.0412461 0.05835 0.0443612 0.0441228 0.039497 0.0545753 0.0418168 0.0432979 0.0439854 0.0536903 0.0406546 0.0409907 0.0390955 0.0378474 0.0352249 0.0351809 0.0505326 0.0315919 0.028692 0.0271986 0.0268188
threshold=-0.63374409079551686 0.67468935251235973 -1.3487192392349241 0.59718897938728344 0.34472817182540899 0.44851249456405645 1.4472196102142336 0.45112964510917669 -0.70371136069297779 0.81024563312530529 -0.69768503308296193 -0.95183894038200367 -0.084146674722433076 -0.12653109803795812 0.95324134826660167 0.68687361478805553 -0.19749471545219419 0.3658034354448319 -0.2563233077526092 -0.7009633183479308 -0.36540386080741877 0.80067715048789989 -0.056680118665099137 1.2236701250076296 -0.67852401733398426 1.3750964999198916 -0.68681204319000233 0.94738411903381359 -0.43374335765838617 -0.41025473177433008
decision_type=2 2 2 2 2 2 2 2 2 2 2 2 2 2 2 2 2 2 2 2 2 2 2 2 2 2 2 2 2 2
left_child=2 6 -1 5 23 -3 7 8 29 10 12 -11 27 19 15 16 -15 18 -18 20 -10 -6 -16 -5 -12 -26 -22 -4 -19 -2
right_child=1 3 9 4 21 -7 -8 -9 13 11 24 -13 -14 14 22 -17 17 28 -20 -21 26 -23 -24 -25 25 -27 -28 -29 -30 -31
leaf_value=-0.0027014789763972445 2.2158594721735553e-05 -0.00091317096957936887 -0.0019059915867451903 -0.0013851150997321714 -0.0012211954962861324 0.0017501339386922843 -0.0016663504159078004 0.0023553880751700121 0.0027947308571758464 -0.00058534042075431599 -0.0023837275392819017 0.0024109676452575344 0.0019120274842582428 0.0033368554213666357 -0.0018490713259035894 2.6534197645054921e-05 -0.0011251392242099558 0.0036396435070782901 0.001919195104856044 -0.00025010470496151052 -0.0012029634941541191 -0.0039110289997717537 0.0010517369712824407 0.0014777987729758025 -0.00027721096408498991 -0.0030980706308037045 0.0012521145696825298 0.00065025906355696778 0.0014928657749098623 -0.0021011231388911255
leaf_weight=34 58 30 23 22 35 33 20 39 26 30 62 21 26 40 22 36 28 25 30 138 20 22 23 21 77 20 38 21 36 20
leaf_count=34 58 30 23 22 35 33 20 39 26 30 62 21 26 40 22 36 28 25 30 138 20 22 23 21 77 20 38 21 36 20
internal_value=-1.75226e-12 0.000354787 -0.00086098 -0.000600392 -0.00128223 0.000481894 0.00061471 0.000693504 0.000573479 -0.00063749 -0.000923875 0.000648433 0.000279005 0.000758475 0.00120311 0.00156531 0.00191371 0.00143535 0.000449516 0.000277791 0.00114505 -0.00225938 -0.000366436 1.30521e-05 -0.00145345 -0.000858832 0.000405536 -0.000685963 0.00237269 -0.000522273
internal_weight=1076 762 314 163 100 63 599 579 540 280 229 51 70 462 240 195 159 119 58 222 84 57 45 43 159 97 58 44 61 78
internal_count=1076 762 314 163 100 63 599 579 540 280 229 51 70 462 240 195 159 119 58 222 84 57 45 43 159 97 58 44 61 78
is_linear=0
shrinkage=0.05


Tree=46
num_leaves=31
num_cat=0
split_feature=3 24 49 33 55 31 19 64 75 56 54 41 53 71 38 37 2 49 50 42 47 29 71 26 52 29 51 38 43 26
split_gain=0.119028 0.0752716 0.0474917 0.0453372 0.0437185 0.044466 0.0421344 0.0498442 0.0361078 0.047837 0.0357014 0.0690444 0.0632263 0.0375743 0.0357598 0.0340483 0.0458672 0.0415544 0.0382604 0.0492833 0.0338157 0.0324504 0.0297921 0.0373846 0.0287868 0.0283321 0.0274374 0.0376663 0.0267467 0.0328123
threshold=-0.2379229664802551 0.95595151185989391 0.98372924327850353 -1.2034671902656553 1.7515504956245425 1.589852571487427 -1.901491045951843 1.5017468333244326 1.0000000180025095e-35 0.74409955739974987 -1.2077434062957761 -1.2589848041534422 -0.34134778380393976 -0.51572832465171803 0.39735275506973272 1.5017267465591433 0.12253867462277414 0.64855235815048229 -0.28939333558082575 -0.92804053425788868 1.1287801265716555 -0.015432276297360657 1.0831233263015749 -0.62779363989830006 -0.34021985530853266 0.22753357887268069 0.59118688106536876 0.97015392780303966 -0.67664629220962513 -0.2584275603294372
decision_type=2 2 2 2 2 2 2 2 2 2 2 2 2 2 2 2 2 2 2 2 2 2 2 2 2 2 2 2 2 2
left_child=6 3 8 -2 5 15 -1 10 9 -3 13 12 -12 -8 22 16 17 18 19 24 21 -18 23 -13 -5 -20 27 -16 -25 -30
right_child=1 2 -4 4 -6 -7 7 -9 -10 -11 11 14 -14 -15 26 -17 20 -19 25 -21 -22 -23 -24 28 -26 -27 -28 -29 29 -31
leaf_value=0.0014671143033245411 -0.0014455169526627289 -0.0018757671569907216 -0.0026294096987694504 0.0024253620572077736 -0.0015130202571162956 -0.0014368766428378876 -0.00053185871802270419 -0.002989425307896454 0.0011038822687364049 0.00091067164709481094 0.0023460585879021031 -0.0017499259943308842 -0.0010725038116409754 -0.0028835409887974632 -0.0036056211361518275 -0.00086398808198282504 0.00062657961587807764 -0.00094543765928294218 0.0026921950548421596 -0.00050262224790963551 -5.1679181134594341e-06 0.0022273065617581054 0.001170565446631776 -0.0015642513601397652 0.00017603072410565801 0.00065952057445732267 -6.8639963865280157e-05 -0.0010932107630651445 0.0021714127750601621 -0.00027110177450760442
leaf_weight=22 24 43 25 33 20 20 35 24 35 24 38 49 21 33 26 24 41 37 40 72 28 139 27 21 25 30 21 35 20 44
leaf_count=22 24 43 25 33 20 20 35 24 35 24 38 49 21 33 26 24 41 37 40 72 28 139 27 21 25 30 21 35 20 44
internal_value=-2.58783e-12 0.000417507 -0.000676388 0.000678153 0.000778287 0.000872001 -0.000662391 -0.000781297 -0.000197706 -0.00087764 -0.000638067 -0.00040501 0.00112928 -0.00167312 -0.000777533 0.000970461 0.0010694 0.000593844 0.000878612 0.000371145 0.00161125 0.0018627 -0.000344662 -0.000649969 0.00145582 0.00182105 -0.00162744 -0.00216407 -1.58765e-05 0.000492184
internal_weight=1076 660 127 533 509 489 416 394 102 67 370 302 59 68 243 469 445 237 200 130 208 180 161 134 58 70 82 61 85 64
internal_count=1076 660 127 533 509 489 416 394 102 67 370 302 59 68 243 469 445 237 200 130 208 180 161 134 58 70 82 61 85 64
is_linear=0
shrinkage=0.05


Tree=47
num_leaves=31
num_cat=0
split_feature=11 39 11 49 52 31 21 4 20 35 5 16 16 13 1 12 64 28 12 18 16 14 71 62 52 40 29 65 68 25
split_gain=0.112864 0.0536442 0.0475967 0.0441879 0.055418 0.052935 0.0640465 0.0620761 0.0510765 0.0465691 0.0461314 0.0395587 0.0504532 0.0469306 0.0393835 0.0377647 0.0377359 0.0464787 0.0492389 0.0543349 0.0402489 0.0408818 0.0407071 0.0345382 0.0576228 0.032641 0.0300505 0.030023 0.0275155 0.0271061
threshold=-0.57908380031585682 1.659269452095032 1.2820724844932558 0.96849033236503612 0.075925339013338103 0.39023439586162573 0.60567161440849315 1.4624070525169375 0.30870082974433904 -0.27117091417312617 1.1785136461257937 -0.83752843737602223 -1.0987113714218137 -0.1789109408855438 0.43939317762851721 -0.45538747310638422 1.1745851635932925 0.65658438205719005 0.1756343021988869 -0.15236600488424298 -0.31085075438022608 -0.24851504713296887 -0.51572832465171803 -0.10012387484312056 0.039791399613022811 -0.05379210598766803 0.91748839616775524 0.11282204836606981 0.61587908864021312 -0.22837161272764203
decision_type=2 2 2 2 2 2 2 2 2 2 2 2 2 2 2 2 2 2 2 2 2 2 2 2 2 2 2 2 2 2
left_child=16 2 3 5 8 6 7 11 -5 -7 23 12 -2 29 -6 -15 17 18 20 -20 22 -22 -1 -11 -25 -26 -16 -21 -19 -13
right_child=1 -3 -4 4 14 9 -8 -9 -10 10 -12 13 -14 15 26 -17 -18 28 19 27 21 -23 -24 24 25 -27 -28 -29 -30 -31
leaf_value=-0.00037284044904963058 0.0010430803577279827 -0.0018119109071919632 0.002104042833027626 -0.00049372257348388813 -0.001160058863640118 0.0030399570434903062 -0.00121450536707285 -0.0019565811422653499 -0.0034253777601406911 0.0014980084859416822 0.0027697321958839896 0.0024327868488434631 -0.0017512416064606182 -0.0011993312278516695 0.00010535836425753167 0.00082495367660158087 -0.0022749078684350158 -0.0010740965807532873 0.0030624093872029337 -0.0013785963973284446 0.0019323896871702301 -0.0011875075892367889 -0.0028195412834654291 -0.0021583940148120749 -0.0002444604001204042 0.0020818110629916191 0.0026161930047568275 0.0012980766373220831 -0.0033362204674631359 0.00099566800130085776
leaf_weight=34 30 29 38 39 26 28 71 25 24 52 26 51 35 36 26 64 41 41 20 22 21 21 34 25 38 25 22 20 20 92
leaf_count=34 30 29 38 39 26 28 71 25 24 52 26 51 35 36 26 64 41 41 20 22 21 21 34 25 38 25 22 20 20 92
internal_value=-9.57843e-13 0.000299316 0.000378521 0.000289311 -0.000520658 0.000474872 0.000148884 0.000439577 -0.00161054 0.00115373 0.000835575 0.00063407 -0.000461555 0.000927139 0.000407217 9.62111e-05 -0.0008761 -0.000629958 -0.000209406 0.000917429 -0.000844531 0.000372441 -0.00159619 0.000476374 -0.000127319 0.000678663 0.00125616 -0.00010399 -0.00181578 0.00150821
internal_weight=1076 802 773 735 137 598 404 333 63 194 166 308 65 243 74 100 274 233 172 62 110 42 68 140 88 63 48 42 61 143
internal_count=1076 802 773 735 137 598 404 333 63 194 166 308 65 243 74 100 274 233 172 62 110 42 68 140 88 63 48 42 61 143
is_linear=0
shrinkage=0.05


Tree=48
num_leaves=31
num_cat=0
split_feature=11 39 43 66 56 20 54 50 12 15 23 43 53 12 74 23 64 45 54 67 26 28 67 58 45 36 28 1 28 39
split_gain=0.102249 0.0483778 0.0451466 0.0399263 0.0392006 0.0563557 0.0591244 0.0483077 0.0388001 0.0510738 0.0607831 0.0482363 0.0531041 0.0441302 0.0410376 0.0334643 0.0327231 0.0314114 0.0292678 0.0374663 0.0303219 0.0384303 0.0375536 0.0353993 0.0348472 0.0291233 0.0276635 0.026895 0.0259533 0.0236283
threshold=-0.34816627204418177 1.659269452095032 -0.94583776593208302 0.47672019898891455 1.004010081291199 0.90146541595458995 0.30755203962326055 0.36647957563400274 -0.84391731023788441 0.14881779253482821 -0.87516814470291127 0.55028587579727184 -0.42630474269390101 0.88870644569396984 -0.14852225035428998 1.291702449321747 -0.41730874776840204 -1.3276280760765073 -1.2077434062957761 -0.64879918098449696 -0.51164835691452015 -0.14868687093257901 0.57183820009231578 0.43709306418895727 0.15453805029392245 -0.67713558673858631 -0.13641139119863507 1.0360955595970156 0.026882902719080452 0.56980666518211376
decision_type=2 2 2 2 2 2 2 2 2 2 2 2 2 2 2 2 2 2 2 2 2 2 2 2 2 2 2 2 2 2
left_child=8 2 3 16 5 15 -7 -8 17 10 28 12 -12 14 -11 18 -2 -1 -4 -20 23 25 24 27 -23 -22 -6 -21 -10 -26
right_child=1 -3 4 -5 26 6 7 -9 9 13 11 -13 -14 -15 -16 -17 -18 -19 19 20 21 22 -24 -25 29 -27 -28 -29 -30 -31
leaf_value=-0.00043679634716523735 -0.0014860301699844145 -0.0017977230078451195 -0.00067896974120658881 -0.0021423471160233023 0.00047912521801593425 0.0011084295218876962 -0.0030303531632413189 -0.00010789628140628338 2.4547403445467352e-05 -0.00044682486448436979 0.0031928750506091501 -0.0010014813668517903 0.00028919683784920384 -9.7384533828830927e-05 -0.0027859865553264175 -0.00094066151259539774 0.00097332725509707081 -0.0027898100100935915 -0.00057081297938046721 0.00049193252068520951 0.00054803762415593323 0.0027930284036431531 -0.000605172325637849 -0.00095488790027571451 -0.00048280710470862689 0.0026200806600910082 0.0026072956621646885 0.0021388767680150522 -0.0024382097008840546 0.0017922163120515291
leaf_weight=23 21 26 34 30 26 28 31 26 20 30 31 22 32 58 50 32 38 37 42 110 22 28 34 33 25 74 37 32 23 21
leaf_count=23 21 26 34 30 26 28 31 26 20 30 31 22 32 58 50 32 38 37 42 110 22 28 34 33 25 74 37 32 23 21
internal_value=3.93023e-12 0.000321345 0.000397444 -0.000657198 0.00054526 0.000414883 -0.000773061 -0.0016973 -0.00073929 -0.000480223 0.000239164 0.00101413 0.00171799 -0.00114748 -0.0019088 0.000622224 9.79627e-05 -0.00188782 0.000732141 0.000846103 0.00100312 0.00141734 0.000770327 0.000520259 0.00140231 0.00214524 0.001729 0.000863075 -0.00129274 0.000555791
internal_weight=1076 750 724 89 635 572 85 57 326 266 128 85 63 138 80 487 59 60 455 421 379 204 108 175 74 96 63 142 43 46
internal_count=1076 750 724 89 635 572 85 57 326 266 128 85 63 138 80 487 59 60 455 421 379 204 108 175 74 96 63 142 43 46
is_linear=0
shrinkage=0.05


Tree=49
num_leaves=31
num_cat=0
split_feature=11 8 45 12 10 22 49 45 33 45 10 49 72 64 37 39 23 57 45 38 16 34 11 32 30 58 42 39 61 64
split_gain=0.0922797 0.0469576 0.0422701 0.0406678 0.040104 0.0422906 0.0435109 0.0501095 0.0443678 0.039038 0.0372921 0.0428737 0.0361507 0.0360129 0.0544845 0.0486999 0.0413251 0.0490651 0.050116 0.0377781 0.0320843 0.0467368 0.0308467 0.0305403 0.0402028 0.0287501 0.0293055 0.02874 0.0286942 0.0420929
threshold=-0.34816627204418177 -0.54930958151817311 1.4780659675598147 -0.35809026658534998 2.0551315546035771 -0.82684305310249318 0.98372924327850353 0.57105895876884472 -0.72869858145713795 1.1200256347656252 -0.83344888687133778 0.7367912530899049 0.61523130536079418 1.1745851635932925 1.0000000180025095e-35 0.44665592908859258 -1.3176247477531431 -0.057293215766549103 -0.19871734827756879 0.82910481095314037 -0.47615887224674219 0.44884462654590612 -1.1208649277687071 -0.17750409990549085 -0.48675854504108423 -0.6549353003501891 -0.018187531270086762 0.44665592908859258 0.17713283002376559 0.67622703313827526
decision_type=2 2 2 2 2 2 2 2 2 2 2 2 2 2 2 2 2 2 2 2 2 2 2 2 2 2 2 2 2 2
left_child=13 9 3 12 5 -5 8 -8 -7 10 -2 23 25 14 15 16 -1 18 -18 -15 -16 -22 -19 24 -12 -3 -27 -13 -10 -30
right_child=1 2 -4 4 -6 6 7 -9 28 -11 11 27 -14 19 20 -17 17 22 -20 -21 21 -23 -24 -25 -26 26 -28 -29 29 -31
leaf_value=-0.0018804677187718507 -0.00087649307150224401 -0.0012793071188064843 -0.0016487425243082857 -0.0013874685437864779 -0.0015423738443211693 -0.00099368556508455772 0.0012988557852804663 -0.0016499534718390993 0.0020009784731689468 0.0029306479591122343 0.0015168968284649126 -0.0018094546103384346 -0.0021172687989370578 -0.0030156873002265311 -0.0029292302696766067 0.0020416500382125376 0.00010949607894872315 -0.0024373982208392895 0.0029475145951090827 -0.00022841421596240253 0.00080103853736848891 -0.0021592244611504919 -1.4096051243792191e-05 0.0027852155568931876 -0.00065539074961894336 0.00094349904199286056 -0.0012665349912276726 0.00069126898112396406 0.0013029419737041539 -0.0012681934668216854
leaf_weight=34 33 38 35 24 23 22 25 34 94 21 89 20 29 31 28 25 60 24 21 20 24 30 29 30 28 60 20 27 78 20
leaf_count=34 33 38 35 24 23 22 25 34 94 21 89 20 29 31 28 25 60 24 21 20 24 30 29 30 28 60 20 27 78 20
internal_value=-1.81666e-13 0.000305278 2.72e-05 0.000152806 0.000469049 0.000624816 0.00080172 -0.000400458 0.00113316 0.000868161 0.000677358 0.000941673 -0.000535614 -0.000702326 -0.000476013 -1.72716e-05 -0.000323659 7.13525e-05 0.000845279 -0.00192264 -0.00155573 -0.000843552 -0.00111144 0.00136197 0.000997033 -0.000146902 0.000390991 -0.000372869 0.00137686 0.00077822
internal_weight=1076 750 502 467 320 297 273 59 214 248 227 194 147 326 275 193 168 134 81 51 82 54 53 147 117 118 80 47 192 98
internal_count=1076 750 502 467 320 297 273 59 214 248 227 194 147 326 275 193 168 134 81 51 82 54 53 147 117 118 80 47 192 98
is_linear=0
shrinkage=0.05


Tree=50
num_leaves=31
num_cat=0
split_feature=5 55 69 49 69 26 38 64 41 58 59 69 54 13 41 4 31 31 47 25 28 2 58 50 44 25 53 12 65 72
split_gain=0.0769013 0.0618767 0.0566389 0.0541909 0.043243 0.0426504 0.051649 0.0382556 0.0380013 0.0422432 0.0344987 0.0343901 0.0627977 0.0356809 0.04699 0.0340441 0.0337472 0.0328729 0.0513642 0.0410568 0.0479474 0.054947 0.0446755 0.0443178 0.0391682 0.0317921 0.0406916 0.0300501 0.027447 0.0275477
threshold=-0.2668748646974563 1.7515504956245425 -0.82781925797462452 0.74828058481216442 -0.97350594401359547 1.5380377769470217 0.94490760564804088 1.8130937218666079 0.5758749544620515 1.3799327015876772 -0.84825190901756276 -0.91258755326271046 -0.32311108708381647 1.9409323334693911 -0.25363212823867792 -0.58194395899772633 1.589852571487427 0.37423232197761541 0.88587680459022533 0.19422673434019092 -0.33977761864662165 0.085808284580707564 0.44721652567386633 -0.31687758862972254 -0.70838782191276539 0.42398658394813543 0.37354665994644171 0.51462420821189891 0.75056731700897228 -0.15149125456809995
decision_type=2 2 2 2 2 2 2 2 2 2 2 2 2 2 2 2 2 2 2 2 2 2 2 2 2 2 2 2 2 2
left_child=7 2 3 4 -2 10 -7 8 9 11 -4 12 -1 14 15 -13 17 19 25 23 21 -21 -22 24 -12 26 -19 -27 29 -10
right_child=1 -3 5 -5 -6 6 -8 -9 28 -11 16 13 -14 -15 -16 -17 -18 18 -20 20 22 -23 -24 -25 -26 27 -28 -29 -30 -31
leaf_value=0.0023967061807828333 0.00096040431093316267 -0.0018851824638356147 -0.00081508821222087136 -0.0027012826185673477 -0.0017650514206087047 -0.0024327504409787557 0.00078382333203290519 -0.0026146679856104867 0.00057915772602427755 -0.0020195592769847157 0.0011094048124505207 -0.0023239085399028329 -0.00067335664244901929 0.0012946167455326456 0.00025443257518611761 -0.00049801533291968757 -0.0011261842917883768 0.0021059094739030114 -6.1607189908078543e-05 -0.00032403452534471517 0.00022409004969117438 0.0025174318730865641 -0.0028923269776303488 0.0019894540929108659 -0.001494892592414875 0.0020248478738833409 -0.00042019044328480966 0.0042855031389210912 -0.0030015821657365278 -0.0018691445455058583
leaf_weight=36 43 30 32 25 22 24 26 21 20 29 42 45 31 30 94 59 20 44 41 46 23 27 23 78 22 49 25 21 21 27
leaf_count=36 43 30 32 25 22 24 26 21 20 29 42 45 31 30 94 59 20 44 41 46 23 27 23 78 22 49 25 21 21 27
internal_value=3.67247e-12 0.000333618 0.000438774 -0.000722953 3.79424e-05 0.000631326 -0.000760132 -0.000535565 -0.000424185 -0.000198653 0.000772447 -1.96483e-05 0.000976229 -0.000312297 -0.000555768 -0.00128807 0.000882645 0.000973748 0.00149357 0.000615251 -6.97847e-05 0.000726919 -0.00133412 0.00118933 0.000214178 0.00195229 0.00119066 0.00270304 -0.00149878 -0.000827314
internal_weight=1076 663 633 90 65 543 50 413 392 324 493 295 67 228 198 104 461 441 180 261 119 73 46 142 64 139 69 70 68 47
internal_count=1076 663 633 90 65 543 50 413 392 324 493 295 67 228 198 104 461 441 180 261 119 73 46 142 64 139 69 70 68 47
is_linear=0
shrinkage=0.05


Tree=51
num_leaves=31
num_cat=0
split_feature=9 24 20 46 52 61 27 37 47 55 55 46 9 32 24 63 39 50 56 27 70 2 24 31 24 4 27 4 34 25
split_gain=0.0785591 0.0491294 0.0401231 0.0481885 0.0427235 0.0372788 0.0407548 0.0379523 0.0363223 0.0381956 0.0344856 0.0354552 0.0457075 0.036466 0.0427892 0.0353381 0.0326819 0.0325648 0.0372122 0.0355061 0.032211 0.0319857 0.0316769 0.0354628 0.0311348 0.0297844 0.0276537 0.0270123 0.0269137 0.0243051
threshold=-0.63374409079551686 0.95595151185989391 -0.9620656669139861 -0.69768503308296193 -0.50542896986007679 -0.23141652345657346 0.38537436723709112 -0.1498225927352905 1.5192607641220095 1.7515504956245425 -1.0255312323570249 -0.36590026319026941 1.0283948779106142 -0.18917943537235257 -0.28871227800846094 0.69171470403671276 0.50848096609115612 -0.061006972566246979 -0.11094891279935835 0.83522948622703563 0.69325727224349987 -0.10334043204784392 -0.70924553275108326 -0.85087722539901722 -0.69604986906051625 0.91237840056419384 -0.27996562421321863 0.5012681931257249 0.27102939784526831 0.44807118177413946
decision_type=2 2 2 2 2 2 2 2 2 2 2 2 2 2 2 2 2 2 2 2 2 2 2 2 2 2 2 2 2 2
left_child=2 8 -1 4 -4 25 7 -7 9 10 20 12 13 14 21 22 -9 19 -19 -5 -2 24 -13 -24 29 -3 -25 28 -28 -12
right_child=1 5 3 17 -6 6 -8 16 -10 -11 11 15 -14 -15 -16 -17 -18 18 -20 -21 -22 -23 23 26 -26 -27 27 -29 -30 -31
leaf_value=-0.002123991586977798 0.00059230294880560706 -0.0006331231738643155 0.0025154123135270432 -0.0021936738407081673 -0.00029180832383589767 -0.0001875711064785719 0.00071758238958533516 -0.0038225295720621943 -0.0015828828011373326 -0.001562714708381377 0.00057948762393632053 0.0025916780613792633 0.0014409117998891614 -0.0015465985750779511 0.0020186168041305039 0.0027665101397301882 -0.0011108102626167238 -0.0013533290737541394 0.0003386516342981763 0.00023895483347587286 -0.001570359498939731 0.00074396964774923482 -0.001156413433173756 0.002443753546793704 -0.0024725087053957396 0.0019713342616644999 0.00062954284399944615 -0.00043913724795474038 0.0025098422103418182 -0.0015839275094913321
leaf_weight=41 36 23 23 60 33 25 22 25 21 21 37 26 72 33 29 31 20 53 84 20 33 63 22 27 20 21 71 38 26 20
leaf_count=41 36 23 23 60 33 25 22 25 21 21 37 26 72 33 29 31 20 53 84 20 33 63 22 27 20 21 71 38 26 20
internal_value=-4.12383e-12 0.000274252 -0.000665541 -0.000446506 0.000861157 -0.000587101 -0.00115959 -0.00174955 0.000461383 0.000532341 0.000607677 0.000748315 0.000359234 -2.63142e-05 0.000270546 0.00119067 -0.00261732 -0.000783968 -0.00031591 -0.00158552 -0.000442014 -9.15542e-05 0.000958048 0.000727209 -0.000775165 0.000609913 0.00098301 0.000690861 0.00113354 -0.000179605
internal_weight=1076 762 314 273 56 136 92 70 626 605 584 515 274 202 169 241 45 217 137 80 69 140 210 184 77 44 162 135 97 57
internal_count=1076 762 314 273 56 136 92 70 626 605 584 515 274 202 169 241 45 217 137 80 69 140 210 184 77 44 162 135 97 57
is_linear=0
shrinkage=0.05


Tree=52
num_leaves=31
num_cat=0
split_feature=11 39 37 39 49 2 23 45 45 37 69 31 11 69 69 64 64 27 68 62 67 42 12 70 70 61 9 23 39 49
split_gain=0.0727714 0.0395566 0.0398406 0.0647913 0.0454433 0.0593413 0.0346424 0.034471 0.0452914 0.0317705 0.0418992 0.034092 0.0427455 0.0466774 0.0321435 0.0273055 0.0404495 0.0320439 0.0560427 0.0418124 0.0401926 0.0432265 0.0372744 0.0363551 0.03145 0.0264899 0.0257188 0.0243818 0.0232016 0.0224457
threshold=-0.57908380031585682 1.659269452095032 -0.85415932536125172 -1.4017884135246275 0.96849033236503612 1.2750426530838015 -1.3487192392349241 0.37278257310390478 1.1360871195793154 0.071849156171083464 0.97027087211608898 -1.160131514072418 -1.8476388454437254 -1.1666372418403623 0.17531640827655795 1.4016559123992922 1.1745851635932925 0.073930919170379653 0.61587908864021312 -0.046591041609644883 0.23440852016210559 -0.86833634972572316 0.34763641655445104 -0.033180119469761842 -0.47514531016349787 0.62053412199020397 -0.7444782257080077 0.52362459897995006 0.58902579545974743 -0.14751324802637097
decision_type=2 2 2 2 2 2 2 2 2 2 2 2 2 2 2 2 2 2 2 2 2 2 2 2 2 2 2 2 2 2
left_child=9 2 3 -2 6 7 -4 -6 28 10 11 -1 -13 -14 -15 16 17 20 19 22 25 -22 27 -23 -21 -8 -11 -19 -9 -26
right_child=1 -3 4 -5 5 -7 15 8 -10 26 -12 12 13 14 -16 -17 -18 18 -20 24 21 23 -24 -25 29 -27 -28 -29 -30 -31
leaf_value=-0.0018531161838757767 0.0013885522466152908 -0.0015725959325209261 -0.0012253669299146473 -0.0016644559295647861 0.0012774263114596789 -0.0027645964593499563 0.0012571244837485923 -0.0022281741066234968 0.0013518488720364987 -0.0023593352532109502 0.001337623293705595 -0.0017853487135760266 0.0022990882962899794 -0.0011507750618168049 0.0010314262008587658 0.0021819450240582231 -0.001518947998106125 0.00169761610183438 0.0025382408426903227 0.0015573817564962576 0.00088699811603873977 -0.0004075258940325252 0.0032064558057438423 -0.0030390223909524225 -0.0017636666691902539 -0.00055034420578382339 -0.00037583918730468635 1.4517733003371037e-05 -0.00010505361027422953 6.9271347706862659e-05
leaf_weight=46 25 29 24 57 39 22 92 31 22 44 30 34 22 45 27 30 21 48 53 26 33 35 23 21 23 26 26 39 22 61
leaf_count=46 25 29 24 57 39 22 92 31 22 44 30 34 22 45 27 30 21 48 53 26 33 35 23 21 23 26 26 39 22 61
internal_value=-2.82958e-12 0.000240344 0.000308358 -0.000733661 0.000432013 -0.000387099 0.000632732 7.17169e-05 -0.000555252 -0.000703487 -0.000388103 -0.000685642 -0.00026608 0.000283442 -0.00033245 0.000716714 0.000628976 0.000722947 0.00107868 0.000727061 0.00025379 -0.000548449 0.00141637 -0.00139434 3.77559e-05 0.000858869 -0.00162261 0.000943124 -0.00134688 -0.000432605
internal_weight=1076 802 773 82 691 136 555 114 75 274 204 174 128 94 72 531 501 480 273 220 207 89 110 56 110 118 70 87 53 84
internal_count=1076 802 773 82 691 136 555 114 75 274 204 174 128 94 72 531 501 480 273 220 207 89 110 56 110 118 70 87 53 84
is_linear=0
shrinkage=0.05


Tree=53
num_leaves=31
num_cat=0
split_feature=11 8 43 21 31 50 64 51 26 30 68 48 61 71 50 37 64 64 13 11 27 31 33 52 67 59 16 21 47 58
split_gain=0.0656762 0.0380472 0.029043 0.0446316 0.0432261 0.0314956 0.0329575 0.0313163 0.0440462 0.0376428 0.051395 0.0516751 0.0343693 0.0381422 0.0288728 0.0286729 0.0400123 0.0404531 0.0357875 0.0298311 0.0268323 0.0252647 0.0247937 0.0315695 0.0228415 0.0221375 0.0279553 0.0245462 0.0236041 0.0205353
threshold=-0.57908380031585682 -0.54930958151817311 -0.62364977598190297 -0.95640286803245533 1.589852571487427 0.157134585082531 0.097892787307500853 -0.74380928277969349 1.5548978447914126 0.42691205441951757 0.093014519661664977 0.21700096130371097 0.62053412199020397 0.57963863015174877 0.038947360590100295 0.071849156171083464 1.1745851635932925 0.67256790399551403 1.9409323334693911 -1.5724021196365354 -0.78881454467773426 0.75249466300010692 0.41464589536190039 0.21278264373540881 -0.091987542808055864 -0.084165059030055986 -0.82730934023857106 0.54033523797988903 0.38373129069805151 -0.58444219827651966
decision_type=2 2 2 2 2 2 2 2 2 2 2 2 2 2 2 2 2 2 2 2 2 2 2 2 2 2 2 2 2 2
left_child=15 14 5 -4 7 6 -3 -5 9 12 -11 -12 21 -14 20 16 17 18 19 -1 -2 -9 23 -17 -16 26 -22 28 29 -27
right_child=1 2 3 4 -6 -7 -8 8 -10 10 11 -13 13 -15 24 22 -18 -19 -20 -21 25 -23 -24 -25 -26 27 -28 -29 -30 -31
leaf_value=-0.0019155787410502518 -0.0012104436387413776 -0.0024429674690408221 0.0020690616107834825 -0.0011581573405120976 -0.0017878119968615163 0.00032849709560174405 -0.00019904773837576314 0.0009610445153452736 -0.0012432680127975077 0.0029802876080132347 0.0024066449550446123 -0.00087445846234913928 -0.0021969649978787996 0.00012709519741210072 0.000728862444239278 -0.0023637155291825452 -0.0019921547762351112 0.0020472608203999701 0.0010579197133691717 -0.00021070560419790543 -0.001075252315015806 -0.00096195638296194376 -0.0030293364802491851 0.00016732249080502829 0.0026641952052402001 0.0009094591948225917 0.0011535462420094215 4.4850494014099247e-05 0.00015619159842442191 0.0029095562351303117
leaf_weight=38 22 36 29 39 30 42 30 117 39 33 20 30 26 55 31 22 32 20 35 79 34 20 20 28 30 21 24 40 21 33
leaf_count=38 22 36 29 39 30 42 30 117 39 33 20 30 26 55 31 22 32 20 35 79 34 20 20 28 30 21 24 40 21 33
internal_value=1.32536e-13 0.000228326 -7.4866e-06 0.000173593 3.91954e-05 -0.000741865 -0.001423 0.000183813 0.000337745 0.000542594 0.00144878 0.000437983 0.000197579 -0.000618899 0.000731271 -0.000668313 -0.000368697 -6.66589e-05 -0.000344806 -0.000764425 0.000434281 0.000680314 -0.00154148 -0.000946334 0.00168067 0.000643437 -0.000152991 0.00104511 0.00157859 0.00213174
internal_weight=1076 802 546 438 409 108 66 379 340 301 83 50 218 81 256 274 204 172 152 117 195 137 70 50 61 173 58 115 75 54
internal_count=1076 802 546 438 409 108 66 379 340 301 83 50 218 81 256 274 204 172 152 117 195 137 70 50 61 173 58 115 75 54
is_linear=0
shrinkage=0.05


Tree=54
num_leaves=31
num_cat=0
split_feature=11 54 23 35 43 74 32 12 64 71 53 15 41 31 72 66 23 44 64 38 70 50 20 51 72 28 39 37 74 57
split_gain=0.0598027 0.0386939 0.0491714 0.0421749 0.0393407 0.0702209 0.0436514 0.0433317 0.0424975 0.0426711 0.0428522 0.0391895 0.0373614 0.0329282 0.0319684 0.0300144 0.0277386 0.0314064 0.0268846 0.0500976 0.0450858 0.0316405 0.0289968 0.0253752 0.0254489 0.0243759 0.0242146 0.0236772 0.0234229 0.0230195
threshold=0.71849864721298229 -1.1809675097465513 -1.3487192392349241 0.66796803474426281 -0.81355679035186756 -0.14072469621896741 -0.46406228840351099 1.8327422738075259 -0.093578092753887163 -0.90352389216423024 0.19831053912639621 -1.0352593064308164 -1.051150858402252 0.042241930961608894 0.016451664268970493 0.7599584460258485 0.76251366734504711 0.27198848128318792 0.40622696280479437 -0.78535938262939442 0.36746561527252203 -0.08869521319866179 -0.039190595969557755 0.85438764095306408 -0.31990574300289149 0.58244597911834728 -0.93357989192008961 0.55317652225494396 0.568315088748932 -0.40266445279121393
decision_type=2 2 2 2 2 2 2 2 2 2 2 2 2 2 2 2 2 2 2 2 2 2 2 2 2 2 2 2 2 2
left_child=1 11 14 4 6 12 -4 8 28 -10 25 -1 -6 -12 -3 23 17 -14 22 -20 21 -21 -2 27 -25 29 -8 -5 -7 -11
right_child=18 2 3 15 5 7 26 -9 9 10 13 -13 16 -15 -16 -17 -18 -19 19 20 -22 -23 -24 24 -26 -27 -28 -29 -30 -31
leaf_value=0.00039928091989297956 0.00065640724433150253 -8.9984580081363679e-05 0.0007421547157545796 -0.0026199858953987135 0.003500704129692167 -0.00051002933534853643 -0.00032400385455482388 0.0021277117098427631 -0.0017862400018864057 0.0010747135616838933 -0.0020151968870777636 -0.001823296827805119 0.00100011532938677 0.00049126522897399575 -0.0022270190927277628 0.0010261807950552215 -0.00027150608545455795 0.0033195562753826381 0.0019293104246532059 -0.0031442409381270409 0.00082856628328694835 -0.00048668360395822676 0.0022898404324223523 -0.0014227426783181727 0.00067871574120705622 0.00016782376280223782 -0.0021991061842628469 -0.00076267915224102712 -0.0026159535822681272 0.0034449125989340248
leaf_weight=28 180 30 42 32 20 31 33 22 22 21 20 68 54 38 42 22 26 20 23 21 28 24 32 25 34 22 36 37 23 20
leaf_count=28 180 30 42 32 20 31 33 22 22 21 20 68 54 38 42 22 26 20 23 21 28 24 32 25 34 22 36 37 23 20
internal_value=1.25605e-13 -0.000236058 -0.000101917 4.62432e-05 0.000288269 0.000555783 -0.000528734 2.30961e-05 -0.000211937 0.000239344 0.000607632 -0.00117504 0.00152794 -0.000373032 -0.00133659 -0.000679833 0.00113338 0.00162699 0.000588613 -0.000105578 -0.000746707 -0.00172688 0.000902963 -0.000973054 -0.000211733 0.00151047 -0.00130232 -0.00162404 -0.001407 0.00223091
internal_weight=1076 768 672 600 450 339 111 219 197 143 121 96 120 58 72 150 100 74 308 96 73 45 212 128 59 63 69 69 54 41
internal_count=1076 768 672 600 450 339 111 219 197 143 121 96 120 58 72 150 100 74 308 96 73 45 212 128 59 63 69 69 54 41
is_linear=0
shrinkage=0.05


Tree=55
num_leaves=31
num_cat=0
split_feature=9 55 50 74 29 30 38 17 12 30 66 20 46 74 72 15 21 70 15 50 27 56 54 71 71 45 18 20 38 48
split_gain=0.0560768 0.0416535 0.0345491 0.0399946 0.0333615 0.0351339 0.0591402 0.0499846 0.0412841 0.036513 0.0334532 0.0331072 0.0375461 0.0360707 0.0327439 0.0321013 0.028866 0.0286695 0.0531456 0.0285608 0.031279 0.0302706 0.0280624 0.0279161 0.0407414 0.0262547 0.0298678 0.0256322 0.0248482 0.023143
threshold=-0.63374409079551686 1.7515504956245425 1.0913188457489016 0.89356735348701488 1.4068868756294253 -0.55021145939826954 0.022135880775749687 0.45994327962398535 -0.24206321686506269 -0.081856749951839433 -0.15149332582950589 -0.9620656669139861 -0.69768503308296193 -0.3753026127815246 0.56306356191635143 0.63935899734497081 -0.27405132353305811 0.034762116149067886 -0.48232007026672358 -0.061006972566246979 0.83522948622703563 -0.11094891279935835 -0.33538922667503351 -0.81820601224899281 -0.1833338066935539 -0.19871734827756879 -0.079397201538085924 -0.83296367526054371 -0.021444773301482197 -0.18677306175231931
decision_type=2 2 2 2 2 2 2 2 2 2 2 2 2 2 2 2 2 2 2 2 2 2 2 2 2 2 2 2 2 2
left_child=11 2 4 14 5 6 17 8 23 -9 16 -1 13 -13 -4 -12 -10 18 27 20 -14 -21 -19 -7 -25 26 -23 -2 -26 -11
right_child=1 -3 3 -5 -6 7 -8 9 10 29 15 12 19 -15 -16 -17 -18 22 -20 21 -22 25 -24 24 28 -27 -28 -29 -30 -31
leaf_value=-0.0018871170096667258 -3.6754902248503646e-05 -0.0018182290055847262 -0.0010664207867882921 -0.0024305517448026323 0.0023357907029673119 0.0010758005029691215 0.0032987678952684459 0.00031121604765454932 0.0028748365722734621 -0.0031583887009349258 0.00069653902460278501 0.0021540326473768801 -0.0019826755915225173 -0.00039041938376612964 0.0012364799437787513 -0.0011297330784145743 0.00087254683840674938 0.00054177860354499548 0.00091340552218995691 -0.0011585400955430847 0.00030056119256187234 0.0010196189081002757 0.0022839895336227 -0.0024234345327292027 0.0010878177863560268 0.0014943257599952632 -0.001393118323276526 -0.0023243826394900679 -0.0011874195166456049 -0.00096260697464458647
leaf_weight=41 24 24 33 23 22 22 22 30 27 21 97 26 60 30 29 32 54 59 75 53 20 23 38 29 24 32 29 25 24 28
leaf_count=41 24 24 33 23 22 22 22 30 27 21 97 26 60 30 29 32 54 59 75 53 20 23 38 29 24 32 29 25 24 28
internal_value=1.74123e-12 0.000231709 0.000298374 -0.000649843 0.000421802 0.00035507 0.000826515 5.98089e-05 0.000346759 -0.00106257 0.000743576 -0.0005623 -0.000363335 0.000790933 1.07425e-05 0.00024351 0.00153998 0.000580408 7.67236e-05 -0.000661211 -0.00141187 -0.000222872 0.00122429 -0.000494974 -0.000943767 0.000367491 -0.000325946 -0.00120391 -4.98009e-05 -0.00190366
internal_weight=1076 762 738 85 653 631 243 388 309 79 210 314 273 56 62 129 81 221 124 217 80 137 97 99 77 84 52 49 48 49
internal_count=1076 762 738 85 653 631 243 388 309 79 210 314 273 56 62 129 81 221 124 217 80 137 97 99 77 84 52 49 48 49
is_linear=0
shrinkage=0.05


Tree=56
num_leaves=31
num_cat=0
split_feature=9 54 40 37 59 41 54 40 69 32 42 67 31 67 10 8 71 8 10 10 4 46 19 73 39 71 25 31 66 54
split_gain=0.0514146 0.0456372 0.035762 0.0453978 0.0409665 0.033382 0.0308192 0.0333406 0.0299667 0.0307786 0.0385404 0.030363 0.0294192 0.0294121 0.0376541 0.028097 0.048221 0.030546 0.0330181 0.0350405 0.0284376 0.0345721 0.0276018 0.0262617 0.0276977 0.0324358 0.0258094 0.0401837 0.0242497 0.0242033
threshold=0.60673049092292797 -1.1809675097465513 -0.44376303255558008 -1.8868104219436643 -0.92873239517211903 1.0917453765869143 0.79047837853431713 0.096895325928926482 -1.4847893118858335 -0.38705313205718989 -0.39142307639122004 0.45124585926532751 -0.68025165796279896 0.3313650935888291 -0.97463747859001149 0.37545418739318853 0.33103354275226599 0.5267133116722108 0.13053964823484424 -0.10715020447969435 1.4136203527450564 0.292771726846695 0.40228711068630224 -0.74000227451324452 -0.37926515936851496 0.21484523266553882 0.11644145473837854 0.33163242042064672 -0.083683602511882768 0.7640981674194337
decision_type=2 2 2 2 2 2 2 2 2 2 2 2 2 2 2 2 2 2 2 2 2 2 2 2 2 2 2 2 2 2
left_child=1 13 4 -4 -3 6 12 -8 -5 11 -11 28 -2 14 -1 16 22 -17 19 -19 -20 -22 29 -6 25 -25 -14 -28 -10 -12
right_child=5 2 3 8 23 -7 7 -9 9 10 15 -13 26 -15 -16 17 -18 18 20 -21 21 -23 -24 24 -26 -27 27 -29 -30 -31
leaf_value=-0.0017609795778324563 -0.00025671096170873695 -0.0013646188942301606 -0.0022725933072381718 0.0012528853639113633 0.0023413199740885335 -0.0010264171626962102 -0.0013311019230803306 0.0011487719833182738 0.0012548238917423245 -0.0021457502082216019 -0.00010140887374291198 0.0021535728645341642 0.0020882633397305323 -0.0026152711935407882 0.00069900929021449502 -0.002539523796267098 0.0019786229950841516 -0.00059244299013896484 0.0010059468417117994 -0.003099319464527071 -0.0021142221658247643 0.00072819762630388146 0.0010500554375959417 -0.0019811465737542937 0.00091848914348239782 0.0006183658198486748 -0.00012600226701969014 0.0017598283549631834 -0.00087560319028424981 -0.002060987085077124
leaf_weight=35 38 27 28 33 22 30 33 23 22 33 40 22 63 28 28 21 30 46 45 20 23 20 26 21 118 28 56 57 34 26
leaf_count=35 38 27 28 33 22 30 33 23 22 33 40 22 63 28 28 21 30 46 45 20 23 20 26 21 118 28 56 57 34 26
internal_value=-1.0963e-12 -0.0002149 -7.5143e-05 -0.000320318 0.000457205 0.000555875 0.000731685 -0.000312582 -0.000196364 -0.000313583 -0.000524715 0.000579669 0.00100495 -0.00126692 -0.000667651 -0.0003446 0.000237853 -0.000750653 -0.000506716 -0.0013521 0.000127323 -0.000792166 -0.000329789 0.000717465 0.000503544 -0.000495711 0.00127736 0.000825257 -3.86497e-05 -0.000873364
internal_weight=1076 776 685 469 216 300 270 56 441 408 330 78 214 91 63 297 122 175 154 66 88 43 92 189 167 49 176 113 56 66
internal_count=1076 776 685 469 216 300 270 56 441 408 330 78 214 91 63 297 122 175 154 66 88 43 92 189 167 49 176 113 56 66
is_linear=0
shrinkage=0.05


Tree=57
num_leaves=31
num_cat=0
split_feature=33 15 0 33 20 3 17 30 4 62 2 29 43 62 40 54 4 57 36 73 52 18 54 9 2 58 23 48 22 54
split_gain=0.0488839 0.0437242 0.0475921 0.0476482 0.0559441 0.0481053 0.0377029 0.0402001 0.0635855 0.0344227 0.0335734 0.0588615 0.0303204 0.029214 0.0276209 0.0275716 0.0293902 0.0272008 0.0268453 0.0223864 0.028586 0.022959 0.0238057 0.028422 0.0222812 0.0250114 0.0198711 0.0192182 0.0200623 0.0257262
threshold=-1.2776680588722227 1.1526528596878054 -0.60506513714790333 0.73716419935226452 0.30870082974433904 1.0452004671096804 0.29086999595165258 1.0042132735252383 0.81566333770751964 -0.70153555274009693 -0.73691245913505543 -0.23289834707975385 0.14855667203664782 0.58620053529739391 0.73040273785591137 -0.71523267030715931 -0.43656720221042628 0.61418077349662792 0.1482430770993233 0.47408953309059149 0.240753248333931 -0.72797939181327809 0.19784129410982135 -0.06981718540191649 0.28917697072029119 0.4858317524194718 -0.22239002585411069 0.291734129190445 -0.44231361150741572 0.42118382453918463
decision_type=2 2 2 2 2 2 2 2 2 2 2 2 2 2 2 2 2 2 2 2 2 2 2 2 2 2 2 2 2 2
left_child=-1 2 19 6 5 12 7 10 -9 -8 11 -4 -5 15 -6 -11 -17 18 27 21 -21 -2 23 -23 -3 -26 -24 28 -12 -30
right_child=1 24 3 4 14 -7 9 8 -10 13 17 -13 -14 -15 -16 16 -18 -19 -20 20 -22 22 26 -25 25 -27 -28 -29 29 -31
leaf_value=-0.00097422516472010019 0.0016114935278892517 -0.0016046066101932646 0.0010494354632101023 0.00054765331477392464 -0.0031670081043808627 0.0018933188687736656 -0.0016697539531145224 -0.0029275345290079714 0.00071210654006184388 -0.0011220345585818657 5.3220797355675567e-05 -0.0022256292772236401 -0.001718978961414703 -0.0012510354925111375 -0.00075169814284890889 0.0019888720618944397 4.1095292868299625e-05 0.0024905181877935929 0.001767491574199604 0.00086369103368529726 0.0028698854005107517 -0.0014953355210737382 -0.0003792178654111922 0.00059797553037623733 -0.0010497364337989611 0.0012486518942750992 0.0015678799962379822 -0.00097261172719299805 0.0026711573267517532 0.00035405800677835943
leaf_weight=115 35 51 34 25 29 23 39 20 30 22 53 23 36 34 20 34 45 30 56 56 26 34 20 31 29 20 38 20 23 25
leaf_count=115 35 51 34 25 29 23 39 20 30 22 53 23 36 34 20 34 45 30 56 56 26 34 20 31 29 20 38 20 23 25
internal_value=-8.2835e-14 0.000116583 0.000231522 4.239e-07 -0.000838517 -5.53045e-05 0.00022907 0.000556228 -0.00074375 -0.000361319 0.000802435 -0.000272082 -0.000790031 1.66739e-05 -0.00218117 0.000443428 0.000879379 0.00109832 0.000862351 0.000829487 0.0014998 0.000481602 0.000160089 -0.000496987 -0.000873043 -0.000111619 0.000896467 0.000443442 0.000723849 0.00146433
internal_weight=1076 961 861 621 133 84 488 314 50 174 264 57 61 135 49 101 79 207 177 240 82 158 123 65 100 49 58 121 101 48
internal_count=1076 961 861 621 133 84 488 314 50 174 264 57 61 135 49 101 79 207 177 240 82 158 123 65 100 49 58 121 101 48
is_linear=0
shrinkage=0.05


Tree=58
num_leaves=31
num_cat=0
split_feature=33 28 21 43 17 41 7 67 51 29 45 23 2 28 12 8 33 37 23 64 44 26 21 39 72 62 62 54 55 37
split_gain=0.0441177 0.0463685 0.0364008 0.0380169 0.0443568 0.0402723 0.0443043 0.037321 0.0356833 0.0328748 0.0423882 0.0373629 0.0328401 0.0271727 0.0267947 0.038435 0.0319681 0.0244111 0.0242937 0.0264364 0.0228223 0.022031 0.020928 0.0208175 0.0294836 0.0304675 0.0203775 0.0199888 0.0193365 0.0219183
threshold=-1.2776680588722227 0.64869150519371044 1.4472196102142336 -1.0377600193023679 0.12315037846565248 -0.74413946270942677 -0.91687723994255055 -0.17034325748682019 1.4179185628890993 0.53921750187873851 0.58689242601394664 -0.13767477869987485 -1.2088776826858518 1.4415945410728457 0.34763641655445104 -0.48513846099376673 0.90803173184394848 -0.41518372297286982 0.23166718333959582 0.31545147299766546 0.15867098420858386 -0.64497098326683033 -0.18247921019792554 0.54662343859672557 0.31305368244647985 0.067373260855674758 0.27509832382202154 0.21134401857852939 -0.20553467422723767 -1.9552726149559019
decision_type=2 2 2 2 2 2 2 2 2 2 2 2 2 2 2 2 2 2 2 2 2 2 2 2 2 2 2 2 2 2
left_child=28 2 3 4 -2 7 26 20 9 10 11 13 -8 -3 15 -14 17 -17 -11 -20 -5 -6 -13 24 25 -16 -7 -25 29 -1
right_child=1 8 -4 5 21 6 12 -9 -10 18 -12 22 14 -15 23 16 -18 -19 19 -21 -22 -23 -24 27 -26 -27 -28 -29 -30 -31
leaf_value=-0.0027819878922309728 0.00068459843104291297 -0.0025706183959052645 -0.0011874167360544493 -0.00033641141819079287 -0.00041108448262093587 -0.0021332069416530432 0.0023490905470680448 0.0031443353290132323 -0.0024883016799798329 0.0013551495321548713 -0.0024387297596061425 0.0019210896571166813 0.00074230751349710366 -2.4170738179236654e-05 0.0011268791754264385 -0.0013885540241608397 -0.0015721679766245774 0.00031539352579178139 0.00091297834165743558 -0.0016270510697116453 0.0019161688461033256 -0.0026183991070586042 -0.00024888801801716909 0.00085312750994820494 0.0019991784705780447 -0.0015999355816304506 2.7775143971666699e-05 0.0029612438247093691 7.5206731665222086e-05 -0.00087461261618806084
leaf_weight=20 36 22 39 23 20 24 23 26 21 39 31 20 180 20 20 25 38 132 20 21 22 26 25 22 22 21 20 23 34 61
leaf_count=20 36 22 39 23 20 24 23 26 21 39 31 20 180 20 20 25 38 132 20 21 22 26 25 22 22 21 20 23 34 61
internal_value=-3.0676e-12 0.000110753 0.00029944 0.000381925 -0.000629933 0.000515536 0.000370867 0.00163621 -0.000528539 -0.000320685 -0.00085117 -0.000285488 0.000503198 -0.00135802 0.000415299 0.000215443 -0.000270894 4.40643e-05 0.000461779 -0.000388012 0.00076485 -0.0016587 0.000715547 0.00110924 0.000522553 -0.000269782 -0.00115094 0.00193061 -0.000925514 -0.00134557
internal_weight=1076 961 742 703 82 621 550 71 219 198 118 87 506 42 483 375 195 157 80 41 45 46 45 108 63 41 44 45 115 81
internal_count=1076 961 742 703 82 621 550 71 219 198 118 87 506 42 483 375 195 157 80 41 45 46 45 108 63 41 44 45 115 81
is_linear=0
shrinkage=0.05


Tree=59
num_leaves=31
num_cat=0
split_feature=10 28 73 70 29 41 52 23 15 0 38 11 30 48 37 56 55 70 22 20 44 33 47 65 39 19 61 37 40 1
split_gain=0.041118 0.0400523 0.0394082 0.0333448 0.0273829 0.0350947 0.0369124 0.0473643 0.0250414 0.0306595 0.0320886 0.0255957 0.0248064 0.0342387 0.0321887 0.0245578 0.0338081 0.0333751 0.0353252 0.0371697 0.0345816 0.033006 0.0291822 0.0275694 0.023138 0.02437 0.0229851 0.0226779 0.0225073 0.0222074
threshold=-0.97463747859001149 0.64869150519371044 0.95668870210647594 -0.967933028936386 0.53921750187873851 0.68838840723037731 -0.15368931740522382 -0.54315719008445729 1.1526528596878054 -0.3708945289254188 0.76450142264366161 1.2820724844932558 -0.99956342577934254 -0.51383167505264271 -1.2614226937294004 -0.85423859953880299 -0.97940513491630543 0.65917259454727184 -0.35678948462009424 -0.50474992394447316 0.50264364480972301 0.70177549123764049 0.089534357190132155 -0.24330200254917142 0.60308182239532482 -0.95263832807540882 -0.20631793886423108 -0.28926093876361841 0.34229613840579992 -0.24103394150733945
decision_type=2 2 2 2 2 2 2 2 2 2 2 2 2 2 2 2 2 2 2 2 2 2 2 2 2 2 2 2 2 2
left_child=3 8 4 -1 5 6 -3 -8 9 24 11 15 -5 -14 -15 16 -11 18 23 -20 26 22 -21 -17 25 -2 -19 -25 -16 -10
right_child=1 2 -4 12 -6 -7 7 -9 29 10 -12 -13 13 14 28 17 -18 20 19 21 -22 -23 -24 27 -26 -27 -28 -29 -30 -31
leaf_value=-0.001882324340429319 0.0021486217798867627 0.0013728262257735389 -0.0021644446950662751 0.0012670639492127868 0.00054164001996515521 -0.0024162788774170305 -0.0021295013727568503 0.0003559081226717908 -0.0020305496850050986 -0.00091316690435633069 0.0017942667419057609 0.0016985740629024805 -0.0022560332196007948 -0.0014891636887720476 0.0020130835915915671 -0.002488339572300902 0.0015412822676924096 0.00038153382137770184 0.0017115531248273329 -0.00090380256570985222 -0.0011607730231757852 -0.0019342997831430426 0.0011677918995915474 -0.0020473734985682226 0.0019319780161441845 0.00039917218010806528 0.0023214166843480107 -5.0310256880369377e-05 -0.00035901102819480002 4.7453899848430112e-05
leaf_weight=46 23 26 29 21 78 23 36 41 20 20 28 22 24 24 20 32 47 37 25 34 21 27 34 21 43 148 26 44 20 36
leaf_count=46 23 26 29 21 78 23 36 41 20 20 28 22 24 24 20 32 47 37 25 34 21 27 34 21 43 148 26 44 20 36
internal_value=-9.16933e-13 0.000126799 -0.000439793 -0.000753431 -0.000194622 -0.000650403 -0.000256081 -0.000806102 0.000318683 0.000408475 0.000159295 4.19126e-05 -0.000277018 -0.000645492 -4.15387e-05 -5.71269e-05 0.000808611 -0.000249833 -0.000577405 -3.84691e-06 0.000596397 -0.000455268 0.000131995 -0.00128696 0.000895191 0.000634478 0.00118212 -0.000695515 0.000827036 -0.00069469
internal_weight=1076 921 233 155 204 126 103 77 688 632 418 390 109 88 64 368 67 301 217 120 84 95 68 97 214 171 63 65 40 56
internal_count=1076 921 233 155 204 126 103 77 688 632 418 390 109 88 64 368 67 301 217 120 84 95 68 97 214 171 63 65 40 56
is_linear=0
shrinkage=0.05


Tree=60
num_leaves=31
num_cat=0
split_feature=9 54 58 54 61 51 56 40 37 59 58 52 56 53 42 32 68 36 12 14 22 1 22 41 54 56 15 61 75 31
split_gain=0.0385633 0.0363328 0.039099 0.0279065 0.0408588 0.0279703 0.0442964 0.0271152 0.0348038 0.0333248 0.0288179 0.0309914 0.0282004 0.027586 0.027145 0.0264474 0.025584 0.023936 0.0238365 0.0516733 0.0288188 0.0225416 0.0225341 0.0215988 0.0275372 0.0195458 0.0189548 0.018698 0.0183152 0.022841
threshold=0.60673049092292797 -1.1809675097465513 -1.7639577388763426 0.86421319842338573 -0.11125075817108153 -0.47710777819156641 1.0000000180025095e-35 -0.44376303255558008 -1.8868104219436643 -0.92873239517211903 0.3518554568290711 0.25213062763214117 -1.2057644128799436 -1.3288481235504148 -0.39142307639122004 -0.17750409990549085 0.60638639330863964 -0.11860756948590277 -0.048449685797095292 0.31760077178478247 1.8468984365463259 0.74074631929397594 0.75840049982070934 1.2747221589088442 1.0997763276100161 -0.16652420908212659 0.081377729773521437 0.37539212405681616 1.0000000180025095e-35 0.26695905625820165
decision_type=2 2 2 2 2 2 2 2 2 2 2 2 2 2 2 2 2 2 2 2 2 2 2 2 2 2 2 2 2 2
left_child=1 2 -1 5 -5 6 -2 9 -9 -3 11 12 -11 -10 17 -16 21 25 22 -20 23 27 -17 24 28 -15 -4 -7 29 -21
right_child=3 7 26 4 -6 16 -8 8 13 10 -12 -13 -14 14 15 18 -18 -19 19 20 -22 -23 -24 -25 -26 -27 -28 -29 -30 -31
leaf_value=0.00071067611649844125 -0.001955837812072233 -0.0012410168915435119 -0.0010251604737543569 0.00054929385303032841 -0.0022719651815437136 0.00080236134323058656 0.00085324907740869094 -0.0019842758144867339 0.0012973393612386039 -0.00079670954146422452 0.0018676044284611157 -0.0009531235967491134 0.0011300184027577115 0.00051928216347559583 0.0007517911440421206 -0.0016630560272740417 0.0021279743219201918 -0.0026609565061517064 0.0013184070025230401 -0.00041277755159311577 -0.0020609047827310862 0.001564144761010539 0.00018915076992319276 0.0012614279397807661 0.0010707272692922164 -0.0016379748105204532 -0.002712812533302765 -0.00062678606908947757 0.00011035872656585916 -0.0024891108878094845
leaf_weight=22 23 27 41 33 21 60 36 28 30 24 38 36 91 21 72 52 40 20 52 26 25 50 24 21 22 21 28 37 28 27
leaf_count=22 23 27 41 33 21 60 36 28 30 24 38 36 91 21 72 52 40 20 52 26 25 50 24 21 22 21 28 37 28 27
internal_value=6.08584e-15 -0.000186115 -0.00112479 0.000481416 -0.000547862 0.000707356 -0.000241819 -6.14153e-05 -0.000274902 0.000402128 0.000636863 0.00032714 0.000727919 -0.000166371 -0.000273211 -0.000101943 0.00100683 -0.00123729 -0.000323852 -3.86449e-05 -0.000512247 0.000701754 -0.00107815 -0.000200018 -0.000497982 -0.000559346 -0.00171 0.000257223 -0.000924051 -0.00147053
internal_weight=1076 776 91 300 54 246 59 685 469 216 189 151 115 441 411 349 187 62 277 201 149 147 76 124 103 42 69 97 81 53
internal_count=1076 776 91 300 54 246 59 685 469 216 189 151 115 441 411 349 187 62 277 201 149 147 76 124 103 42 69 97 81 53
is_linear=0
shrinkage=0.05


Tree=61
num_leaves=31
num_cat=0
split_feature=9 27 42 58 28 21 34 49 1 33 37 57 31 34 15 4 55 2 39 34 1 49 33 46 31 2 7 42 46 70
split_gain=0.0357883 0.0306541 0.0429402 0.0400534 0.0329204 0.0374981 0.0407049 0.0331155 0.0387041 0.0322249 0.0301747 0.0284361 0.0275263 0.0258058 0.0369194 0.0253256 0.0460906 0.0338395 0.0257122 0.0244865 0.0240347 0.0301629 0.023688 0.0395563 0.0329828 0.0275262 0.025148 0.0244709 0.0292129 0.0220963
threshold=-1.2759895920753477 -1.1398316621780393 -0.5503084361553191 0.16566783934831622 0.63734906911849987 0.54033523797988903 0.21351522952318194 1.0380083918571474 -0.14817756414413449 -0.88238811492919911 -0.27230520546436304 0.037901885807514198 0.34637132287025457 0.40845769643783575 0.3133810311555863 -1.3013744354248045 -1.4777641296386717 -1.2396615147590635 0.61154717206954967 1.3265565633773806 -0.68886935710906971 -0.058964151889085763 0.46867398917675024 -0.25254058837890619 0.46961089968681341 0.085808284580707564 1.0294293761253359 -0.90132197737693776 -0.2212102264165878 0.61536401510238659
decision_type=2 2 2 2 2 2 2 2 2 2 2 2 2 2 2 2 2 2 2 2 2 2 2 2 2 2 2 2 2 2
left_child=20 2 -2 9 5 15 11 8 19 -4 -5 -7 -13 -10 -15 -3 -17 -18 22 -6 -1 -22 24 25 26 -24 27 -19 29 -29
right_child=1 4 3 10 7 6 -8 -9 13 -11 -12 12 -14 14 -16 16 17 18 -20 -21 21 -23 23 -25 -26 -27 -28 28 -30 -31
leaf_value=-0.0015710887451157824 -0.0023155915266372552 0.0022256517978309167 -0.00015025771463115234 -3.8506761430417775e-05 -0.0018847702676430345 -0.0015138652241708211 0.0014508844011773667 -0.0016995276410230681 0.0018299144572289342 0.0024081940343603494 -0.0025330789815846155 -0.0011431375454106418 0.00055574168864040989 0.0013103535822853608 -0.0011527818915055832 -0.0018216711643617601 0.0025912914574811505 0.0012448588017156372 0.0012846370029467253 0.0002439833881164139 0.0014304819109383971 -0.0011118555208668114 -0.00061322601196244018 -0.0017817010677390499 0.0019483179347967177 0.0017406453439236984 0.0020052574534201997 -0.001432733217998426 0.00060796443725568967 0.00038187074649613355
leaf_weight=57 29 23 32 27 35 52 30 38 29 20 22 38 64 29 32 20 21 39 89 22 20 28 27 32 37 23 20 51 65 25
leaf_count=57 29 23 32 27 35 52 30 38 29 20 22 38 64 29 32 20 21 39 89 22 20 28 27 32 37 23 20 51 65 25
internal_value=8.85151e-13 9.48243e-05 -0.000619723 -0.00013279 0.000205277 0.000371404 -0.000234056 -0.000383798 -4.36774e-05 0.000833762 -0.00115852 -0.000562291 -7.71741e-05 0.000601986 1.82169e-05 0.00060743 0.000524537 0.000633917 0.00053317 -0.00106315 -0.000876899 -5.25483e-05 0.000323513 -0.000408984 0.000576951 0.000469555 0.000323249 0.000136359 -0.000170248 -0.000835824
internal_weight=1076 971 130 101 841 656 184 185 147 52 49 154 102 90 61 472 449 429 408 57 105 48 319 82 237 50 200 180 141 76
internal_count=1076 971 130 101 841 656 184 185 147 52 49 154 102 90 61 472 449 429 408 57 105 48 319 82 237 50 200 180 141 76
is_linear=0
shrinkage=0.05


Tree=62
num_leaves=31
num_cat=0
split_feature=10 28 73 54 69 51 49 44 40 47 25 56 27 72 33 41 68 37 29 33 32 24 15 27 46 65 54 62 71 71
split_gain=0.0334059 0.0305378 0.0342299 0.027843 0.0453028 0.0256076 0.030692 0.0239617 0.0297001 0.0242513 0.0235073 0.0457477 0.0335656 0.0270325 0.0424435 0.0322578 0.0283121 0.0268401 0.0261114 0.0253345 0.0275016 0.0248143 0.0245394 0.0228165 0.0300382 0.0223482 0.0217304 0.0306038 0.020392 0.020021
threshold=-0.97463747859001149 0.64869150519371044 0.95668870210647594 -1.3881411552429197 0.98665162920951854 0.53868782520294201 1.0380083918571474 1.809983015060425 0.20897411555051806 0.24730636924505237 -0.75915566086769093 0.77304345369339 -1.3540902137756345 0.61523130536079418 -0.3294911235570907 -0.74413946270942677 -0.05930862016975879 0.21789059042930606 0.78804221749305736 -0.0077719299588352433 -0.083017773926258073 -0.42022787034511561 0.87231323122978222 0.37764732539653784 -0.54810181260108937 -0.5354134440422057 -0.2838620245456695 0.19297637790441516 0.85359612107276928 0.35767433047294622
decision_type=2 2 2 2 2 2 2 2 2 2 2 2 2 2 2 2 2 2 2 2 2 2 2 2 2 2 2 2 2 2
left_child=3 10 5 -1 26 6 7 8 -3 -10 11 25 -12 15 -15 16 -14 18 23 -16 21 -21 -19 -17 -25 -2 27 -5 -24 -7
right_child=1 2 -4 4 -6 29 -8 -9 9 -11 12 -13 13 14 19 17 -18 22 -20 20 -22 -23 28 24 -26 -27 -28 -29 -30 -31
leaf_value=-0.0018549884369253721 -0.00087860914526655424 0.00083963429930339448 -0.0019877989647974228 -0.0011227845139801503 0.0018064130485678715 -0.0001028371185226285 -0.0019175551815664973 0.001427780990655135 -0.0017632432883450139 1.8823803402483462e-05 -0.0017783040239010006 0.003040711731988598 0.0005660511235713356 -0.0017869249721498865 0.0017236956081996186 0.00046794936995586168 0.00275787542341277 0.00088689834880013331 -0.0017996474805592945 0.00017177730610239367 0.00091488262400768396 -0.0022311158599966968 -0.0015521892249428979 0.00058852287223668432 -0.0018438864697236568 0.0013750864743170416 -0.0014639902250457775 0.0015013078879565001 0.00056129463721299542 0.0020324974482978826
leaf_weight=38 22 33 29 25 21 23 29 21 42 35 21 22 34 38 21 104 26 185 22 21 30 22 21 22 30 22 51 20 25 21
leaf_count=38 22 33 29 25 21 23 29 21 42 35 21 22 34 38 21 104 26 185 22 21 30 22 21 22 30 22 51 20 25 21
internal_value=-1.08987e-12 0.000114291 -0.000380447 -0.000679109 -0.000297199 -0.000151951 -0.00044572 -0.000119894 -0.000415359 -0.000953213 0.00028184 0.00117906 0.000186636 0.000255295 -0.00037679 0.000433195 0.00151584 0.000274372 -0.000187048 0.000193264 -0.000246997 -0.00105761 0.000629925 4.03695e-05 -0.00081479 0.000248239 -0.000757364 4.34788e-05 -0.000403557 0.0009163
internal_weight=1076 921 233 155 117 204 160 131 110 77 688 66 622 601 132 469 60 409 178 94 73 43 231 156 52 44 96 45 46 44
internal_count=1076 921 233 155 117 204 160 131 110 77 688 66 622 601 132 469 60 409 178 94 73 43 231 156 52 44 96 45 46 44
is_linear=0
shrinkage=0.05


Tree=63
num_leaves=31
num_cat=0
split_feature=11 29 23 74 43 35 2 21 65 8 8 39 10 0 14 38 24 37 1 14 35 60 49 74 41 39 43 16 55 2
split_gain=0.0315957 0.0338033 0.0343524 0.0289018 0.0273039 0.0301136 0.0360506 0.0346485 0.0300165 0.0322265 0.0405124 0.0281604 0.0272043 0.0256826 0.0257835 0.0254537 0.0282799 0.0247225 0.0279261 0.0237635 0.0233402 0.022337 0.0261228 0.0223089 0.0203691 0.0308061 0.0195077 0.0188517 0.0241985 0.0184699
threshold=-1.5366014242172239 -2.0698031187057491 -1.4926036596298216 -1.5661311149597166 -0.98014524579048146 1.036638140678406 1.2126206755638125 1.3113114833831789 -0.42517745494842524 0.73913398385047924 0.94107016921043407 -0.5427352488040923 0.55130535364151012 0.47597797214984899 1.0000000180025095e-35 0.57508221268653881 -0.45349194109439844 -0.11459813266992568 0.38739696145057684 0.01642993371933699 0.085133023560047164 -0.44370923936367029 1.0031619369983675 -0.20540461689233777 0.13055174052715304 0.041827201843261726 0.46725952625274664 -0.040815776214003556 -0.74929580092430104 -0.18001593649387357
decision_type=2 2 2 2 2 2 2 2 2 2 2 2 2 2 2 2 2 2 2 2 2 2 2 2 2 2 2 2 2 2
left_child=27 -2 -3 -4 11 7 -7 8 15 13 -11 -5 -12 21 -15 16 23 -18 -19 -17 -13 -10 24 -6 25 -23 -26 -1 -29 -25
right_child=1 2 3 4 5 6 -8 -9 9 10 12 20 -14 14 -16 19 17 18 -20 -21 -22 22 -24 29 26 -27 -28 28 -30 -31
leaf_value=-0.0016699831370582303 0.0019808463276485386 -0.001339969612105728 -0.0012253775636054344 0.00013278704689089526 0.0016904512904478575 -5.4955659136392702e-05 -0.0023657390260181967 -0.0010906312573776657 0.00049853950766214159 -0.0020723059716969841 -0.00039226540263641524 -0.0026939284802541476 0.0017428111621411516 0.00073480735050647386 -0.0010840389299792824 -0.00015581354752860287 0.00016516466525250248 -0.0031346302432939416 -0.0007060103732987171 0.0021681493968406522 -0.00043925110285272242 0.0018833980332904805 0.00013379702778083496 -0.001284002716949379 0.0030315754623802078 -0.00046204218330482647 0.0014873405911016446 -0.0013765493386287105 0.00065596317908784847 0.00076482815837318257
leaf_weight=41 23 43 39 59 22 86 21 37 81 21 37 22 25 70 27 22 28 20 29 22 24 42 29 22 43 21 39 27 32 22
leaf_count=41 23 43 39 59 22 86 21 37 81 21 37 22 25 70 27 22 28 20 29 22 24 42 29 22 43 21 39 27 32 22
internal_value=4.54409e-13 8.67268e-05 4.10135e-05 0.000106269 0.000165895 0.000269541 -0.000508474 0.000395865 0.00048429 0.000712026 -0.000174241 -0.000590229 0.000468653 0.000921003 0.000228531 -4.54696e-05 -0.00036905 -0.00102003 -0.00169728 0.00100617 -0.00151758 0.00118441 0.0015037 0.000390426 0.00177768 0.00110158 0.00229712 -0.000846453 -0.00027417 -0.000259587
internal_weight=1076 976 953 910 871 766 107 659 622 435 83 105 62 352 97 187 143 77 49 44 46 255 174 66 145 63 82 100 59 44
internal_count=1076 976 953 910 871 766 107 659 622 435 83 105 62 352 97 187 143 77 49 44 46 255 174 66 145 63 82 100 59 44
is_linear=0
shrinkage=0.05


Tree=64
num_leaves=31
num_cat=0
split_feature=33 21 13 29 5 20 49 32 23 23 35 12 62 54 26 56 15 26 12 39 30 33 42 33 22 2 57 19 9 15
split_gain=0.0301045 0.0345685 0.036592 0.0372913 0.0368363 0.0344336 0.0391123 0.0334739 0.0258133 0.0276958 0.0296967 0.0305976 0.0301346 0.0273357 0.0410247 0.0262551 0.0276179 0.0224465 0.0196934 0.0263016 0.0213393 0.0380699 0.0288298 0.0195995 0.0195129 0.0248172 0.022604 0.0194802 0.0231688 0.0192974
threshold=-1.2776680588722227 -1.7474583387374876 -0.3893121182918548 1.2428946495056155 0.41754417121410375 0.48284700512886053 1.0380083918571474 0.66808706521987926 -1.3176247477531431 0.78053706884384166 0.42272414267063146 1.1420021057128908 0.14834184199571612 -1.3053436279296873 -1.1847470402717588 0.35202999413013464 -0.74897700548171986 -0.81507861614227284 -0.71734839677810658 0.56980666518211376 -0.32122804224491114 -0.11297838017344473 -0.54616940021514881 0.39808923006057745 1.0088792443275454 0.94108641147613536 0.32751782238483435 0.02234534360468388 -0.06981718540191649 0.65969768166542064
decision_type=2 2 2 2 2 2 2 2 2 2 2 2 2 2 2 2 2 2 2 2 2 2 2 2 2 2 2 2 2 2
left_child=-1 -2 4 8 7 18 24 -3 -4 10 11 13 23 -10 -15 16 -16 -11 -6 20 22 -22 -20 -12 25 -7 -26 28 -17 -19
right_child=1 2 3 -5 5 6 -8 -9 9 17 12 -13 -14 14 15 27 -18 29 19 -21 21 -23 -24 -25 26 -27 -28 -29 -30 -31
leaf_value=-0.00076452584046384571 0.0017915229594078045 0.0025906557414793609 -0.0014733850315678866 -0.0020234235462599569 -0.00024609242575479584 0.00028235582715791207 -0.0024198688079857013 -1.666200114414096e-06 -0.0012631365819834174 -0.0021179418764127743 -0.00082803330075139887 0.0023365344945341349 -0.0016198562702629715 0.0026390437467489394 -0.00065591655535778655 -0.00072239489324957783 0.0012992515121368342 0.00022386313062775621 0.00011192517025241007 0.0015425452808995035 0.0014995806617662311 -0.0010611063343218276 0.0023221407141536476 0.0012847022770944498 0.0018562318701740533 -0.0021258949430193754 -0.0003493118281207549 -0.0011540888337462786 0.0016045001312159004 -0.0012967681395821273
leaf_weight=115 29 33 34 28 64 23 22 20 25 23 21 20 40 20 24 23 73 54 36 70 21 47 25 23 21 20 26 42 20 34
leaf_count=115 29 33 34 28 64 23 22 20 25 23 21 20 40 20 24 23 73 54 36 70 21 47 25 23 21 20 26 42 20 34
internal_value=7.18636e-13 9.14885e-05 3.85905e-05 -0.000250119 0.000378567 0.000204182 -0.000530018 0.00161242 -0.000145807 -4.36861e-05 0.000185513 0.000461699 -0.000626605 0.000296515 0.000489542 0.000253333 0.000815499 -0.000727155 0.000516845 0.000762212 0.000338775 -0.000270306 0.00101775 0.000276351 -6.8055e-05 -0.000837761 0.000636144 -0.000388198 0.000359882 -0.000363653
internal_weight=1076 961 932 504 428 375 112 53 476 442 331 247 84 227 202 182 97 111 263 199 129 68 61 44 90 43 47 85 43 88
internal_count=1076 961 932 504 428 375 112 53 476 442 331 247 84 227 202 182 97 111 263 199 129 68 61 44 90 43 47 85 43 88
is_linear=0
shrinkage=0.05


Tree=65
num_leaves=31
num_cat=0
split_feature=15 43 29 35 37 41 18 52 29 28 3 58 25 70 31 16 8 66 4 42 41 36 73 10 52 64 25 1 58 15
split_gain=0.0276005 0.026165 0.031333 0.0305285 0.0300689 0.0482212 0.0252925 0.0301002 0.0578172 0.0412499 0.0271272 0.026763 0.0268665 0.029581 0.0267105 0.0262709 0.0255631 0.0231398 0.0228172 0.0220809 0.0206069 0.0294553 0.0278302 0.0307386 0.027002 0.0220224 0.0336677 0.0179416 0.023425 0.0179106
threshold=1.1526528596878054 -0.98014524579048146 -1.8797766566276548 1.6654113531112673 -1.2999269366264341 -1.3288599848747251 1.3362547755241396 0.075925339013338103 1.2678251862525942 1.0272986292839053 -1.2715954780578611 1.3540880084037783 0.14833573251962665 1.1703757643699648 0.33163242042064672 0.34671087563037878 -0.6058734357357024 0.47672019898891455 -0.75048252940177906 0.63625898957252514 -0.50736734271049488 0.25132639706134802 0.90060570836067211 0.19437778741121295 -0.59312540292739857 0.012843602802604439 0.27135869860649114 -0.21940860152244565 0.43709306418895727 0.096151810139417662
decision_type=2 2 2 2 2 2 2 2 2 2 2 2 2 2 2 2 2 2 2 2 2 2 2 2 2 2 2 2 2 2
left_child=1 2 -1 4 -3 -6 7 9 11 10 -7 12 13 15 -14 -9 -16 18 -4 -8 24 22 23 25 -12 -22 -27 -2 -29 -20
right_child=27 3 17 -5 5 6 19 8 -10 -11 20 -13 14 -15 16 -17 -18 -19 29 -21 21 -23 -24 -25 -26 26 -28 28 -30 -31
leaf_value=0.0012424105146367635 -0.0014106335516531408 -0.00088948640474915952 -0.0015717682562922165 -0.0014914109223844627 0.0026384656719694085 -0.0016149314539507032 0.00034322465698306381 0.0010682226342740595 0.0032351420412028565 -0.0020698036818595773 0.00052901170914992684 -0.00092240462364661041 -0.00047974561613289195 -0.00045165896669707522 0.0022618770305796163 0.0028436830203081003 0.00024773888487834487 -0.0018156861574048313 0.0010455626241552332 -0.0016184666284971172 0.0010313708022157749 0.0017984047746618414 0.0011128620580376056 -0.0014002882103442164 -0.0020691630593501031 0.0006285957350372905 -0.0015549908305758672 -0.00091137637359064983 0.0011488893804860046 -0.00078698841195243101
leaf_weight=21 53 54 26 26 22 20 26 74 21 22 20 29 71 22 23 29 50 41 30 32 53 35 65 36 20 41 31 37 22 24
leaf_count=21 53 54 26 26 22 20 26 74 21 22 20 29 71 22 23 29 50 41 30 32 53 35 65 36 20 41 31 37 22 24
internal_value=-1.7404e-12 8.63163e-05 -0.000540418 0.000194584 0.000249654 0.000332557 0.000262099 0.000349816 0.000699421 2.4673e-05 0.00016822 0.000520729 0.000676308 0.00121263 0.000210751 0.00156811 0.00088233 -0.000849834 -0.000354835 -0.000739088 0.000286702 0.00044866 0.000239628 -0.000112919 -0.000770076 0.000257843 -0.00031156 -0.000742937 -0.000143142 0.000231095
internal_weight=1076 964 142 822 796 742 720 662 319 343 321 298 269 125 144 103 73 121 80 58 301 261 226 161 40 125 72 112 59 54
internal_count=1076 964 142 822 796 742 720 662 319 343 321 298 269 125 144 103 73 121 80 58 301 261 226 161 40 125 72 112 59 54
is_linear=0
shrinkage=0.05


Tree=66
num_leaves=31
num_cat=0
split_feature=11 11 22 14 62 32 68 31 49 2 45 45 44 47 70 19 72 44 62 39 41 27 28 70 30 68 59 0 4 17
split_gain=0.0265152 0.0234022 0.023338 0.0218168 0.0282535 0.0278965 0.0270118 0.0205395 0.0254335 0.031486 0.0241128 0.0262903 0.0198991 0.0252376 0.0283526 0.0275568 0.0406197 0.0324715 0.0236069 0.028436 0.0246995 0.0267844 0.0243596 0.024162 0.0291895 0.0238563 0.023234 0.0194639 0.0207749 0.018257
threshold=-2.4643311500549312 1.3189637660980227 -1.4133134484291074 -0.76938375830650318 0.08441204205155374 -0.40563848614692682 0.34690196812152868 -1.9338801503181455 0.96849033236503612 1.2750426530838015 0.37278257310390478 1.1360871195793154 1.809983015060425 0.15833972394466403 1.5935738086700442 0.24231798946857455 -0.60606297850608815 0.48180253803730017 1.4511570930480959 -1.4481225013732908 0.61299586296081554 -0.18156537413597104 -0.43708272278308863 -0.12901092320680616 0.53266665339469921 -0.13812971860170362 0.46111509203910833 0.8194282352924348 -0.63213622570037831 0.24858679622411731
decision_type=2 2 2 2 2 2 2 2 2 2 2 2 2 2 2 2 2 2 2 2 2 2 2 2 2 2 2 2 2 2
left_child=-1 2 -2 4 6 -6 29 -5 12 10 -10 -12 13 14 18 16 -15 -17 19 -9 21 22 -21 -24 -25 -22 -18 28 -23 -4
right_child=1 -3 3 7 5 -7 -8 8 9 -11 11 -13 -14 15 -16 17 26 -19 -20 20 25 27 23 24 -26 -27 -28 -29 -30 -31
leaf_value=-0.0016093208305537701 -0.001542909152340144 0.0014146942294125135 0.0010582079509601631 -0.0013709947230139128 0.00040853776812107992 0.0022816969693771434 -0.0011361328407979777 0.0013431383290195041 0.00073694259756141244 -0.0023158888536272573 -0.0016454540745343832 0.00043820557572568462 0.0013722453595556576 -0.00069116753939953114 -0.0018817088295084734 0.00043043718756869055 0.0010205496108673902 -0.0014825231057681864 -0.0017735343224194366 -0.0017380527310794402 -0.0024940549256461963 -0.00052148520432335015 -0.0014985039661405608 0.001648882762701423 -0.00087132005719468006 -0.00034028425676903377 0.0028527777942751226 -0.00068568846769007259 0.0011341532545500539 -0.00031164368163783451
leaf_weight=25 24 30 56 30 46 35 36 35 36 24 41 24 29 27 24 78 62 31 20 31 20 24 20 27 20 36 24 28 90 43
leaf_count=25 24 30 56 30 46 35 36 35 36 24 41 24 29 27 24 78 62 31 20 31 20 24 20 27 20 36 24 28 90 43
internal_value=-5.37244e-13 3.82807e-05 -2.1624e-06 3.49268e-05 0.000479677 0.00121793 3.67273e-05 -8.80772e-05 -3.68288e-05 -0.000687985 -0.000301156 -0.000876103 9.31943e-05 3.10628e-05 -0.000219068 0.000453582 0.0010007 -0.000113616 -0.000105383 -4.58882e-06 -0.000163948 5.66775e-05 -0.000579146 -4.2935e-05 0.000576456 -0.00110949 0.00153187 0.000495485 0.000785598 0.000463222
internal_weight=1076 1051 1021 997 216 81 135 781 751 125 101 65 626 597 375 222 113 109 351 331 296 240 98 67 47 56 86 142 114 99
internal_count=1076 1051 1021 997 216 81 135 781 751 125 101 65 626 597 375 222 113 109 351 331 296 240 98 67 47 56 86 142 114 99
is_linear=0
shrinkage=0.05


Tree=67
num_leaves=31
num_cat=0
split_feature=54 69 10 23 19 39 72 37 17 54 63 63 24 31 47 41 2 6 60 19 31 29 9 31 30 39 16 37 25 33
split_gain=0.0236242 0.0285896 0.0404391 0.0282213 0.0285579 0.0269784 0.0266982 0.023586 0.0226428 0.034564 0.0369368 0.0328113 0.0335213 0.0278608 0.0290456 0.0223021 0.033786 0.0213784 0.023947 0.0213903 0.0201434 0.0267109 0.030791 0.0191847 0.0188332 0.0189598 0.0318097 0.0180078 0.0173196 0.0164053
threshold=-1.2077434062957761 -0.30055414140224451 -0.96005913615226735 -1.3487192392349241 1.5540602803230288 0.524174064397812 0.016451664268970493 1.5017267465591433 0.19773089885711673 0.86421319842338573 -0.074318777769803987 -0.43386501073837275 0.89932805299758922 0.75249466300010692 0.072870884090662016 -1.1613625884056089 0.41121879220008856 0.84671777486801159 0.25563544034957891 -0.017320184968411919 0.46961089968681341 0.73219284415245067 0.14372441917657855 0.14442784339189532 -1.2204032540321348 -0.23260449618101117 -0.34483581781387324 0.86875823140144359 -0.18944497406482694 -0.13827273249626157
decision_type=2 2 2 2 2 2 2 2 2 2 2 2 2 2 2 2 2 2 2 2 2 2 2 2 2 2 2 2 2 2
left_child=1 2 -1 5 7 6 -2 8 9 13 -11 23 17 15 -15 -5 20 18 24 -20 21 22 28 -10 -13 26 -26 -16 -17 -24
right_child=3 -3 -4 4 -6 -7 -8 -9 11 10 -12 12 -14 14 27 16 -18 -19 19 -21 -22 -23 29 -25 25 -27 -28 -29 -30 -31
leaf_value=-0.001395597912016369 -0.00012532103641066129 -0.0014409594186502745 0.0015806566607207062 0.0022911951887212563 -0.0010150160790154976 0.00077714968225336641 -0.0022405396747801985 -0.00097402629781311435 -0.00040684703271836047 0.00073804566066484065 -0.0011192769005547388 0.0011118715210748768 -0.0014697385262697935 -0.0015335409152006227 0.0012709340911790017 0.00030609492920727159 0.0015527539715474966 0.0017027753995110591 0.0023688840859738942 0.00030134526233927444 0.00169605771273685 -0.0015613657237554435 0.002117614354006946 -0.0020680828231585719 -0.00066455243000139799 -0.00094345893779855918 0.0019097462599165739 -0.00054054871231884406 -0.0016861590452026576 0.00049254457507475575
leaf_weight=21 26 59 25 29 49 20 35 39 63 49 59 27 25 24 34 24 98 30 22 29 24 20 25 24 30 62 20 23 20 41
leaf_count=21 26 59 25 29 49 20 35 39 63 49 59 27 25 24 34 24 98 30 22 29 24 20 25 24 30 62 20 23 20 41
internal_value=1.1766e-13 -0.000712455 0.000221932 7.7042e-05 0.000158362 -0.000816472 -0.00133897 0.000226727 0.000285118 0.000508407 -0.000276603 -3.09839e-05 0.000265219 0.000742609 -7.43931e-05 0.000978115 0.000827007 0.000462373 0.00026652 0.00119322 0.000365168 0.000119465 0.000425071 -0.000865119 -7.34933e-05 -0.000359251 0.000365167 0.000539985 -0.000599475 0.0011081
internal_weight=1076 105 46 971 890 81 61 841 802 470 108 332 245 362 81 281 252 220 190 51 154 130 110 87 139 112 50 57 44 66
internal_count=1076 105 46 971 890 81 61 841 802 470 108 332 245 362 81 281 252 220 190 51 154 130 110 87 139 112 50 57 44 66
is_linear=0
shrinkage=0.05


Tree=68
num_leaves=31
num_cat=0
split_feature=33 21 11 0 33 2 12 15 15 58 65 30 17 40 61 68 57 2 51 46 40 51 12 74 49 41 54 72 27 72
split_gain=0.0230637 0.0289713 0.0222957 0.0233692 0.0367861 0.0334907 0.0403035 0.0373714 0.0280853 0.0259739 0.0270725 0.025187 0.0257982 0.0253833 0.0243742 0.0282692 0.0234415 0.0221466 0.0211724 0.0250462 0.0249549 0.0194716 0.0193194 0.0218302 0.0176486 0.017585 0.0168426 0.0242246 0.0164192 0.0162295
threshold=-1.2776680588722227 -1.7474583387374876 -1.0341036319732664 -0.60506513714790333 0.73716419935226452 0.81224438548088085 0.31819464266300207 -0.47159491479396815 0.94999077916145336 -1.0795270800590513 1.0269795060157778 -1.0742431879043577 0.29086999595165258 -0.65011993050575245 0.13063256442546847 -0.024211505427956578 0.32751782238483435 -1.3557912111282346 0.68035328388214122 0.5780351758003236 -0.64163735508918751 0.34576120972633367 -0.37124527990818018 0.69271323084831249 -0.14751324802637097 0.33970063924789434 0.57717135548591625 0.14965912699699405 -0.017328874208033081 0.61523130536079418
decision_type=2 2 2 2 2 2 2 2 2 2 2 2 2 2 2 2 2 2 2 2 2 2 2 2 2 2 2 2 2 2
left_child=-1 -2 17 8 9 7 -7 -6 18 -5 11 -11 13 28 22 -16 -17 -3 19 20 -4 24 -15 -24 -14 -9 27 -22 -13 -19
right_child=1 2 3 4 5 6 -8 25 -10 10 -12 12 21 14 15 16 -18 29 -20 -21 26 -23 23 -25 -26 -27 -28 -29 -30 -31
leaf_value=-0.00066917727509027594 0.0016364068210381886 0.00071526668140326041 0.00095896104930606849 -0.00088361256311341721 -0.0020481833943631501 -0.0032852508836304362 -0.00060575913440617216 0.0014350626757592322 -0.00093260744594902327 0.0015413511848647989 0.0015485754740075209 -0.0018046627694275231 0.00067671033286708683 0.00013879651785828173 0.0013893718044051813 -0.0017114727332353079 0.00051361425750656058 -0.00057460134575033895 0.00169906933088382 0.0017690812796354297 -0.0021779144496616464 -0.0016516301613826786 0.0022450025968367318 0.00056318929984367318 -0.00088181628887422196 -0.00017948256208910607 0.00061993021635040036 0.00014283855376892132 0.00019710375483901729 -0.0021297593573108317
leaf_weight=115 29 22 54 51 20 23 36 26 28 31 40 20 34 40 21 29 20 51 46 30 23 31 43 35 39 48 23 22 21 25
leaf_count=115 29 22 54 51 20 23 36 26 28 31 40 20 34 40 21 29 20 51 46 30 23 31 43 35 39 48 23 22 21 25
internal_value=2.67439e-12 8.00784e-05 3.16519e-05 0.000115482 -4.58831e-05 -0.000716571 -0.00165031 -0.000130502 0.000549599 0.000179645 0.000313868 0.000178186 5.12843e-05 0.000347864 0.000593697 -0.00014548 -0.000803274 -0.000681763 0.000759204 0.000474771 0.000156498 -0.000601762 0.00103219 0.00149034 -0.000155927 0.00038779 -0.000480753 -0.00104332 -0.000779368 -0.00108617
internal_weight=1076 961 932 834 608 153 59 94 226 455 404 364 333 229 188 70 49 98 198 152 122 104 118 78 73 74 68 45 41 76
internal_count=1076 961 932 834 608 153 59 94 226 455 404 364 333 229 188 70 49 98 198 152 122 104 118 78 73 74 68 45 41 76
is_linear=0
shrinkage=0.05


Tree=69
num_leaves=31
num_cat=0
split_feature=11 11 34 28 17 12 19 52 31 16 62 19 7 73 18 38 27 21 71 1 52 15 20 42 31 51 73 24 68 64
split_gain=0.0218351 0.0194083 0.0200142 0.0216333 0.0285889 0.0277465 0.0281311 0.0257721 0.0323313 0.0262106 0.0251894 0.0330753 0.0241548 0.0203473 0.0328311 0.0196494 0.0243405 0.0236121 0.0332842 0.0248756 0.0225587 0.0258995 0.0303942 0.0226632 0.0215771 0.0219013 0.0202104 0.0201609 0.0198399 0.0191903
threshold=-2.4643311500549312 1.2820724844932558 1.8908958435058596 0.64869150519371044 -0.98742443323135365 0.83714607357978832 1.5540602803230288 0.22955153137445453 0.051639914512634284 0.64520961046218883 -1.1997037529945371 -1.066209018230438 0.53114658594131481 0.93995267152786266 -0.090060312300920473 0.57508221268653881 1.3024519681930544 0.69418320059776317 0.25004579871892935 -1.5544300079345701 -0.99120178818702687 -1.165864050388336 0.35567387938499456 -0.54616940021514881 0.011402900330722334 0.43134412169456487 0.48844070732593542 -0.63447311520576466 0.10150210559368135 0.58323514461517345
decision_type=2 2 2 2 2 2 2 2 2 2 2 2 2 2 2 2 2 2 2 2 2 2 2 2 2 2 2 2 2 2
left_child=-1 2 3 5 -5 6 10 12 9 -9 11 -2 -6 14 -7 16 17 19 -19 -12 27 -22 23 26 -25 -26 28 -21 -23 -10
right_child=1 -3 -4 4 7 13 -8 8 29 -11 15 -13 -14 -15 -16 -17 -18 18 -20 20 21 22 -24 24 25 -27 -28 -29 -30 -31
leaf_value=-0.0014604028817266227 0.0006575609273884608 0.0011441044754495746 0.0010892508404504043 0.00075199806722938214 -0.00092934054983197722 0.001715628761027394 -0.0015182086168938588 -0.00014329542577995555 0.0013012288558071085 -0.0026182317697384864 -0.0014238006783853054 -0.0016732440462025504 -0.0029853284824639561 0.0019861630671325009 -0.00044173620920951687 0.0011125893654063978 -0.0015451514079873249 -0.0014986785746426607 0.00030913212949427657 0.00032478000619448724 0.0021635656629729531 -0.0010935604981103437 -0.00087887633924718764 0.00033667047840130865 0.0022259248301852493 0.00051707490424936025 0.00096138226298810275 -0.0015977622028440237 0.00058179408156623451 -0.00058018209503801624
leaf_weight=25 23 38 40 37 50 29 31 23 33 20 20 45 20 28 45 47 23 49 53 30 23 43 39 61 50 30 43 25 30 23
leaf_count=25 23 38 40 37 50 29 31 23 33 20 20 45 20 28 45 47 23 49 53 30 23 43 39 61 50 30 43 25 30 23
internal_value=6.83642e-13 3.47384e-05 -6.8765e-06 -5.19383e-05 -0.000506863 7.02449e-05 -4.75336e-05 -0.000782471 -0.000263273 -0.00129443 2.43763e-05 -0.000884884 -0.00151677 0.000838114 0.000403718 0.000133616 4.49614e-05 0.000118696 -0.000559326 0.000294225 0.000386098 0.00054734 0.000421755 0.000619127 0.001045 0.00158511 0.000101467 -0.000549103 -0.000405059 0.000528507
internal_weight=1076 1051 1013 973 206 767 665 169 99 43 634 68 70 102 74 566 519 496 102 394 374 319 296 257 141 80 116 55 73 56
internal_count=1076 1051 1013 973 206 767 665 169 99 43 634 68 70 102 74 566 519 496 102 394 374 319 296 257 141 80 116 55 73 56
is_linear=0
shrinkage=0.05


Tree=70
num_leaves=31
num_cat=0
split_feature=74 64 73 46 25 64 71 69 61 69 13 25 49 2 12 25 72 64 71 29 28 59 50 15 21 42 73 68 51 29
split_gain=0.020364 0.0202954 0.0232931 0.0311475 0.0244671 0.019187 0.0238447 0.0353279 0.0281535 0.0228494 0.0206778 0.0359846 0.0271046 0.0240474 0.0270956 0.0260288 0.0240081 0.0231039 0.0361441 0.0209358 0.0208112 0.0203975 0.0203448 0.0245705 0.0238263 0.0214983 0.0279222 0.03031 0.0190448 0.0184426
threshold=-1.5341436266899107 1.1745851635932925 0.3200709223747254 -0.14280819147825238 0.022797377780079845 -1.4750053882598875 -1.0258387327194212 -0.82781925797462452 -0.83477941155433644 -1.1261322498321531 0.033215951174497611 -0.59230867028236378 -0.51291364431381214 1.4463098049163821 0.48988744616508489 1.2629778981208803 0.28628928959369665 0.3860336840152741 0.96958503127098095 -0.02538343425840139 0.094913572072982802 0.74665123224258434 -0.080912742763757692 0.11646733433008195 0.12668735533952716 -0.68260258436202992 0.34836220741271978 -0.14330544322729108 0.086617428809404387 -0.39832076430320734
decision_type=2 2 2 2 2 2 2 2 2 2 2 2 2 2 2 2 2 2 2 2 2 2 2 2 2 2 2 2 2 2
left_child=-1 5 3 -3 29 -2 8 -8 9 -7 13 12 -12 14 15 22 -15 18 28 -16 -19 -21 25 24 -24 -9 -27 -28 -13 -5
right_child=1 2 -4 4 -6 6 7 10 -10 -11 11 17 -14 16 19 -17 -18 20 -20 21 -22 -23 23 -25 -26 26 27 -29 -30 -31
leaf_value=-0.00082460422497076385 -0.00097538610374416556 -0.0022575539480573659 0.00095109920505256874 -0.00081727764511015273 -0.0017193284595296496 0.0030768177904454725 -0.00093113639236738288 0.00070456737791178663 0.00010382940745330417 0.00071539080221555201 -0.00011374750630120221 -0.0019314106847027773 0.0023410878556949849 -0.0014661013759905473 -4.1544002015143634e-05 -0.0014078867554781027 0.00048627356051339683 0.001544063452772958 0.0006326313479803503 0.0025093014250533322 -0.00063300095387690128 0.00060524641964796258 0.0030409318119795485 0.00017563261186127378 0.00087458433117717507 0.00033730468348949218 8.6917714797891675e-05 -0.0026025188023182143 -0.00058457869476674553 0.0011859615298884887
leaf_weight=70 37 29 21 20 21 21 75 99 44 20 23 53 22 32 20 20 31 23 33 39 21 22 22 43 30 64 20 22 52 27
leaf_count=70 37 29 21 20 21 21 75 99 44 20 23 53 22 32 20 20 31 23 33 39 21 22 22 43 30 64 20 22 52 27
internal_value=-1.23813e-12 5.7378e-05 -0.000558699 -0.000885562 -0.000300448 0.000139244 0.000187706 9.95412e-05 0.000982229 0.0019249 0.000211409 -0.000179638 0.00108639 0.000402719 0.000545393 0.00033861 -0.000505409 -0.000492668 -0.000810768 0.00136231 0.00050501 0.00182259 0.000455043 0.0010599 0.00179112 0.000174744 -0.00032009 -0.00132183 -0.00126441 0.000333519
internal_weight=1076 1006 118 97 68 888 851 766 85 41 691 227 45 464 401 320 63 182 138 81 44 61 300 95 52 205 106 42 105 47
internal_count=1076 1006 118 97 68 888 851 766 85 41 691 227 45 464 401 320 63 182 138 81 44 61 300 95 52 205 106 42 105 47
is_linear=0
shrinkage=0.05


Tree=71
num_leaves=31
num_cat=0
split_feature=11 11 22 14 12 29 1 31 71 62 30 60 21 49 42 22 12 29 26 0 31 17 16 41 18 3 54 15 16 71
split_gain=0.0193761 0.016685 0.0186328 0.0178099 0.0276693 0.0277848 0.0261251 0.0232991 0.0232853 0.0232033 0.0314391 0.0235214 0.0217188 0.0634066 0.0343216 0.0266632 0.024215 0.0229931 0.03468 0.0230476 0.0229971 0.0209474 0.0206186 0.0201626 0.0267897 0.0175914 0.0165587 0.0193623 0.0165382 0.0162915
threshold=-2.4643311500549312 1.3189637660980227 -1.4133134484291074 -0.76938375830650318 -0.5035623013973235 0.75380885601043712 1.3089948296546938 0.46961089968681341 0.7190590798854829 -0.57477781176567067 -0.25601971149444575 -1.0417510271072385 -0.88615038990974415 -0.95495778322219838 0.72099769115448009 1.8468984365463259 2.0404719114303593 0.53921750187873851 -0.89713871479034413 1.202221214771271 0.92056944966316234 0.26309683918952947 -0.87268492579460133 0.33970063924789434 0.21697521954774859 0.28233268857002264 0.037633191794157035 0.33311706781387335 -0.62014779448509205 -0.10564950853586196
decision_type=2 2 2 2 2 2 2 2 2 2 2 2 2 2 2 2 2 2 2 2 2 2 2 2 2 2 2 2 2 2
left_child=-1 2 -2 9 5 7 12 8 29 10 22 -11 13 -6 -15 16 17 18 -14 23 21 26 -4 24 -19 -23 -20 -28 -13 -5
right_child=1 -3 3 4 6 -7 -8 -9 -10 11 -12 28 15 14 -16 -17 -18 19 20 -21 -22 25 -24 -25 -26 -27 27 -29 -30 -31
leaf_value=-0.0013757154126651586 -0.0013781205940176734 0.0011949330912708926 0.001028305447166531 -0.00069354344816799449 -0.0010795371033824406 -0.0022122062412866703 -0.0012653846026617378 0.00089331908665340521 0.00052911418296086295 -0.0006060398563378207 -0.0018915048519071815 0.00065642667680301456 0.0016528382092592835 0.0029600932096400358 0.00031971733318641787 -0.001198818728371407 0.0015721049841626415 0.00038052826509912216 -0.00052689506847302401 -0.00091816180131652151 -0.0018473711331353116 -0.00040855368693032629 -0.00085047492200670681 0.00030871327945129046 0.0027231456245387494 -0.001984390136583344 0.0013390520643125374 -0.00018090690165990965 0.0019165724252203757 -0.0022273823031750714
leaf_weight=25 24 30 40 70 26 24 34 29 30 23 21 66 23 32 20 40 28 23 51 22 24 77 23 72 26 23 44 40 43 23
leaf_count=25 24 30 40 70 26 24 34 29 30 23 21 66 23 32 20 40 28 23 51 22 24 77 23 72 26 23 44 40 43 23
internal_value=1.27836e-12 3.2724e-05 -1.42518e-06 3.17149e-05 -7.9421e-05 -0.000631199 8.10964e-05 -0.000381567 -0.00068215 0.000433553 -0.000216075 0.000846953 0.000161272 0.00093653 0.00194456 3.86147e-05 0.00014788 5.40491e-05 -0.00020784 0.000570502 -0.000373074 -0.000222507 0.000342402 0.000841168 0.00162355 -0.000770996 0.00018378 0.000615262 0.00115355 -0.00107288
internal_weight=1076 1051 1021 997 781 176 605 152 123 216 84 132 571 78 52 493 453 425 282 143 259 235 63 121 49 100 135 84 109 93
internal_count=1076 1051 1021 997 781 176 605 152 123 216 84 132 571 78 52 493 453 425 282 143 259 235 63 121 49 100 135 84 109 93
is_linear=0
shrinkage=0.05


Tree=72
num_leaves=31
num_cat=0
split_feature=37 21 54 54 69 69 61 73 58 30 75 5 27 2 27 24 8 5 50 68 35 10 49 10 4 59 57 41 12 39
split_gain=0.0182017 0.0217379 0.0371465 0.0224632 0.0234259 0.0203209 0.0262542 0.0298003 0.0243655 0.0204587 0.0304012 0.0206643 0.021113 0.024945 0.0197648 0.0183596 0.0178102 0.0220251 0.0239302 0.0203539 0.0188545 0.0210301 0.0177743 0.0175255 0.0174323 0.0168345 0.0322927 0.0162298 0.0161144 0.0156044
threshold=-2.0289376974105831 -1.7474583387374876 0.10230978205800058 -1.2077434062957761 -0.30055414140224451 -0.62924864888191212 -0.14096578955650327 0.54215028882026683 -1.4366822242736814 -1.0442775487899778 1.0000000180025095e-35 1.1785136461257937 1.2190595865249636 0.55627891421318065 0.21932524442672732 0.70707157254219066 0.75050005316734325 1.0653002858161928 -0.053274186328053467 0.47233463823795324 -0.41025473177433008 -0.44626450538635248 0.5554197132587434 -0.13103727251291272 -1.065568149089813 0.48221333324909216 0.032333906739950187 -0.50736734271049488 1.4715357422828677 0.44665592908859258
decision_type=2 2 2 2 2 2 2 2 2 2 2 2 2 2 2 2 2 2 2 2 2 2 2 2 2 2 2 2 2 2
left_child=-1 2 -2 4 -3 6 7 22 -7 10 14 12 16 -14 -10 -8 17 18 19 27 -20 -22 24 -21 -5 26 -13 -11 -18 -23
right_child=1 3 -4 5 -6 8 15 -9 9 11 -12 25 13 -15 -16 -17 28 -19 20 23 21 29 -24 -25 -26 -27 -28 -29 -30 -31
leaf_value=-0.0011215314193395898 0.002356405966118193 0.00022394899845223977 -0.00043518417199017923 -0.00047449875797610734 -0.0013973570695400537 -0.0015304984140675517 -0.00063073955924606868 -0.0017399392696097493 0.0030698608414968477 -0.00077861285302788024 4.1992705908257433e-05 0.0015663309413939718 -0.00025171198548101212 0.0019532465933950554 0.00087360347239328327 -0.0024090108882990624 -0.00094707188228229915 -0.0014813396733924971 0.0018419696192722768 -0.0019091730574683217 -0.0008298205292353837 0.00023150115497022248 -0.00058858481917174212 -0.00014891827827781409 0.0012492823866407641 0.0017974798973169057 -0.0010013716593675781 0.00045489630529768225 0.00051456507353577765 0.0017036684893537313
leaf_weight=35 26 37 22 20 56 20 47 20 20 35 43 25 23 29 21 21 88 21 29 26 26 45 34 31 55 31 24 112 24 30
leaf_count=35 26 37 22 20 56 20 47 20 20 35 43 25 23 29 21 21 88 21 29 26 26 45 34 31 55 31 24 112 24 30
internal_value=-1.32502e-12 3.77076e-05 0.00107693 -1.25266e-05 -0.000752321 6.39189e-05 -0.000384894 3.41852e-05 0.000189689 0.00024006 0.000970816 0.000137583 2.22837e-05 0.000977976 0.00194495 -0.00117991 -8.41318e-05 8.93049e-05 0.000188058 -0.000149794 0.000718226 0.000395567 0.000359713 -0.000951842 0.000789607 0.00088559 0.000308681 0.000161204 -0.000633864 0.000820368
internal_weight=1076 1041 48 993 93 900 197 129 703 683 84 599 519 52 41 68 467 355 334 204 130 101 109 57 75 80 49 147 112 75
internal_count=1076 1041 48 993 93 900 197 129 703 683 84 599 519 52 41 68 467 355 334 204 130 101 109 57 75 80 49 147 112 75
is_linear=0
shrinkage=0.05


Tree=73
num_leaves=31
num_cat=0
split_feature=11 34 30 41 56 27 37 21 11 48 4 42 52 15 12 54 36 19 63 52 35 69 52 70 34 1 20 65 65 47
split_gain=0.0174916 0.0161285 0.023694 0.0271482 0.0211028 0.0237572 0.0197229 0.0189483 0.0225541 0.0197709 0.026601 0.0250875 0.0248683 0.0248812 0.0242233 0.0210342 0.0205893 0.0229457 0.0180838 0.0177501 0.020704 0.0189778 0.0174474 0.017108 0.0167811 0.0155994 0.0145059 0.0195075 0.0283958 0.0148618
threshold=-2.4643311500549312 1.8908958435058596 0.92964693903923046 -0.23133333027362821 1.6634446382522585 -1.652854263782501 0.86875823140144359 -1.6470534205436704 -0.75067690014839161 0.013464539311826231 -0.53853091597557057 -0.68260258436202992 -0.080641947686672197 -0.48232007026672358 -0.76211023330688465 0.28086604177951818 -0.19658421725034711 0.82470521330833446 1.1160389780998232 0.38106338679790502 0.0066824334207922229 0.4857927560806275 0.53097692131996166 0.12559473514556888 0.59158542752265941 0.57610037922859203 0.17076444625854495 -0.67300227284431446 0.051491843536496169 -0.1983038708567619
decision_type=2 2 2 2 2 2 2 2 2 2 2 2 2 2 2 2 2 2 2 2 2 2 2 2 2 2 2 2 2 2
left_child=-1 2 4 -4 5 -2 24 -7 -9 11 14 26 13 -13 -11 18 25 -18 -15 21 -21 -14 -22 -3 -5 -12 27 -10 -29 -30
right_child=1 23 3 6 -6 7 -8 8 9 10 16 12 19 15 -16 -17 17 -19 -20 20 22 -23 -24 -25 -26 -27 -28 28 29 -31
leaf_value=-0.0013071039780043067 -0.0012267265928676352 0.002049852380077937 -0.0017455075008145191 0.0013839226519769951 0.0014948493622516535 0.0015184562471087862 -0.0011924229185644756 -0.00061197597285180883 -0.0011757093986185889 0.0004712986427226237 0.00039689557050310431 -0.0022193373965651349 -2.5199616793543103e-05 -0.0021223823889158669 0.002845405440100215 0.00033973554268524779 0.00098254492190936885 -0.00084733383153520888 -0.00010524258133955301 0.00090179712537469139 -0.0019350892221111629 0.0020136836855228816 -0.00022749286133778068 -1.8237025942653419e-05 -0.000238058877948788 -0.0014516229075379672 0.0016773053849283314 0.0012310329555903618 -0.00082420547515517329 0.00040676942320357339
leaf_weight=25 35 20 38 23 26 23 34 107 21 21 21 27 25 25 22 41 93 21 20 27 21 21 52 20 52 25 20 68 41 61
leaf_count=25 35 20 38 23 26 23 34 107 21 21 21 27 25 25 22 41 93 21 20 27 21 21 52 20 52 25 20 68 41 61
internal_value=-2.36223e-12 3.10919e-05 -7.86816e-06 -0.000594697 9.19743e-05 4.84483e-05 -0.000193497 0.000104029 6.23213e-05 0.000169528 0.000581887 -8.57663e-06 -0.000338293 -0.000895198 0.00168596 -0.00047948 0.000285168 0.000645462 -0.00122588 9.27355e-05 -0.00028118 0.000905595 -0.000718719 0.00101581 0.000259349 -0.000607734 0.000396147 0.000261994 0.000439593 -8.80342e-05
internal_weight=1076 1051 1011 147 864 838 109 803 780 673 203 470 259 113 43 86 160 114 45 146 100 46 73 40 75 46 211 191 170 102
internal_count=1076 1051 1011 147 864 838 109 803 780 673 203 470 259 113 43 86 160 114 45 146 100 46 73 40 75 46 211 191 170 102
is_linear=0
shrinkage=0.05


Tree=74
num_leaves=31
num_cat=0
split_feature=33 28 40 34 10 4 29 34 64 41 7 2 2 29 56 56 51 18 62 43 74 70 40 40 11 11 65 12 26 68
split_gain=0.0166159 0.0189654 0.0221445 0.0339953 0.0313267 0.0381819 0.0281425 0.0212093 0.0205139 0.019363 0.0218797 0.0201469 0.023689 0.0261113 0.0242732 0.0278553 0.021862 0.0200384 0.0195305 0.0267751 0.0182327 0.0204908 0.0161202 0.0233404 0.0239176 0.0219916 0.0183212 0.0272155 0.0170239 0.0137997
threshold=-1.2776680588722227 0.64869150519371044 0.11459748446941377 1.4603934884071352 0.13053964823484424 1.5676568150520327 -0.18269118666648862 0.94430476427078258 0.68846285343170177 -0.75922656059265126 -0.91687723994255055 -1.2599743008613584 -0.19782434403896329 0.16878560930490497 0.63499605655670177 -0.16652420908212659 -0.20294854789972303 0.050759309902787215 -0.61001908779144276 -0.81355679035186756 0.84261015057563793 0.5384432077407838 -0.55248555541038502 -0.11963901296257971 0.94623437523841869 1.0095649361610415 0.79076161980628978 -0.048449685797095292 0.023804816417396072 0.19063644111156466
decision_type=2 2 2 2 2 2 2 2 2 2 2 2 2 2 2 2 2 2 2 2 2 2 2 2 2 2 2 2 2 2
left_child=-1 7 -3 4 -4 8 -5 9 -6 18 17 -12 13 14 15 -13 -15 -11 -2 -20 22 -22 25 24 28 -14 27 -25 -24 -18
right_child=1 2 3 6 5 -7 -8 -9 -10 10 11 12 20 16 -16 -17 29 -19 19 -21 21 -23 23 26 -26 -27 -28 -29 -30 -31
leaf_value=-0.00056798742298269644 -0.0003308767870051573 0.00048708508607055363 -0.0023817426528382514 -0.0010091175879573539 0.0010402055838494562 -0.0022482792684889361 0.0013615074222006144 0.0013392446051990478 -0.0010270958149340005 -0.0018710415868554266 0.0016632946510799229 -0.00010045251506380737 0.0015253380767535419 -0.0019687087101712161 -0.0013193661812692882 0.0018925250542384609 -0.00091482619352254281 0.0002011436683824286 0.0001327027371564113 0.0020201632956048429 -0.0012588106270413847 0.00074742465279996394 -0.00018769429555807923 -0.00010757048191778639 0.0009027266292832792 6.7800694472849543e-05 -0.000507423913349276 0.0019367977743968369 -0.0019182833756699606 0.00067491237772628662
leaf_weight=115 30 59 35 21 30 23 31 38 20 28 20 50 65 35 21 27 43 20 34 42 35 20 30 27 23 43 23 41 27 20
leaf_count=115 30 59 35 21 30 23 31 38 20 28 20 50 65 35 21 27 43 20 34 42 35 20 30 27 23 43 23 41 27 20
internal_value=-1.27363e-12 6.79694e-05 -0.000340885 -0.000646199 -0.00115192 -0.000562276 0.00040414 0.000188642 0.000213285 0.000126536 1.61349e-05 0.000105482 4.66964e-05 -0.00038967 0.000187437 0.000598384 -0.000966776 -0.00100763 0.000749363 0.00117577 0.000302767 -0.000529271 0.000466789 0.000164747 -0.000458272 0.000945022 0.000712457 0.00112506 -0.00100745 -0.000410147
internal_weight=1076 961 219 160 108 73 52 742 50 704 598 550 530 196 98 77 98 48 106 76 334 55 279 171 80 108 91 68 57 63
internal_count=1076 961 219 160 108 73 52 742 50 704 598 550 530 196 98 77 98 48 106 76 334 55 279 171 80 108 91 68 57 63
is_linear=0
shrinkage=0.05


Tree=75
num_leaves=31
num_cat=0
split_feature=10 13 3 72 34 0 18 55 12 29 5 21 43 30 54 41 72 33 12 29 58 24 16 41 58 73 47 49 37 23
split_gain=0.0155427 0.0169498 0.0252964 0.0197071 0.0190872 0.0180492 0.0347674 0.0299666 0.0193538 0.0227394 0.0202124 0.0263493 0.0176673 0.0165051 0.0161786 0.0164013 0.0155294 0.020258 0.0282114 0.0197192 0.0183015 0.026624 0.0191404 0.0196181 0.0248 0.0196058 0.0181263 0.016107 0.0146256 0.0144158
threshold=-1.4342226386070249 1.9409323334693911 -1.2449226975440977 -0.45296095311641688 0.97591793537139904 -0.3708945289254188 1.1386963129043581 1.6910590529441836 0.18525865674018863 0.51951470971107494 -0.39505000412464136 -0.078104872256517396 -0.5115964114665984 -0.081856749951839433 -1.3053436279296873 -1.5685020685195921 0.72758507728576671 0.32222352921962744 -0.50918787717819203 0.59338653087615978 0.81816568970680248 1.0321967601776125 0.87468475103378307 0.92845159769058239 0.51036190986633312 0.6323499083518983 -0.16574015468358991 0.026806476525962356 -0.21294862776994702 0.059439269825816161
decision_type=2 2 2 2 2 2 2 2 2 2 2 2 2 2 2 2 2 2 2 2 2 2 2 2 2 2 2 2 2 2
left_child=-1 2 4 -3 -2 6 8 14 10 12 -4 -12 -10 -13 -7 -16 20 18 -18 -19 21 22 23 24 26 -25 27 -17 -20 -23
right_child=1 3 5 -5 -6 7 -8 -9 9 -11 11 13 -14 -15 15 16 17 19 28 -21 -22 29 -24 25 -26 -27 -28 -29 -30 -31
leaf_value=-0.0012321350495913066 -0.0013761375689963727 -1.9185721546157519e-05 -0.00057637930518607261 0.0021494179265573623 0.00042760890450153964 -0.0010694415208750538 -0.001061062851620495 -0.0017621235156324334 0.0017295933175112375 0.0022779785748571158 0.0013855046405204399 0.0003966748834444353 -4.2460063615670576e-05 -0.0012458675621746806 0.0013174927251384362 -7.4210234561178378e-05 -0.0015195806934074924 -0.0020258152063433953 -0.00044258355205370622 -2.4451124481856826e-05 0.0010129820244261423 -0.0020467838833362543 0.0015002848299918697 -0.0019659648630873895 0.0018808678737124347 0.00012185386857827721 0.00046274328280381519 -0.0016558118894780902 0.0011853643519980079 -0.00023672079709781844
leaf_weight=25 55 22 52 20 20 35 38 26 22 30 59 65 39 20 24 60 22 32 22 20 52 22 25 22 21 23 122 22 37 22
leaf_count=25 55 22 52 20 20 35 38 26 22 30 59 65 39 20 24 60 22 32 22 20 52 22 25 22 21 23 122 22 37 22
internal_value=-1.62881e-12 2.93086e-05 -1.1658e-05 0.00101348 -0.000895139 5.92853e-05 0.000360165 -0.000101283 0.000548342 0.00115093 0.000268569 0.00057369 0.000596641 1.01943e-05 -2.72143e-05 3.93513e-05 -1.91895e-05 -0.000485897 8.52923e-06 -0.00125606 0.000139562 5.58661e-06 0.000176715 5.41624e-05 0.000244766 -0.000898858 7.63441e-05 -0.000498542 0.000578333 -0.00114175
internal_weight=1076 1051 1009 42 75 934 325 609 287 91 196 144 61 85 583 548 524 133 81 52 391 339 295 270 225 45 204 82 59 44
internal_count=1076 1051 1009 42 75 934 325 609 287 91 196 144 61 85 583 548 524 133 81 52 391 339 295 270 225 45 204 82 59 44
is_linear=0
shrinkage=0.05


Tree=76
num_leaves=31
num_cat=0
split_feature=31 61 58 11 22 0 55 30 13 21 73 30 40 72 24 21 21 7 21 44 61 2 41 42 15 40 74 28 34 49
split_gain=0.0155178 0.0256468 0.0255287 0.0170631 0.0156826 0.017168 0.0218122 0.0181262 0.0174311 0.0217366 0.020854 0.0174998 0.0166004 0.0169571 0.0212619 0.0204837 0.0244448 0.0256532 0.0201101 0.0199931 0.0198547 0.0152827 0.0151247 0.0156223 0.0149933 0.0147115 0.022318 0.0146134 0.0166764 0.0142813
threshold=-1.6342040896415708 -0.56180813908576954 0.12596849352121356 1.3301469683647158 2.4209367036819462 -0.3708945289254188 1.6337003707885744 1.5275480151176455 0.49196906387805944 -0.12956374138593671 0.10959345847368242 -0.081856749951839433 0.73040273785591137 0.95324134826660167 -0.62665855884551991 -0.88615038990974415 -0.46598362922668451 0.71904331445693981 0.21551509946584704 0.29633145034313207 -0.42498067021369929 -0.6082477569580077 0.8654533624649049 -0.44602651894092554 0.25362651795148855 -0.11963901296257971 0.38917665183544164 0.73111653327941906 0.45824092626571661 -0.51884084939956654
decision_type=2 2 2 2 2 2 2 2 2 2 2 2 2 2 2 2 2 2 2 2 2 2 2 2 2 2 2 2 2 2
left_child=1 2 -1 4 5 8 7 12 9 24 11 -11 13 15 -15 20 -17 18 29 -16 -7 -20 23 -19 -2 -12 -27 28 -14 -18
right_child=3 -3 -4 -5 -6 6 -8 -9 -10 10 25 -13 27 14 19 16 17 22 21 -21 -22 -23 -24 -25 -26 26 -28 -29 -30 -31
leaf_value=0.0011976960647319046 0.0018540147993351436 -0.0021864821574473308 -0.0012135247568316435 0.0013654194885020844 -0.001369743780232966 8.8245174447365576e-05 -0.0013413811484283276 0.0010646147866334233 -0.00020642300035634577 0.00031059818027321908 0.00016483083298745834 -0.0013613325318899651 -0.0012178801011205429 0.00068930940178688624 -0.0021074199246178412 -0.0012875555113141396 0.0013401269646627564 0.00034695094697834817 -0.0014374189680286995 -0.00015648077590716032 0.0023161774265463464 -0.00022941095024483127 -0.00022743910796836847 0.0017811655144743231 0.00034582922682882501 0.00015300459053833038 0.0024145381188039514 -0.0015623427906950168 0.00071147400255237403 6.7171362773056186e-06
leaf_weight=21 45 21 23 24 20 20 34 35 104 34 56 29 21 20 29 33 28 34 36 24 20 96 27 43 26 20 24 34 24 71
leaf_count=21 45 21 23 24 20 20 34 35 104 34 56 29 21 20 29 33 28 34 36 24 20 96 27 43 26 20 24 34 24 71
internal_value=-2.86791e-12 -0.000748855 -6.27148e-05 4.8146e-05 1.6115e-05 4.47781e-05 -0.000109658 -3.92742e-05 0.000332176 0.000571553 0.000253504 -0.000459021 -0.000108267 2.05847e-06 -0.000699788 0.000127634 1.08321e-05 0.000138733 -0.000154849 -0.00122398 0.00120221 -0.000558868 0.000790823 0.00114788 0.00130172 0.000702395 0.00138657 -0.000779997 -0.000188891 0.000383843
internal_weight=1076 65 44 1011 987 967 629 595 338 234 163 63 560 481 73 408 368 335 231 53 40 132 104 77 71 100 44 79 45 99
internal_count=1076 65 44 1011 987 967 629 595 338 234 163 63 560 481 73 408 368 335 231 53 40 132 104 77 71 100 44 79 45 99
is_linear=0
shrinkage=0.05


Tree=77
num_leaves=31
num_cat=0
split_feature=37 21 54 58 43 41 66 17 27 29 58 7 3 13 63 43 37 16 15 56 2 2 39 39 20 42 21 37 27 10
split_gain=0.014487 0.018898 0.0296547 0.0161334 0.0154745 0.0231707 0.0199701 0.0225961 0.017006 0.0177162 0.0138824 0.013087 0.0268817 0.0296327 0.0202977 0.0192249 0.0196828 0.0186702 0.0229817 0.0183074 0.0234303 0.0181924 0.0180315 0.0169906 0.0169155 0.0188846 0.0165785 0.0165506 0.0166644 0.0135871
threshold=-2.0289376974105831 -1.7474583387374876 0.10230978205800058 -1.4366822242736814 -0.94583776593208302 -1.2118044495582578 0.28426587581634527 0.11512701585888864 -1.2924441695213316 1.6116179227828982 -1.7639577388763426 0.71904331445693981 0.62626850605010997 -0.48200763761997217 -0.25814750790596003 0.63103061914443981 0.44861392676830297 1.1432063579559328 0.65969768166542064 0.070565637201070799 -1.0323064923286436 0.7152535915374757 0.22833007574081424 0.4171122014522553 1.1522170901298525 -0.43893815577030176 0.10849763453006746 -0.21294862776994702 0.1549562141299248 -0.73698219656944264
decision_type=2 2 2 2 2 2 2 2 2 2 2 2 2 2 2 2 2 2 2 2 2 2 2 2 2 2 2 2 2 2
left_child=-1 2 -2 10 6 -6 7 -5 -7 11 -3 12 13 21 -14 16 19 18 -13 22 -21 -10 29 -18 25 -17 -20 -22 -29 -15
right_child=1 3 -4 4 5 8 -8 -9 9 -11 -12 17 14 15 -16 24 23 -19 26 20 27 -23 -24 -25 -26 -27 -28 28 -30 -31
leaf_value=-0.0010005625866636235 0.0021457973164685359 -0.00011056651037506527 -0.00034844889295610219 0.001031095184258778 0.0013966653298078148 -0.0010303752650917672 -0.0012276600766199409 -0.00069145141247039046 0.0025107322144322097 -0.0012841129379177637 -0.0016500373819360028 0.00062023105214766428 0.00013212987770592528 0.00080464937325034822 -0.001614282494013357 0.00025449571826140444 0.0018789264188822489 0.0019253380352165551 -0.001675200390274681 0.0020006161463970783 -0.00060342237771865686 0.00042713789377806037 -0.0015587495427878042 0.00028084938844236042 0.00062460640134910748 -0.0015432067365812449 0.00015651073035163185 -0.00017494457729515575 0.0018417108908761295 -0.0005526127444614691
leaf_weight=35 26 32 22 33 34 34 52 45 20 22 27 161 28 28 41 21 29 20 21 20 42 22 28 39 21 48 30 21 20 54
leaf_count=35 26 32 22 33 34 34 52 45 20 22 27 161 28 28 41 21 29 20 21 20 42 22 28 39 21 48 30 21 20 54
internal_value=-1.06164e-12 3.36404e-05 0.0010026 -1.31975e-05 3.74561e-05 0.000119293 -0.000468673 3.73183e-05 6.28894e-05 0.000113393 -0.00081507 0.000156454 7.94195e-06 0.000160566 -0.000905593 1.80655e-05 0.000221762 0.000465 0.000327233 -1.46804e-05 0.000464359 0.00141933 -0.000463235 0.000962382 -0.00061792 -0.00099608 -0.000597723 9.41764e-05 0.00080879 -8.91574e-05
internal_weight=1076 1041 48 993 934 804 130 78 770 736 59 714 482 413 69 371 281 232 212 213 103 42 110 68 90 69 51 83 41 82
internal_count=1076 1041 48 993 934 804 130 78 770 736 59 714 482 413 69 371 281 232 212 213 103 42 110 68 90 69 51 83 41 82
is_linear=0
shrinkage=0.05


Tree=78
num_leaves=31
num_cat=0
split_feature=11 56 30 64 73 46 14 14 21 67 60 54 62 8 45 66 41 41 64 44 61 64 29 38 31 31 38 38 46 24
split_gain=0.0140922 0.0148299 0.0166872 0.0150301 0.0208657 0.0252057 0.0189382 0.0171976 0.018296 0.0159663 0.015899 0.017839 0.018049 0.0161857 0.0188047 0.0160538 0.0158059 0.0170799 0.0266452 0.020209 0.0156242 0.0152851 0.0150781 0.016915 0.0153808 0.0163619 0.0143493 0.0166423 0.019288 0.0157489
threshold=-2.4643311500549312 1.5667974352836611 0.19110292941331866 1.1745851635932925 0.23118843138217929 -0.14280819147825238 1.8581876158714297 -0.76938375830650318 0.71898865699768078 -0.11830676347017287 1.3755156993865969 -1.2077434062957761 1.546137869358063 -0.5987807810306548 1.4780659675598147 -0.50781434774398793 1.3841647505760195 0.5655408799648286 0.55136373639106762 -0.11900866776704787 0.41831867396831518 0.66745787858963024 0.94851526618003856 0.9041985571384431 0.89773687720298778 -0.85087722539901722 0.14242710918188098 -0.82095149159431446 -0.15844348073005673 0.060009738430380828
decision_type=2 2 2 2 2 2 2 2 2 2 2 2 2 2 2 2 2 2 2 2 2 2 2 2 2 2 2 2 2 2
left_child=-1 3 -3 6 5 -5 7 8 21 -7 11 20 13 15 16 -13 17 22 19 -19 -9 -2 23 24 25 -15 27 -27 29 -29
right_child=1 2 -4 4 -6 9 -8 10 -10 -11 -12 12 -14 14 -16 -17 -18 18 -20 -21 -22 -23 -24 -25 -26 26 -28 28 -30 -31
leaf_value=-0.0011732330825179817 0.0004195531420593051 0.0019452660610633239 1.5286509490882357e-05 -0.002128597632067145 0.00083900729448280545 -0.00096525355285848502 0.0011979269057545547 -0.00022225910115280541 -0.00063907254512446962 0.00062632097979076207 -0.0012895592937379012 0.0019821548162872204 -0.0014250406247031475 -0.00092027866898255573 -0.0013422991838664391 0.00029080974215522725 0.0012892333756705436 -0.00092695338841085925 -0.0019703969733270172 0.0006826740683728088 -0.0020130505607951258 0.0018480289200808677 0.0012030905407417808 0.0011390942073757611 -0.0012503385237393489 0.00074788816176199664 0.0010692525711419876 -0.00030650739220436667 0.000968774551874958 -0.001938165145665629
leaf_weight=25 173 21 24 28 22 40 35 29 37 26 28 20 21 37 26 47 24 39 26 39 21 21 31 31 26 48 40 50 20 21
leaf_count=25 173 21 24 28 22 40 35 29 37 26 28 20 21 37 26 47 24 39 26 39 21 21 31 31 26 48 40 50 20 21
internal_value=3.89937e-13 2.79075e-05 0.000915944 -1.18157e-05 -0.000547141 -0.000871559 5.7957e-05 1.12916e-05 0.000379851 -0.00033827 -0.000125146 -7.04424e-05 1.23368e-05 6.98319e-05 -3.63524e-05 0.000795689 4.22463e-05 -3.11059e-05 -0.000584204 -0.00012214 -0.000974392 0.000574182 0.000158112 3.94513e-05 -0.000101412 3.68846e-05 0.000234734 -5.41521e-06 -0.000402762 -0.00078911
internal_weight=1076 1051 45 1006 116 94 890 855 231 66 624 596 546 525 458 67 432 408 104 78 50 194 304 273 242 216 179 139 91 71
internal_count=1076 1051 45 1006 116 94 890 855 231 66 624 596 546 525 458 67 432 408 104 78 50 194 304 273 242 216 179 139 91 71
is_linear=0
shrinkage=0.05


Tree=79
num_leaves=31
num_cat=0
split_feature=63 56 33 21 28 34 54 54 47 55 34 68 30 21 45 56 70 56 2 25 41 13 31 71 73 54 63 54 35 25
split_gain=0.0134878 0.0173653 0.0175039 0.0238975 0.0160885 0.018028 0.0175596 0.0319433 0.0286398 0.0172484 0.0154507 0.0185662 0.0156954 0.0150085 0.015436 0.0243714 0.0203102 0.0189304 0.017136 0.0149805 0.0144731 0.0184164 0.0173939 0.0171947 0.0152328 0.02104 0.016026 0.0157111 0.0158748 0.0163436
threshold=-1.8579882979393003 1.5949298739433291 -1.2776680588722227 -1.7474583387374876 0.63734906911849987 0.94430476427078258 -0.047881776466965668 0.33896966278553015 1.2819141149520876 -1.3475841283798216 0.30950687825679785 0.92080396413803112 1.2717324495315554 1.4472196102142336 1.108954191207886 0.80780598521232616 0.1745710223913193 0.95252639055252086 -0.39514385163784022 0.60617637634277355 -0.75922656059265126 0.8277730941772462 -0.14699054509401319 -0.6098501682281493 -0.25700658559799189 0.81636095046997081 0.07479479163885118 -0.92410346865653981 0.81880486011505138 0.36913044750690466
decision_type=2 2 2 2 2 2 2 2 2 2 2 2 2 2 2 2 2 2 2 2 2 2 2 2 2 2 2 2 2 2
left_child=-1 2 -2 -4 5 9 -6 -8 10 -5 -9 12 -12 14 15 20 19 -17 -19 -16 22 23 -11 -22 -25 26 -26 -28 29 -29
right_child=1 -3 3 4 6 -7 7 8 -10 13 11 -13 -14 -15 16 17 -18 18 -20 -21 21 -23 -24 24 25 -27 27 28 -30 -31
leaf_value=-0.00096544050287255753 -0.00066353978243410979 0.0011114497950378186 0.0016513121607915863 -0.0011612862906918897 -0.0012127357016045912 0.0013100976163836859 0.0013754844452768308 0.0010862477500701235 -0.0021508075291335228 0.00022548993118107322 -0.0017880787744486175 0.00067024868587031966 -2.5300047886760338e-05 -0.00084836277261225365 0.0012385997815900262 -0.0018502991036511958 0.0022493928624317048 -0.0012788319117611364 0.00057101670583154288 -0.00067345764837227766 0.0011362281735576593 -0.00085134520375591133 0.0020530934675859857 -0.00057530125680690014 0.0010647311564534903 -0.00086568351864972257 -0.00097535330592654645 0.00013407961851705542 -0.00069542672091092066 0.0014529634295485734
leaf_weight=35 92 36 23 27 48 31 29 21 21 30 28 25 23 37 21 25 20 21 31 20 48 42 23 63 75 34 25 55 26 41
leaf_count=35 92 36 23 27 48 31 29 21 21 30 28 25 23 37 21 25 20 21 31 20 48 42 23 63 75 34 25 55 26 41
internal_value=9.6021e-14 3.24596e-05 -6.19082e-06 6.00481e-05 1.89255e-05 0.00013153 -0.00038241 -0.000111283 -0.000476675 7.65069e-05 -0.000114234 -0.000445946 -0.0009931 0.000128972 0.000189241 0.000103925 0.000943103 -0.000719629 -0.000176038 0.000305889 0.000241184 0.000140443 0.0010186 0.000253944 0.000121187 0.000292588 0.000469981 0.000166537 0.000400531 0.000697353
internal_weight=1076 1041 1005 913 890 695 195 147 118 664 97 76 51 637 600 539 61 77 52 41 462 409 53 367 319 256 222 147 122 96
internal_count=1076 1041 1005 913 890 695 195 147 118 664 97 76 51 637 600 539 61 77 52 41 462 409 53 367 319 256 222 147 122 96
is_linear=0
shrinkage=0.05


Tree=80
num_leaves=31
num_cat=0
split_feature=22 34 31 51 38 12 71 43 18 60 30 11 56 31 50 31 60 59 46 1 61 34 8 34 68 48 51 44 19 45
split_gain=0.0127746 0.0158441 0.0177123 0.0199486 0.0157011 0.0199315 0.0218031 0.0222955 0.0218015 0.0192214 0.0358224 0.02162 0.020351 0.0165565 0.0180642 0.0257814 0.0219071 0.0211102 0.0162036 0.0161297 0.0161216 0.0160731 0.0327866 0.0337962 0.0154051 0.0172599 0.0206276 0.0147792 0.0143124 0.0128451
threshold=2.4991457462310795 1.8908958435058596 -1.6342040896415708 -0.35944984853267664 1.483072102069855 0.34763641655445104 -1.1201963424682615 -0.29655820131301874 1.0008333027362826 -0.54559490084648121 -1.0442775487899778 -1.2459403276443479 -0.73663404583930958 1.0866553187370303 -0.30348038673400873 0.41460941731929785 -0.22288659214973447 0.40371774137020117 -0.15844348073005673 0.74074631929397594 0.45112095773220068 -0.19519005715847013 1.3339999914169314 0.33802840113639837 1.1795358061790469 0.12207620590925218 -0.55608975887298573 -0.1423489227890968 0.25959469377994543 0.12058939412236215
decision_type=2 2 2 2 2 2 2 2 2 2 2 2 2 2 2 2 2 2 2 2 2 2 2 2 2 2 2 2 2 2
left_child=1 2 3 -1 5 8 -7 18 9 24 12 -12 -11 14 15 20 -16 19 -8 28 -13 27 23 -23 25 26 -4 -9 -18 -14
right_child=-2 -3 4 -5 -6 6 7 21 -10 10 11 13 29 -15 16 -17 17 -19 -20 -21 -22 22 -24 -25 -26 -27 -28 -29 -30 -31
leaf_value=-0.0016116662842354604 -0.0012518547824583949 0.0010261376924494184 -0.0017007767020134322 0.00030973711559040984 -0.00086428858263863499 0.0020411393081303689 0.00053911913895386861 0.00055841884348497152 -0.0012964147495735875 -4.0890171658247717e-06 -0.0014431412927175796 -0.00029056751269549802 0.002767470195381479 -0.0010752520728770092 0.0020887904980641213 0.00088998267317947461 9.4847140182105637e-05 0.0016700987694784999 -0.0011832522163684998 0.0010148737535928376 -0.0018413164575273794 0.0029664684876999155 -0.00016123548940834932 0.00073433584768154531 -0.0016727618633359228 0.00075653623716269588 -0.00019823564399273658 -0.00097704115160740924 -0.0013994328222576191 0.0010166665469296277
leaf_weight=35 20 38 28 22 46 20 22 42 34 20 24 83 22 27 21 40 59 25 36 32 21 28 41 43 21 35 124 25 22 20
leaf_count=35 20 38 28 22 46 20 22 42 34 20 24 83 22 27 21 40 59 25 36 32 21 28 41 43 21 35 124 25 22 20
internal_value=-2.41997e-12 2.37094e-05 -1.37094e-05 -0.000870072 3.70842e-05 8.23992e-05 0.000455801 0.000322017 -6.34431e-05 3.73805e-06 0.000199963 5.78771e-06 0.00130864 0.000111164 0.000216885 -0.000188788 0.000584286 0.00035534 -0.000529939 6.44639e-05 -0.0006037 0.00059807 0.000964526 0.00161461 -0.000388712 -0.000244514 -0.00047502 -1.4514e-05 -0.000311007 0.00193375
internal_weight=1076 1056 1018 57 961 915 257 237 658 624 416 354 62 330 303 144 159 138 58 113 104 179 112 71 208 187 152 67 81 42
internal_count=1076 1056 1018 57 961 915 257 237 658 624 416 354 62 330 303 144 159 138 58 113 104 179 112 71 208 187 152 67 81 42
is_linear=0
shrinkage=0.05


Tree=81
num_leaves=31
num_cat=0
split_feature=19 23 56 61 40 31 55 22 42 60 53 68 43 21 7 43 25 23 23 33 64 67 56 19 63 63 46 72 64 53
split_gain=0.0120543 0.020952 0.0208345 0.0189642 0.0181037 0.0171716 0.0158956 0.0152149 0.0167813 0.0221117 0.0186599 0.0193228 0.0179326 0.0162367 0.0165693 0.033663 0.0234568 0.0173562 0.0219215 0.0155616 0.0178214 0.0144989 0.0221623 0.0221487 0.0172935 0.0163989 0.0143469 0.0158939 0.0146306 0.0125649
threshold=-1.901491045951843 -1.3176247477531431 1.6634446382522585 -1.2640776038169859 0.67941471934318554 -0.54864224791526783 -0.85596314072608937 -1.4133134484291074 -1.0642898082733152 0.036941159516572959 1.884780287742615 -1.2253434062004087 -0.81355679035186756 -0.95640286803245533 0.58472952246665966 0.66554042696952831 1.0000000180025095e-35 -0.51246836781501759 -0.1819643899798393 0.5781230926513673 0.36661478877067571 -0.031122577376663681 -0.27362863719463343 0.16704864054918292 1.0130148530006411 0.3847005963325501 0.67997583746910106 0.74116697907447826 -0.20162086933851239 -0.34134778380393976
decision_type=2 2 2 2 2 2 2 2 2 2 2 2 2 2 2 2 2 2 2 2 2 2 2 2 2 2 2 2 2 2
left_child=-1 5 3 4 -3 6 -2 -5 9 -9 11 -10 29 -14 15 21 -17 -16 -19 26 -21 -15 24 -24 -23 -25 27 28 -20 -13
right_child=1 2 -4 7 -6 -7 -8 8 10 -11 -12 12 13 14 17 16 -18 18 19 20 -22 22 23 25 -26 -27 -28 -29 -30 -31
leaf_value=0.00091269455317940043 -0.00039314139761369334 -0.0001479246946317809 0.0014033108764259076 -0.0013102720018650872 -0.0019308791830174718 0.00011283321279822099 -0.0022037006229058734 0.00023099724707814555 0.0011068129775727669 0.0020008815161418171 -0.0014960391144268215 0.00010820421440784183 0.0012092619518479031 -0.00036992725498915819 0.001400391616025996 0.00025205843304992534 -0.0016396223126784002 -0.0010398274605904589 0.0020696589206272618 0.00040281436062957116 -0.001086768199269089 -0.00091009235714013001 0.0021152791350946896 0.0014240174810402097 0.00086960094035713981 -0.00046496949249154166 0.001982619349146262 -0.00045938976149171082 0.00040632356107473755 -0.0010331036985338539
leaf_weight=35 22 35 27 20 24 31 27 60 41 25 20 38 31 98 33 23 57 32 20 57 31 39 28 20 21 27 20 29 39 66
leaf_count=35 22 35 27 20 24 31 27 60 41 25 20 38 31 98 33 23 57 32 20 57 31 39 28 20 21 27 20 29 39 66
internal_value=-2.21017e-12 -3.06862e-05 3.40342e-05 -5.54872e-06 -0.000873194 -0.00080814 -0.0013908 5.29554e-05 8.48437e-05 0.000751551 1.12461e-05 5.14404e-05 -9.5896e-06 9.46679e-05 3.4472e-05 -0.000210837 -0.00109576 0.000328655 0.000173535 0.000371635 -0.000121925 9.30006e-05 0.000429052 0.00100205 -0.0002872 0.000338855 0.000773795 0.000499062 0.000970166 -0.000616087
internal_weight=1076 1041 961 934 59 80 49 875 855 85 770 750 709 605 574 313 80 261 228 196 88 233 135 75 60 47 108 88 59 104
internal_count=1076 1041 961 934 59 80 49 875 855 85 770 750 709 605 574 313 80 261 228 196 88 233 135 75 60 47 108 88 59 104
is_linear=0
shrinkage=0.05


Tree=82
num_leaves=31
num_cat=0
split_feature=22 34 27 12 19 24 7 28 54 58 36 12 9 43 26 32 37 43 41 28 7 73 18 49 31 56 31 14 61 11
split_gain=0.0115927 0.0137696 0.0151563 0.024411 0.0234132 0.0182386 0.0127364 0.0138066 0.0162453 0.0255054 0.018665 0.015073 0.0144055 0.0161167 0.0174981 0.0135577 0.0164198 0.0155107 0.0278581 0.027908 0.0164662 0.0128068 0.0116921 0.0115294 0.0112555 0.0143511 0.0158702 0.0154875 0.0197005 0.0225481
threshold=2.4991457462310795 1.8908958435058596 -1.1398316621780393 -0.97435534000396717 -1.1875353455543516 -0.46444052457809443 1.3807517886161806 0.63734906911849987 -0.047881776466965668 0.24252530187368396 0.48456403613090521 0.32828883826732641 1.3733986616134646 -0.23425180464982984 -0.49528945982456202 0.73465317487716686 1.5017267465591433 -0.81355679035186756 -0.74413946270942677 -0.46903765201568598 -0.91687723994255055 -0.092394005507230745 0.050759309902787215 -0.7610013186931609 1.2079256772994997 -0.8197231888771056 0.46961089968681341 0.01642993371933699 0.17713283002376559 0.96802920103073131
decision_type=2 2 2 2 2 2 2 2 2 2 2 2 2 2 2 2 2 2 2 2 2 2 2 2 2 2 2 2 2 2
left_child=1 2 3 -1 -5 -6 7 12 10 -10 -9 -11 15 -14 -15 16 17 21 19 -19 22 -4 -20 -23 25 26 -22 28 -27 -30
right_child=-2 -3 6 4 5 -7 -8 8 9 11 -12 -13 13 14 -16 -17 -18 18 20 -21 24 23 -24 -25 -26 27 -28 -29 29 -31
leaf_value=-0.0019263670747168362 -0.001192537924507633 0.0009570902218049588 -0.0011180344286109429 0.0009096335964083361 0.00041498930659145117 -0.0013293842962390722 -0.0011880163609748707 2.4732758029131218e-05 0.0013011606094161315 -0.001276222830214961 -0.0020069776307187009 7.5451792323623194e-05 0.0019914882940197873 -0.00075824191735591746 0.0012442541902904245 0.00090184087399393332 -0.0012652558289751735 4.9167418513785712e-05 -0.0016797877781625306 0.0024688434840824743 0.00033891097149998863 0.00099256383371539416 -4.7982209007782133e-05 -0.00048399797024336672 -0.00078877533863609044 -4.1669273831138825e-05 0.0018204408814199271 -0.00046611450286166345 0.0016229617349987774 -0.00031008298180743374
leaf_weight=25 20 38 43 33 23 43 20 20 28 33 26 55 22 20 24 50 23 22 21 26 51 20 23 39 27 119 28 84 48 22
leaf_count=25 20 38 43 33 23 43 20 20 28 33 26 55 22 20 24 50 23 22 21 26 51 20 23 39 27 119 28 84 48 22
internal_value=-1.71004e-12 2.25859e-05 -1.22973e-05 -0.000530323 -0.000177786 -0.000721497 5.95541e-05 8.81026e-05 -0.000328517 -1.32156e-05 -0.00112363 -0.000431426 0.000182895 0.000886515 0.000334029 0.000111008 4.46635e-05 9.72431e-05 0.000218302 0.00135983 8.87679e-05 -0.000461766 -0.000826799 1.65315e-05 0.000195061 0.000270525 0.00086401 9.87842e-05 0.00034985 0.00101543
internal_weight=1076 1056 1018 124 99 66 894 874 162 116 46 88 712 66 44 646 596 573 471 48 423 102 44 59 379 352 79 273 189 70
internal_count=1076 1056 1018 124 99 66 894 874 162 116 46 88 712 66 44 646 596 573 471 48 423 102 44 59 379 352 79 273 189 70
is_linear=0
shrinkage=0.05


Tree=83
num_leaves=31
num_cat=0
split_feature=63 64 14 6 66 48 59 31 19 21 74 60 0 60 65 21 72 27 53 3 41 51 23 13 60 40 42 39 26 31
split_gain=0.0110838 0.0118074 0.0165469 0.0175504 0.0157448 0.0148554 0.0258237 0.0134275 0.0120896 0.0180373 0.0183741 0.0151867 0.0184899 0.0153566 0.0162908 0.016677 0.0158917 0.0151613 0.0146367 0.0119724 0.0164735 0.0165965 0.0204213 0.0190744 0.0186567 0.0197837 0.0188094 0.013346 0.0133395 0.0112423
threshold=-1.8579882979393003 1.1745851635932925 1.8581876158714297 1.5836021900177004 0.56191813945770275 0.14973847568035129 -0.19077708572149274 -0.26779720187187189 0.032185520976781852 1.3113114833831789 -1.4976855516433714 -0.85265743732452381 1.0000000180025095e-35 -0.66395729780197132 1.0558030605316164 0.40157382190227514 0.47084262967109686 0.67465519905090343 1.2155916690826418 1.3371513485908511 0.8654533624649049 -1.3134093880653379 -0.93465065956115712 -0.86496901512145985 -0.12158218026161192 0.44574026763439184 -0.74057483673095692 0.24786337465047839 -0.048892579972743981 0.41460941731929785
decision_type=2 2 2 2 2 2 2 2 2 2 2 2 2 2 2 2 2 2 2 2 2 2 2 2 2 2 2 2 2 2
left_child=-1 2 3 8 5 6 -3 -7 9 10 -2 12 -10 -13 15 17 29 -15 19 20 21 -12 -23 -24 -25 26 -26 -28 -22 -17
right_child=1 4 -4 -5 -6 7 -8 -9 11 -11 18 13 -14 14 -16 16 -18 -19 -20 -21 28 22 23 24 25 -27 27 -29 -30 -31
leaf_value=-0.00087518342296659412 -0.00090468305600181894 -0.0021007114357780667 0.001127167494269088 -0.0010834497759457339 -0.0014043614693594376 -0.00048033124410060493 0.00040970838467945301 0.0011459574104325536 0.0012850655903275767 -0.0011835635575698691 0.0017533579682507976 -0.001486784154954164 -0.00024492232493148781 -0.00033891142917663407 0.00080868703274366769 -0.00070632258836223296 0.0013554711077038361 -0.001463947144433265 0.0017618756624870004 0.001278457686897706 -0.0013354590494810302 -0.00068404411708689581 -0.00086394494230096995 0.00015990280316632274 0.0019695695156769946 0.0024903177886947316 0.00095169298904787362 -0.00068143235561861229 0.00025129416155525382 0.00039127186056587149
leaf_weight=35 27 20 37 33 31 22 21 30 40 20 22 23 39 129 39 43 23 39 20 33 26 42 22 86 23 22 29 22 27 51
leaf_count=35 27 20 37 33 31 22 21 30 40 20 22 23 39 129 39 43 23 39 20 33 26 42 22 86 23 22 29 22 27 51
internal_value=-4.80993e-13 2.9425e-05 9.13474e-05 4.77958e-05 -0.000428501 -0.000103214 -0.000814887 0.000457912 9.18704e-05 0.000281889 0.000354979 -9.59185e-05 0.000529755 -0.000238363 -0.00014974 -0.000280894 0.000177426 -0.00060008 0.000445918 0.00037157 0.000278338 0.000437625 0.000319958 0.000526664 0.00069476 0.0011739 0.000782536 0.000247208 -0.000527113 -0.000110819
internal_weight=1076 1041 917 880 124 93 41 52 847 421 401 426 79 347 324 285 117 168 374 354 321 268 246 204 182 96 74 51 53 94
internal_count=1076 1041 917 880 124 93 41 52 847 421 401 426 79 347 324 285 117 168 374 354 321 268 246 204 182 96 74 51 53 94
is_linear=0
shrinkage=0.05


Tree=84
num_leaves=31
num_cat=0
split_feature=11 29 43 74 41 61 53 55 21 22 15 62 12 35 67 8 39 9 63 6 26 24 18 37 62 30 25 29 10 61
split_gain=0.010923 0.0111627 0.0150989 0.0147915 0.0182738 0.0136235 0.0207984 0.0162237 0.0133483 0.0185842 0.0133436 0.0130196 0.0153982 0.0204382 0.0176163 0.0163685 0.0149869 0.0152168 0.0146806 0.013931 0.0146922 0.0258051 0.0216666 0.0175679 0.0143154 0.0139588 0.0125634 0.0115715 0.0111743 0.0101729
threshold=-2.4643311500549312 -2.0698031187057491 -0.98014524579048146 -1.5341436266899107 -1.2118044495582578 -1.5034006834030149 -1.4801961779594419 -1.3115118145942686 -1.1438702344894407 1.6893802881240847 0.41016423702239996 1.4511570930480959 0.31819464266300207 1.3137840628623965 1.2914313077926638 0.80140551924705516 0.44665592908859258 0.65298265218734752 -0.074318777769803987 0.98687517642974865 -0.57097592949867237 -0.61205288767814625 -0.24374292045831678 1.0753104686737063 0.86391758918762218 0.80106982588768016 0.45256648957729345 0.51951470971107494 -0.35035306215286249 -0.83477941155433644
decision_type=2 2 2 2 2 2 2 2 2 2 2 2 2 2 2 2 2 2 2 2 2 2 2 2 2 2 2 2 2 2
left_child=-1 -2 29 -4 -5 -6 -7 -8 -9 11 -11 12 13 19 15 16 17 -14 -17 20 21 26 -23 24 25 -22 -10 -18 -28 -3
right_child=1 2 3 4 5 6 7 8 9 10 -12 -13 14 -15 -16 18 27 -19 -20 -21 23 22 -24 -25 -26 -27 28 -29 -30 -31
leaf_value=-0.0010329197268583812 0.00090251362408577868 0.00024231636521613431 -0.00081083913068545784 0.0012060412374479269 -0.001056383172265039 0.0015560709784040228 -0.0012182378462360552 0.0013768967520445586 0.00060757563827792179 -7.9592522127892482e-05 -0.001841646979474241 -0.0010919425378753138 0.00081218723992838762 -0.0015123068964818405 0.0019121142503406323 0.00083653602897274231 0.00063113245094427841 -0.00085718285059556377 -0.00073384750738252633 -0.0010583945093676449 0.00065974242679658348 -0.0019140618821438693 0.00015283457663220663 -0.00068833630949515726 0.0018992245494155215 -0.00075498065094507186 -0.00089532419240438493 0.0022928746312655592 0.00057871272569173012 -0.00073050139607797949
leaf_weight=25 35 36 45 37 26 24 24 20 80 22 21 21 43 21 21 22 20 20 46 25 136 32 21 29 20 20 36 22 20 106
leaf_count=25 35 36 45 37 26 24 24 20 80 22 21 21 43 21 21 22 20 20 46 25 136 32 21 29 20 20 36 22 20 106
internal_value=1.76358e-12 2.45699e-05 -5.67419e-06 7.20192e-05 0.000119943 6.92033e-05 0.000107409 6.05516e-05 0.000103297 6.68038e-05 -0.000940131 0.000132908 0.000173479 9.85902e-06 0.000544575 0.000378573 0.000769965 0.000282228 -0.000225782 8.6149e-05 0.000158772 -0.000159216 -0.0010951 0.000451942 0.000639829 0.000478368 0.000205505 0.00150157 -0.000368882 -0.000483872
internal_weight=1076 1051 1016 874 829 792 766 742 718 698 43 655 634 440 194 173 105 63 68 419 394 189 53 205 176 156 136 42 56 142
internal_count=1076 1051 1016 874 829 792 766 742 718 698 43 655 634 440 194 173 105 63 68 419 394 189 53 205 176 156 136 42 56 142
is_linear=0
shrinkage=0.05


Tree=85
num_leaves=31
num_cat=0
split_feature=45 22 46 53 23 66 8 56 10 24 54 21 67 17 14 33 45 68 29 47 48 41 58 21 48 13 32 9 68 29
split_gain=0.010629 0.012844 0.0122775 0.0156672 0.0123386 0.017673 0.0221741 0.0162808 0.0136183 0.0211294 0.0179824 0.0172616 0.0164462 0.0180798 0.0168026 0.014494 0.0235556 0.0179219 0.0177961 0.0157921 0.0176637 0.0157367 0.0147617 0.0136423 0.0135608 0.0140519 0.0133909 0.0131532 0.0128601 0.0127696
threshold=1.7912449836730959 -1.4606560468673704 -1.3992228507995603 1.9823623895645144 -1.4082790613174436 0.21328206360340121 -0.5987807810306548 1.6634446382522585 -0.62951982021331776 -0.30660670995712275 0.7445456087589265 -1.0791716575622556 1.0856450796127322 0.76192203164100658 -1.1052309870719907 0.61578217148780834 1.0019026398658755 0.60638639330863964 0.80254593491554271 0.39225511252880102 0.4571951180696488 0.8183199167251588 0.62750276923179638 -0.51959657669067372 -0.58385479450225819 1.1079562902450564 -0.083017773926258073 -0.060156606137752526 -0.2496850788593292 0.21171782165765765
decision_type=2 2 2 2 2 2 2 2 2 2 2 2 2 2 2 2 2 2 2 2 2 2 2 2 2 2 2 2 2 2
left_child=1 -1 -3 4 5 -4 -7 8 9 10 24 -10 13 14 -13 16 17 18 19 20 26 -17 -19 -11 -6 -26 -16 -23 -14 -15
right_child=-2 2 3 -5 7 6 -8 -9 11 23 -12 12 28 29 15 21 -18 22 -20 -21 -22 27 -24 -25 25 -27 -28 -29 -30 -31
leaf_value=-0.0011181646659072916 -0.00097952708774418757 0.0011941581068600974 0.00057853536250499578 -0.0012938053939830175 -0.00019255625326906057 -9.2098829918541026e-06 -0.0019160592261957187 0.001297383963667796 0.001265924869720558 -0.0021081544226035477 -0.0011627065426437185 0.0011940509425282168 -5.3610526025295259e-05 -0.0010673601426931685 -0.00039405936513503548 2.2655688743624422e-05 0.0015256062289347139 0.0014701987824377578 -0.0015273501937155657 0.00099592022033351854 -0.0013672002645088706 -0.00016677773906849326 5.7817922631354148e-05 -0.00054395540045452831 0.00027670164567393231 0.0018960539162868545 0.00077062020626305272 -0.0018870855402201413 0.0013664928997803312 0.00022139784976326184
leaf_weight=24 27 23 26 22 64 30 31 28 35 20 25 36 25 57 62 90 33 37 21 33 27 20 37 46 37 21 41 25 44 29
leaf_count=24 27 23 26 22 64 30 31 28 35 20 25 36 25 57 62 90 33 37 21 33 27 20 37 46 37 21 41 25 44 29
internal_value=-5.83987e-13 2.52119e-05 5.19836e-05 2.5766e-05 5.5389e-05 -0.000513014 -0.000978264 0.000110765 7.23546e-05 -0.000274747 5.89376e-05 0.000185748 0.000124474 3.28743e-05 0.000156784 6.91275e-05 0.000267773 0.000106887 -0.000157389 1.91086e-05 -0.000228851 -0.000359064 0.000764008 -0.00101796 0.000309275 0.000863019 6.95509e-05 -0.0011225 0.000851963 -0.000632779
internal_weight=1076 1049 1025 1002 980 87 61 893 865 213 147 652 617 548 462 426 291 258 184 163 130 135 74 66 122 58 103 45 69 86
internal_count=1076 1049 1025 1002 980 87 61 893 865 213 147 652 617 548 462 426 291 258 184 163 130 135 74 66 122 58 103 45 69 86
is_linear=0
shrinkage=0.05


Tree=86
num_leaves=31
num_cat=0
split_feature=11 0 14 56 74 37 69 52 52 45 14 16 9 45 54 54 44 18 74 0 10 25 60 39 39 55 73 31 36 35
split_gain=0.00992366 0.0106473 0.0179898 0.0156526 0.0155846 0.0147394 0.0134394 0.0159665 0.0154518 0.0186392 0.01539 0.024149 0.0232334 0.0156505 0.0152428 0.0185236 0.0148777 0.0148615 0.0138631 0.0141996 0.0131769 0.0230391 0.012335 0.0145935 0.0188995 0.0136269 0.0124767 0.0122031 0.011916 0.011791
threshold=1.3301469683647158 -0.60506513714790333 1.8581876158714297 1.5949298739433291 -1.4976855516433714 1.7981782555580141 1.6176818013191225 -1.0864213109016416 -0.74940448999404896 -0.070347186177968965 -0.63965317606925953 -0.85119760036468495 1.2534835338592532 -0.12083562090992926 -0.094960745424032197 -1.0741455554962156 -0.62643414735794056 -0.98012894392013539 1.249974846839905 0.16609807033091786 0.92198684811592113 0.1676009073853493 0.33730575442314154 -0.25041203200817103 0.56980666518211376 0.73550760746002208 0.36773577332496649 -0.75987535715103138 0.63951620459556591 0.63680294156074535
decision_type=2 2 2 2 2 2 2 2 2 2 2 2 2 2 2 2 2 2 2 2 2 2 2 2 2 2 2 2 2 2
left_child=1 4 3 5 -1 6 7 14 9 -9 11 16 17 -13 15 -3 -10 -12 19 20 21 27 23 25 26 -6 -25 -19 -24 -15
right_child=-2 2 -4 -5 22 -7 -8 8 10 -11 12 13 -14 29 -16 -17 -18 18 -20 -21 -22 -23 28 24 -26 -27 -28 -29 -30 -31
leaf_value=-0.0010748016692343214 0.00096495649318407799 -0.0013727428474036667 0.00089754670895295357 0.0010764431480007866 0.0017699147362145598 -0.0015599964838474989 0.00083423339604069631 -0.00019720261106672494 -0.0013413352110122408 0.0018898785827332178 -0.0015242301731963051 0.001867818845557454 -0.0017171952035278085 -0.00014811271013015706 -0.0017823995088838273 0.00053636390932499333 0.00023334471722288679 -0.00022110913308675997 -0.0011692631291225553 -0.00036839492901515986 0.0013621215461225803 -0.00086495860402161873 0.00027662604502677965 -0.00087726720065851675 0.0011097901097137334 0.00017146549856988716 0.00064862247977760584 0.001273599756233226 -0.00086122494663648085 0.0012602465520815357
leaf_weight=21 26 24 41 24 40 20 31 23 30 20 22 23 30 42 30 27 30 22 32 170 25 39 76 37 38 20 21 36 33 23
leaf_count=21 26 24 41 24 40 20 31 23 30 20 22 23 30 42 30 27 30 22 32 170 25 39 76 37 38 20 21 36 33 23
internal_value=-1.13687e-13 -2.38942e-05 -0.000121311 -0.000179088 0.000236337 -0.000222196 -0.000182791 -0.000231445 -0.000137638 0.000773533 -0.00021241 0.000219494 -0.000382414 0.000746872 -0.000888099 -0.000362039 -0.000553995 -0.000266681 -0.000181292 -7.30216e-05 0.000338564 7.47609e-05 0.000340239 0.000625385 0.000243065 0.0012371 -0.00032479 0.000706641 -6.7861e-05 0.00035023
internal_weight=1076 1050 764 723 286 699 679 648 567 43 524 148 376 88 81 51 60 346 324 292 122 97 265 156 96 60 58 58 109 65
internal_count=1076 1050 764 723 286 699 679 648 567 43 524 148 376 88 81 51 60 346 324 292 122 97 265 156 96 60 58 58 109 65
is_linear=0
shrinkage=0.05


Tree=87
num_leaves=31
num_cat=0
split_feature=19 63 47 34 18 17 21 37 27 56 2 29 52 64 70 28 28 63 72 29 2 49 0 25 30 17 2 24 57 1
split_gain=0.0104485 0.0141142 0.0118717 0.0168273 0.0150137 0.0178286 0.0175355 0.0265838 0.0141403 0.0151168 0.0154152 0.02666 0.0240692 0.0213305 0.0208696 0.0158474 0.0188254 0.0139147 0.0160429 0.0133611 0.0133142 0.0124785 0.0124307 0.0123669 0.0197312 0.0123542 0.0140691 0.0112311 0.0144268 0.0108878
threshold=-1.901491045951843 -1.8579882979393003 1.8312059044837954 1.8908958435058596 1.1386963129043581 -0.8073742389678954 0.40811671316623693 0.0892896242439747 -1.652854263782501 1.5667974352836611 -0.056698571890592568 -0.10436363518238066 0.66587388515472423 -0.81292390823364247 -0.4953294545412063 0.077441446483135237 -0.40287925302982325 -0.051499431952834122 -0.091187503188848482 1.2678251862525942 -0.84163624048233021 0.15197370946407321 -0.60506513714790333 0.072562377899885191 -0.61637660861015309 -0.81731849908828724 0.76498252153396618 -0.30660670995712275 -0.3688035905361175 -0.9441622495651244
decision_type=2 2 2 2 2 2 2 2 2 2 2 2 2 2 2 2 2 2 2 2 2 2 2 2 2 2 2 2 2 2
left_child=-1 -2 3 4 8 -6 7 -7 -3 10 11 12 14 21 -10 16 29 18 -16 22 -19 -12 -15 27 -25 -26 -27 -24 -29 -13
right_child=1 2 -4 -5 5 6 -8 -9 9 -11 13 15 -14 19 17 -17 -18 20 -20 -21 -22 -23 23 24 25 26 -28 28 -30 -31
leaf_value=0.00084973155188241179 -0.0010794480423247743 -0.00093439345561337716 -0.00095964663421675082 0.0011805191269940547 0.00066929596174635344 -0.00025259802336915441 -2.5512489129699047e-05 -0.0026657135090790689 -0.00020204258584676106 0.0013991720533257732 0.001936242768923486 -0.0014827545676130937 -0.00086022082024202163 0.00054593800617691493 -0.00030147559330638113 -0.0014752807389918922 0.00061655602518684901 0.0024738090699732616 0.0015131552215842973 0.0012264402457871117 0.00072704642952885483 0.0004800567924957572 -0.00066315327466409972 0.00058993120698935613 -0.0018989229740674048 6.7121987528882395e-05 -0.0013053975336140755 -0.00031544995338966451 0.0012426237807047959 -0.00038422158905350131
leaf_weight=35 31 34 31 31 22 21 31 25 54 22 28 28 36 88 29 36 41 24 21 26 20 31 22 33 21 43 33 24 39 116
leaf_count=35 31 34 31 31 22 21 31 25 54 22 28 28 36 88 29 36 41 24 21 26 20 31 22 33 21 43 33 24 39 116
internal_value=2.62874e-13 -2.85693e-05 3.68543e-06 3.41893e-05 -3.29616e-06 -0.000585998 -0.000944653 -0.00156407 6.46514e-05 0.000106329 7.04623e-05 -0.00014531 0.00029928 0.000295689 0.000581321 -0.000515467 -0.000328692 0.00103134 0.000460669 0.000138695 0.00167983 0.00117113 4.5357e-05 -0.000159532 -0.000466166 -0.000825456 -0.00052884 0.000309437 0.000649072 -0.000597825
internal_weight=1076 1041 1010 979 948 99 77 46 849 815 793 405 184 388 148 221 185 94 50 329 44 59 303 215 130 97 76 85 63 144
internal_count=1076 1041 1010 979 948 99 77 46 849 815 793 405 184 388 148 221 185 94 50 329 44 59 303 215 130 97 76 85 63 144
is_linear=0
shrinkage=0.05


Tree=88
num_leaves=31
num_cat=0
split_feature=19 45 23 16 45 34 8 60 26 74 39 72 41 15 35 19 49 68 66 65 74 52 5 15 49 45 57 30 37 48
split_gain=0.00942975 0.016206 0.0154454 0.0149943 0.0149207 0.0143044 0.0136546 0.012653 0.0167322 0.0165606 0.0151887 0.0220797 0.0283293 0.0237778 0.0254186 0.0176816 0.0171082 0.0152647 0.014519 0.015004 0.0175515 0.0135204 0.0166253 0.0129593 0.0121938 0.012156 0.0110948 0.0109533 0.0121094 0.0111636
threshold=-1.901491045951843 1.7912449836730959 -1.3176247477531431 -1.3146834373474119 0.28074948489665991 -1.3852418661117551 -0.64376512169837941 -0.53165283799171437 -1.1489375233650205 0.568315088748932 0.4369018822908402 0.20965644717216494 0.49477529525756841 0.22731492668390277 -0.15386720001697538 1.1082107424736025 0.50000132620334636 1.0379664301872256 -0.3553433865308761 -0.023316052742302414 0.10615478456020357 0.075925339013338103 0.69904574751853954 0.14881779253482821 -0.28399497270584101 -0.23816547542810437 0.099476352334022536 -1.0549598932266233 -0.031265861354768269 -0.90467405319213856
decision_type=2 2 2 2 2 2 2 2 2 2 2 2 2 2 2 2 2 2 2 2 2 2 2 2 2 2 2 2 2 2
left_child=-1 2 4 24 6 -5 -2 9 -9 27 11 12 17 14 -13 18 -14 21 26 -20 -21 22 -10 -23 -4 -15 -12 -7 -29 -30
right_child=1 -3 3 5 -6 7 -8 8 10 -11 15 13 16 25 -16 -17 -18 -19 19 20 -22 23 -24 -25 -26 -27 -28 28 29 -31
leaf_value=0.00080724497591810581 -0.00016586989851627247 -0.0013113564084051177 7.8219140414148581e-06 0.0012812616489827633 0.00050474003845010892 -0.0010548275158865951 -0.0017235526470946807 0.0013812702771766844 -0.0003025030176443701 -0.0014057318106535134 0.00057382676952882959 0.0018101466200526129 -0.00055007885312079456 -0.00098123849738840363 6.8623226761701522e-05 -0.00086387600961395294 -0.0024804192124230958 0.0011815682596837483 -0.00028783379793650347 -8.6538362666033205e-06 0.001443445687334094 0.00082575219596384109 -0.0019452155104227133 -0.00044860063368871224 -0.0017172505218435879 0.00029953261923351833 0.0020813933990071888 0.000544740335995089 0.00073901561845559629 -0.00051093418944602538
leaf_weight=35 24 24 20 25 20 26 34 28 67 27 23 44 24 32 40 22 22 21 53 38 46 42 20 38 21 44 26 73 22 95
leaf_count=35 24 24 20 25 20 26 34 28 67 27 23 44 24 32 40 22 22 21 53 38 46 42 20 38 21 44 26 73 22 95
internal_value=-1.30169e-13 -2.71408e-05 3.16517e-06 5.93246e-05 -0.000672909 0.000102017 -0.00107899 6.82476e-05 0.000186468 -0.00023825 0.000130896 -5.15844e-05 -0.000361092 0.00040107 0.00098085 0.000476555 -0.00147329 -8.89591e-05 0.000635101 0.000370909 0.000786544 -0.000248726 -0.000680138 0.000220435 -0.000875752 -0.000239739 0.00137376 -9.23142e-05 3.93981e-05 -0.000275901
internal_weight=1076 1041 1017 939 78 898 58 873 630 243 602 394 234 160 84 208 46 188 186 137 84 167 87 80 41 76 49 216 190 117
internal_count=1076 1041 1017 939 78 898 58 873 630 243 602 394 234 160 84 208 46 188 186 137 84 167 87 80 41 76 49 216 190 117
is_linear=0
shrinkage=0.05


Tree=89
num_leaves=31
num_cat=0
split_feature=22 34 31 61 38 12 2 71 45 60 30 56 15 50 67 24 62 61 48 51 24 24 30 0 45 74 71 61 6 59
split_gain=0.00961922 0.0108755 0.0119143 0.0163246 0.0108373 0.0152764 0.017079 0.0169904 0.0166884 0.0117147 0.0226549 0.0148826 0.014759 0.0180085 0.0186158 0.0173089 0.0144754 0.0124305 0.0119292 0.0196722 0.0162522 0.0112974 0.0112562 0.0147643 0.0113865 0.0106962 0.0106697 0.0101566 0.00998039 0.011159
threshold=2.4991457462310795 1.8908958435058596 -1.6342040896415708 -0.61314615607261647 1.483072102069855 0.34763641655445104 1.1794760823249819 -1.1201963424682615 -0.17524344474077222 -0.54559490084648121 -1.0442775487899778 -0.73663404583930958 0.63935899734497081 -0.18646977841854093 -0.031122577376663681 0.20514012873172763 0.17207176983356479 0.56350821256637584 0.10962970927357675 -0.60617786645889271 -0.2499774098396301 0.085692379623651518 -0.23496126383543012 0.8194282352924348 0.68838587403297435 -0.4687874019145965 1.5263836383819582 0.62053412199020397 -0.90577858686447132 -0.081123538315296159
decision_type=2 2 2 2 2 2 2 2 2 2 2 2 2 2 2 2 2 2 2 2 2 2 2 2 2 2 2 2 2 2
left_child=1 2 3 -1 5 6 9 -7 25 18 11 -11 13 17 21 -14 -16 28 19 -4 -20 -15 27 24 -24 -9 -21 -10 -12 -30
right_child=-2 -3 4 -5 -6 7 -8 8 22 10 12 -13 15 14 16 -17 -18 -19 20 26 -22 -23 23 -25 -26 -27 -28 -29 29 -31
leaf_value=-9.0669628509597213e-05 -0.001086302191251889 0.00085108416865774706 -0.0016592565736694574 -0.0018636843515560033 -0.00071762908179231967 0.0017952529570175104 -0.0011176450053527434 0.00058772452990524476 0.00060775490128435201 -8.6107930783327902e-05 -0.00090628046880010516 0.0015710585002255226 -7.3973110856433575e-05 -0.00030759928863214253 0.00058643905132816276 -0.0019277074025012553 0.0023101388343742917 -0.0011444658228767013 0.0013397742954270066 -0.0004473268931812752 -0.00060908996500074874 0.00076159900802719811 0.0015254329227649705 -0.00014129725715258357 0.00041192316198966611 -0.00078854767083006067 0.00073777743635456208 -0.00098571412730962048 -0.00047013956492871032 0.00065429843252467557
leaf_weight=37 20 38 30 20 46 20 36 20 20 20 25 42 34 60 29 20 21 31 23 109 20 42 58 33 38 48 23 20 36 57
leaf_count=37 20 38 30 20 46 20 36 20 20 20 25 42 34 60 29 20 21 31 23 109 20 42 58 33 38 48 23 20 36 57
internal_value=1.91957e-13 2.05739e-05 -1.04275e-05 -0.00071278 3.12313e-05 6.8879e-05 -5.88012e-05 0.00039578 0.000277681 2.48233e-06 0.000154625 0.00103649 6.08871e-07 0.000137161 0.000520071 -0.000760541 0.00131039 -0.00025346 -0.000306997 -0.000503503 0.000433326 0.000132659 0.000543824 0.000771049 0.00108467 -0.000383762 -0.000240831 -0.00018898 -1.93816e-05 0.000219032
internal_weight=1076 1056 1018 57 961 915 658 257 237 622 417 62 355 301 152 54 50 149 205 162 43 102 169 129 96 68 132 40 118 93
internal_count=1076 1056 1018 57 961 915 658 257 237 622 417 62 355 301 152 54 50 149 205 162 43 102 169 129 96 68 132 40 118 93
is_linear=0
shrinkage=0.05


Tree=90
num_leaves=31
num_cat=0
split_feature=22 30 13 38 38 15 12 12 43 51 30 64 27 38 32 14 21 14 35 43 54 38 22 35 40 29 40 25 0 1
split_gain=0.00868134 0.0102206 0.0165998 0.0111039 0.0162651 0.0164233 0.0159363 0.0157415 0.0138146 0.0136147 0.0142219 0.0126825 0.0179785 0.0145119 0.0146132 0.0170666 0.0138099 0.0129562 0.0145976 0.0169609 0.0156698 0.0124758 0.0122292 0.01108 0.0150104 0.0131937 0.0110684 0.0104836 0.0107594 0.010415
threshold=2.4991457462310795 1.5275480151176455 0.089549019932746901 0.39735275506973272 0.57508221268653881 0.52401259541511547 1.8327422738075259 0.14064209163188937 -0.28892856836318964 -0.92611399292945851 0.51185768842697155 1.2892051339149477 0.18420927971601489 0.15847359597682956 0.76017951965332042 -0.76938375830650318 0.45493689179420477 1.1535815596580508 -0.25990255177021021 -0.69559890031814564 -1.0365895032882688 -0.17981245368719098 -1.262596547603607 -0.72088131308555592 -0.16664569824934003 -0.1215325966477394 0.26858851313591009 -0.33756184577941889 -0.60506513714790333 0.90466934442520153
decision_type=2 2 2 2 2 2 2 2 2 2 2 2 2 2 2 2 2 2 2 2 2 2 2 2 2 2 2 2 2 2
left_child=1 3 -3 6 7 9 11 -5 -7 -6 -11 13 -13 14 15 16 22 18 23 -20 -21 -22 -1 24 -17 -25 -15 -24 -29 -18
right_child=-2 2 -4 4 5 8 -8 -9 -10 10 -12 12 -14 26 -16 17 29 -19 19 20 21 -23 27 25 -26 -27 -28 28 -30 -31
leaf_value=-0.0004769803956151009 -0.0010319871018873528 0.00011637591442558915 0.0018207715381868184 -0.0019316124281397572 -0.00055230705991048937 -0.0017055539183881291 0.0013696564867606632 -0.00025394351667210713 -0.00014806423614832707 0.0011262517364230007 -0.00014762459084009512 -2.0883855598329226e-05 -0.0018438180376376427 0.0012742143476295264 0.0012757665791220708 -0.00084087293918451509 -0.00076717392512364317 0.00068770393100909568 -0.0016673404468043199 -0.0016199442638975125 1.6196196031428448e-05 -0.0010546822649692852 0.0018503005099773874 0.0014458055048425405 0.00080539794464129966 -0.00011836722499408228 4.6113417920423674e-05 0.0014659921325241717 0.00027933542793713665 0.00063025854959960267
leaf_weight=22 20 50 20 27 39 24 23 29 35 50 39 38 21 43 22 45 40 34 31 23 122 35 20 26 20 28 32 26 72 20
leaf_count=22 20 50 20 27 39 24 23 29 35 50 39 38 21 43 22 45 40 34 31 23 122 35 20 26 20 28 32 26 72 20
internal_value=-4.03948e-13 1.95452e-05 0.000603346 -2.19011e-05 -0.000315301 -9.14454e-05 7.40561e-05 -0.00106282 -0.000781619 0.000226682 0.000568036 3.26689e-05 -0.000669725 9.53636e-05 1.15504e-05 -3.7763e-05 0.000333293 -0.00024164 -0.000337391 -0.000587129 -0.000401093 -0.000222535 0.000605288 0.000105423 -0.000334328 0.000634753 0.000750225 0.000807067 0.000594163 -0.000301363
internal_weight=1076 1056 70 986 243 187 743 56 59 128 89 720 59 661 586 564 200 364 330 211 180 157 140 119 65 54 75 118 98 60
internal_count=1076 1056 70 986 243 187 743 56 59 128 89 720 59 661 586 564 200 364 330 211 180 157 140 119 65 54 75 118 98 60
is_linear=0
shrinkage=0.05


Tree=91
num_leaves=31
num_cat=0
split_feature=11 19 45 22 74 30 38 46 32 52 73 30 74 58 13 39 11 44 23 44 6 34 55 66 9 0 36 45 9 45
split_gain=0.00844107 0.00790793 0.0128758 0.0119395 0.0109863 0.0177762 0.0178007 0.0194973 0.014365 0.0134028 0.0145114 0.0131037 0.012937 0.0126351 0.0133421 0.013094 0.0154084 0.0156937 0.0136205 0.0139444 0.0137862 0.0183459 0.0131738 0.0227312 0.0116854 0.0130996 0.0157261 0.0159733 0.0152259 0.0131123
threshold=-2.5845007896423335 -1.901491045951843 1.7912449836730959 -1.4133134484291074 0.84261015057563793 1.0000000180025095e-35 -0.61623179912567128 -0.059436108916997903 0.54593637585639965 -1.3656582832336424 -1.4010495543479917 -0.80638778209686268 -0.99535062909126271 1.3540880084037783 -0.63342916965484608 -1.0124679803848264 0.18807169049978259 -0.1555911526083946 -0.18943845480680463 0.84532126784324657 -0.43624471127986902 -0.35976664721965784 0.3116444349288941 0.79353830218315136 1.0420268177986147 0.16609807033091786 -0.40093985199928278 0.44954183697700506 -0.44557216763496393 -0.070347186177968965
decision_type=2 2 2 2 2 2 2 2 2 2 2 2 2 2 2 2 2 2 2 2 2 2 2 2 2 2 2 2 2 2
left_child=-1 -2 3 -3 9 6 -6 -8 -7 11 12 -5 -11 15 -15 16 17 -12 19 22 21 -20 23 -17 25 26 -22 28 -28 -27
right_child=1 2 -4 4 5 8 7 -9 -10 10 13 -13 -14 14 -16 18 -18 -19 20 -21 24 -23 -24 -25 -26 29 27 -29 -30 -31
leaf_value=-0.001017605515953619 0.00075827939502362692 -0.00099700415739789605 -0.0011756838071248596 0.00026396724022924903 9.4064611403155141e-05 0.00080265369995132733 -0.0026294221333228052 -0.00063934730005712483 -0.00039470275078863117 0.00025577682271515104 0.00134534704615362 -0.0012536203746232348 0.0020128296031907667 0.00033906382217537614 -0.0013518006673880988 0.00037146237681020194 0.0018007361672621649 -0.00050257880896053934 0.00034937946357939685 0.00093818956389441161 -0.0001844663366328104 0.0018249079509932301 -0.0011286472931176981 -0.0015633308808901349 -0.00094448005151934926 -0.0011887271743573904 0.00055951693664408394 0.00018442552350461484 0.0022094793637796981 6.9218269010398837e-05
leaf_weight=20 35 28 23 25 32 46 20 32 55 22 20 33 20 20 28 63 26 27 77 20 59 29 49 20 25 27 27 50 29 89
leaf_count=20 35 28 23 25 32 46 20 32 55 22 20 33 20 20 28 63 26 27 77 20 59 29 49 20 25 27 27 50 29 89
internal_value=3.8476e-12 1.92728e-05 -6.0604e-06 2.08949e-05 5.02775e-05 -0.000296346 -0.00083378 -0.00140476 0.000150628 0.000131966 0.000190321 -0.000599488 0.00109247 0.000135007 -0.000647274 0.000193954 0.000824061 0.000283773 0.000112398 -0.000292134 0.000261643 0.000753062 -0.000478547 -9.47529e-05 9.14131e-05 0.000183574 0.000469816 0.000833992 0.00141396 -0.000223579
internal_weight=1076 1056 1021 998 970 185 84 52 101 785 727 58 42 685 48 637 73 47 564 152 412 106 132 83 306 281 165 106 56 116
internal_count=1076 1056 1021 998 970 185 84 52 101 785 727 58 42 685 48 637 73 47 564 152 412 106 132 83 306 281 165 106 56 116
is_linear=0
shrinkage=0.05


Tree=92
num_leaves=31
num_cat=0
split_feature=37 49 2 55 15 45 45 47 3 35 70 49 67 73 47 22 74 35 46 10 62 70 20 23 23 75 30 71 51 61
split_gain=0.00826889 0.0083037 0.0145985 0.011583 0.0168607 0.0157144 0.010829 0.0105695 0.0162808 0.0158257 0.0156789 0.0174235 0.0163213 0.0173865 0.0170423 0.0145625 0.013584 0.0168202 0.0142584 0.0118692 0.0118648 0.0129113 0.0109216 0.0139265 0.0164706 0.010489 0.0129747 0.010338 0.010011 0.00989595
threshold=-2.0289376974105831 0.96849033236503612 1.2750426530838015 -0.11944744735956191 1.042868494987488 0.45199193060398107 0.95652398467063915 0.15833972394466403 -0.022992973215878006 1.0674858689308169 1.8123213648796084 0.15684112906455996 -0.20086830109357831 1.1061822772026064 -0.61040687561035145 -0.41444051265716547 0.28185921907424932 -0.34190842509269709 0.30712598562240606 -0.12537683546543119 0.56483313441276561 -0.53400152921676625 -0.46965074539184565 -0.0032089552842080589 0.66929811239242565 1.0000000180025095e-35 -0.10535187646746634 -0.024711398407816883 -0.3119294792413711 -0.13257670402526853
decision_type=2 2 2 2 2 2 2 2 2 2 2 2 2 2 2 2 2 2 2 2 2 2 2 2 2 2 2 2 2 2
left_child=-1 7 3 28 5 -5 -7 10 22 -10 11 12 14 16 20 -16 17 29 27 -19 21 -2 -9 -24 -25 -13 -27 -18 -3 -14
right_child=1 2 -4 4 -6 6 -8 8 9 -11 -12 25 13 -15 15 -17 18 19 -20 -21 -22 -23 23 24 -26 26 -28 -29 -30 -31
leaf_value=-0.00075592504997205531 -0.00047116152759965347 -0.0015613637331989595 -0.0014134858262259513 0.0018194876844063403 -0.0010068011158728041 -0.00065801432409154424 0.00089363900124621786 -0.00079218048257888123 0.00081057191834457048 -0.00044148071513821683 -0.0012674577564466747 -0.0010640867175270787 6.4351915076760386e-05 0.00083115203044144444 0.0019226343826934075 0.00052919603578629906 -0.0019328759135013179 -0.0010994305691718565 0.00029924565867986533 0.00015026270289366183 -0.00055569772998434171 0.00097458345918950858 0.00091315643283834159 -0.0012521302429959178 0.00062369649055075244 -0.00085133966810341613 0.00081053722761166482 -0.00056164991105173688 -0.00015158353626782843 0.0014369144812614346
leaf_weight=35 23 20 25 20 20 22 23 41 159 30 25 53 29 40 30 50 28 38 20 38 43 47 38 25 22 24 23 27 34 24
leaf_count=35 23 20 25 20 20 22 23 41 159 30 25 53 29 40 30 50 28 38 20 38 43 47 38 25 22 24 23 27 34 24
internal_value=-1.03933e-12 2.54153e-05 -0.000301141 -0.000101079 0.000262719 0.000653341 0.000135053 8.64818e-05 0.000318334 0.000611833 -4.34708e-05 1.35118e-05 0.000149753 -0.000122009 0.000493329 0.00105174 -0.000308904 2.1998e-06 -0.000844002 -0.000474584 9.79974e-05 0.000499553 -0.000121916 0.000201388 -0.000374084 -0.000581864 -3.80808e-05 -0.00125973 -0.000673724 0.00068589
internal_weight=1076 1041 164 139 85 65 45 877 315 189 562 537 437 244 193 80 204 129 75 76 113 70 126 85 47 100 47 55 54 53
internal_count=1076 1041 164 139 85 65 45 877 315 189 562 537 437 244 193 80 204 129 75 76 113 70 126 85 47 100 47 55 54 53
is_linear=0
shrinkage=0.05


Tree=93
num_leaves=31
num_cat=0
split_feature=11 19 45 16 34 39 55 23 13 35 12 36 48 4 39 70 8 3 3 36 72 72 13 29 4 43 3 34 4 18
split_gain=0.00781968 0.00784 0.0114877 0.0120603 0.012027 0.0129838 0.0156633 0.0163324 0.015281 0.0146093 0.0177737 0.015796 0.013216 0.0199297 0.0143116 0.0152818 0.0146401 0.0144522 0.0134975 0.019029 0.0144118 0.025511 0.012149 0.012665 0.0114452 0.01092 0.00997656 0.00996181 0.013328 0.0155556
threshold=1.3301469683647158 -1.901491045951843 1.7912449836730959 -1.3146834373474119 -1.3852418661117551 0.60308182239532482 1.5905010104179385 -1.4082790613174436 1.9409323334693911 0.84453472495079052 0.31819464266300207 0.34878543019294744 1.9189760088920595 -1.0310605764389036 -1.0124679803848264 1.4149049520492556 -0.27049285173416132 0.62626850605010997 0.81650438904762279 -0.24048350751399991 -0.42375481128692621 -0.030992308631539341 -0.53088757395744313 0.29279409348964697 1.3547337055206301 -1.0462484359741209 1.0865955948829653 -1.088304281234741 -0.22470782697200772 0.5048181712627412
decision_type=2 2 2 2 2 2 2 2 2 2 2 2 2 2 2 2 2 2 2 2 2 2 2 2 2 2 2 2 2 2
left_child=1 -1 3 -3 -5 6 7 -6 12 10 22 -12 13 -9 16 17 -15 25 19 -19 -20 -22 -7 -24 -11 -16 -23 -27 -29 -30
right_child=-2 2 -4 4 5 9 -8 8 -10 24 11 -13 -14 14 15 -17 -18 18 20 -21 21 26 23 -25 -26 27 -28 28 29 -31
leaf_value=0.00071454296886388742 0.00085657701322186498 -0.00082014812952062744 -0.0011274786384698624 0.0011730252941064962 -0.00098698283229326921 0.00090704006356342396 -0.0014650172608006481 -0.0011687671288666203 0.0012265054810995935 0.00013063632351800037 0.0020148816678997581 0.00042963936265247565 0.001142193501370705 0.0017135743478623529 -0.00077781158231248686 -0.0013659322194750226 0.00019503865982047641 -0.00010061456210678443 0.00094993257206743185 -0.0022315775404091586 -0.001979385633880849 0.0005713292025501613 0.00055965849925996734 -0.0011139332786954653 -0.0011606537726369093 -0.00074707134256393401 -0.00062445176352577455 0.00087136787578190973 -0.00033885431019074915 0.00079234818521728553
leaf_weight=35 26 45 24 22 46 30 21 41 24 78 33 30 22 21 28 24 65 20 23 22 21 37 20 26 22 22 33 82 86 47
leaf_count=35 26 45 24 22 46 30 21 41 24 78 33 30 22 21 28 24 65 20 23 22 21 37 20 26 22 22 33 82 86 47
internal_value=-1.07178e-12 -2.12105e-05 -4.65813e-05 -2.04042e-05 1.76386e-05 -9.87057e-06 -0.000120581 -7.80613e-05 -1.04069e-05 0.000307438 0.00063901 0.00126 -6.03832e-05 -0.000106636 -2.4626e-05 -0.000138739 0.000565844 -6.87805e-05 -0.000450599 -0.00121683 -0.000168302 -0.000450932 0.000124238 -0.000386285 -0.000153447 0.000155988 7.60389e-06 0.00026631 0.000370005 6.08939e-05
internal_weight=1076 1050 1015 991 946 924 685 664 618 239 139 63 594 572 531 445 86 421 156 42 114 91 76 46 100 265 70 237 215 133
internal_count=1076 1050 1015 991 946 924 685 664 618 239 139 63 594 572 531 445 86 421 156 42 114 91 76 46 100 265 70 237 215 133
is_linear=0
shrinkage=0.05


Tree=94
num_leaves=31
num_cat=0
split_feature=11 29 37 21 22 40 21 57 62 27 75 64 64 73 48 62 52 66 53 25 29 35 21 18 67 33 11 41 39 55
split_gain=0.00730015 0.00878226 0.010679 0.0106144 0.0171169 0.0179801 0.0168472 0.0209812 0.0129023 0.0116036 0.0107188 0.00975563 0.0118467 0.017074 0.011941 0.0104607 0.0136847 0.014397 0.0145307 0.0136118 0.0134786 0.0106834 0.0110521 0.0107369 0.00831091 0.00803425 0.00854947 0.00762382 0.00734514 0.013515
threshold=-2.4643311500549312 -2.0698031187057491 -1.9552726149559019 -0.88615038990974415 0.99141070246696483 0.59718897938728344 -0.56632262468338002 0.25110049545764929 -0.57477781176567067 -1.3852049112319944 1.0000000180025095e-35 1.5445762276649477 1.1745851635932925 0.10959345847368242 0.83127403259277355 0.56483313441276561 0.14637531340122226 -0.2410001531243324 0.25176157057285314 1.6190873980522158 1.2880338430404665 1.2552844285964968 0.54033523797988903 0.3631474524736405 -0.22766064852476117 0.42800302803516393 0.39023552834987646 0.52178388833999645 0.53635537624359142 -0.11432331800460814
decision_type=2 2 2 2 2 2 2 2 2 2 2 2 2 2 2 2 2 2 2 2 2 2 2 2 2 2 2 2 2 2
left_child=-1 -2 -3 4 5 8 7 10 -4 -8 -5 12 14 -14 15 19 -17 -18 -19 20 21 22 28 25 -16 26 -24 -27 -11 -30
right_child=1 2 3 6 -6 -7 9 -9 -10 11 -12 -13 13 -15 24 16 17 18 -20 -21 -22 -23 23 -25 -26 27 -28 -29 29 -31
leaf_value=-0.0008444250971970179 0.00079881234526900315 -0.00098782071274601752 -0.0003623586705108882 -0.00093331295938696717 0.0015518711794616788 -0.0011409398833555834 -0.0010325062702177092 -0.0021003544086679107 0.0011536915304734268 0.00024495828722993952 0.00051669765816768636 0.0010997559843500232 -0.0013639829499879853 0.00047712968545965851 8.2130245950143689e-05 -0.0011322620771534277 0.0010030336069175973 1.2712470809186716e-05 -0.0014384590342397924 -0.0010796745048454878 0.0013470303888122241 -0.00078058114197726049 -0.0012285379922679185 0.00067101418972015381 0.0012238807328095709 0.00059956168251422545 -3.798698593163863e-05 -0.0006425796254050164 -5.3785244866351914e-05 0.0014696958679819914
leaf_weight=25 35 27 23 26 28 21 25 21 36 204 25 22 34 20 28 40 25 69 23 22 24 30 38 31 37 30 25 21 24 37
leaf_count=25 35 27 23 26 28 21 25 21 36 204 25 22 34 20 28 40 25 69 23 22 24 30 38 31 37 30 25 21 24 37
internal_value=-1.62496e-12 2.00862e-05 -6.73997e-06 2.00438e-05 0.000487882 0.000115486 -3.73075e-05 -0.000770224 0.000562689 2.79211e-05 -0.000222523 6.17358e-05 3.17667e-05 -0.000682089 8.62133e-05 2.09266e-05 -0.000333898 -6.09535e-05 -0.00035008 0.000135551 0.00019317 0.000130232 0.000196877 -0.000154069 0.00073205 -0.000378434 -0.000756097 8.80917e-05 0.000388903 0.000870293
internal_weight=1076 1051 1016 989 108 80 881 72 59 809 51 784 762 54 708 643 157 117 92 486 464 440 410 145 65 114 63 51 265 61
internal_count=1076 1051 1016 989 108 80 881 72 59 809 51 784 762 54 708 643 157 117 92 486 464 440 410 145 65 114 63 51 265 61
is_linear=0
shrinkage=0.05


Tree=95
num_leaves=31
num_cat=0
split_feature=22 30 13 70 38 26 12 3 58 72 50 27 64 27 32 14 16 0 30 62 73 68 38 9 25 60 13 35 15 68
split_gain=0.00696139 0.0082083 0.0141853 0.0099791 0.00934459 0.0178657 0.0132257 0.0130508 0.0136925 0.014926 0.0135295 0.0133338 0.00955456 0.0154415 0.0116784 0.0100551 0.0139799 0.0167915 0.0138817 0.0134304 0.0129562 0.0127312 0.0125942 0.0118303 0.0111528 0.0109091 0.00959494 0.00915606 0.00897397 0.00826121
threshold=2.4991457462310795 1.5275480151176455 0.089549019932746901 -0.1990607678890228 0.39735275506973272 -0.61539733409881581 1.8327422738075259 -0.2379229664802551 0.14320293068885806 0.31305368244647985 1.5693732500076296 0.29602487385272985 1.2892051339149477 0.18420927971601489 0.38645279407501226 -0.76938375830650318 -0.80158093571662892 1.202221214771271 0.19110292941331866 1.0711879134178164 -0.80677682161331166 0.14101594686508181 -0.15350168198347089 0.29475395381450659 1.0593408942222597 -1.406360328197479 0.25243578851222997 -0.0064044003374874583 0.75277876853942882 -0.11404905468225478
decision_type=2 2 2 2 2 2 2 2 2 2 2 2 2 2 2 2 2 2 2 2 2 2 2 2 2 2 2 2 2 2
left_child=1 4 3 -3 6 -6 12 10 -9 -10 27 -11 14 -14 15 20 23 18 19 22 -1 -20 24 -17 29 -22 -19 -7 -16 -18
right_child=-2 2 -4 -5 5 7 -8 8 9 11 -12 -13 13 -15 28 16 17 26 21 -21 25 -23 -24 -25 -26 -27 -28 -29 -30 -31
leaf_value=0.0012932650711653488 -0.00092412086843978629 -0.00077459790030843579 0.0016660945641342553 0.00066726897595799535 0.0011427804522099905 -0.0017585471886289068 0.0012486750877502822 0.00056648253882303837 -0.0014399699431292161 -0.00075802894837882686 0.00012045922857295308 0.00096716280372458562 2.2349792063897965e-05 -0.0016670746872911139 0.0011029595382158574 -0.00030047189400254475 -0.00026839888416079833 -0.0014433894171941514 0.00035552472050767394 -0.00078018328301065294 -0.00096377771042170939 -0.0011050719816577497 0.0013027307335948069 -0.0017646080274558206 0.0012883999486170386 0.00027395524227392378 -1.9831464160233737e-05 -0.00064579863928405478 -0.000124837320022793 0.00053594815218620457
leaf_weight=28 20 20 20 30 20 36 23 50 27 24 27 21 38 21 46 37 71 29 25 24 20 37 37 22 23 162 20 38 22 58
leaf_count=28 20 20 20 30 20 36 23 50 27 24 27 21 38 21 46 37 71 29 25 24 20 37 37 22 23 162 20 38 22 58
internal_value=-7.49277e-13 1.75023e-05 0.000540686 9.05222e-05 -1.96406e-05 -0.000288796 6.83873e-05 -0.000417188 -6.91585e-05 -0.000510576 -0.000837581 4.70605e-05 3.06837e-05 -0.000578971 8.51007e-05 1.39322e-05 -0.000138524 -9.61716e-06 0.000142324 0.000333984 0.000291984 -0.000516122 0.000475465 -0.000846421 0.000274091 0.000137941 -0.000862345 -0.00118714 0.000705731 9.32455e-05
internal_weight=1076 1056 70 50 986 243 743 223 122 72 101 45 720 59 661 593 383 324 275 213 210 62 189 59 152 182 49 74 68 129
internal_count=1076 1056 70 50 986 243 743 223 122 72 101 45 720 59 661 593 383 324 275 213 210 62 189 59 152 182 49 74 68 129
is_linear=0
shrinkage=0.05


Tree=96
num_leaves=31
num_cat=0
split_feature=39 39 41 68 8 19 48 3 40 35 38 15 68 44 30 28 3 33 14 72 30 13 3 51 20 0 26 27 41 42
split_gain=0.00669247 0.0129673 0.0210267 0.0131532 0.0131918 0.0128659 0.0209216 0.0114954 0.0113536 0.0104327 0.0104912 0.00964522 0.00996903 0.0161817 0.0125364 0.0148628 0.018545 0.0216175 0.0122088 0.0114615 0.0102501 0.0106743 0.0146929 0.012607 0.0113339 0.0134951 0.0153794 0.0104621 0.0122859 0.0101667
threshold=1.4258701801300051 0.44665592908859258 1.0917453765869143 1.1795358061790469 1.5683128833770754 0.40228711068630224 -0.45589797198772425 1.0452004671096804 0.79555013775825512 0.42272414267063146 -0.34185642004013056 1.1838333010673525 1.0491522550582888 -0.37780347466468805 -0.35228103399276728 -0.50460791587829579 0.63665640354156505 0.44834393262863165 -0.31264211237430567 -0.43151137232780451 -0.4569475501775741 -0.39189901947975153 0.89055693149566661 0.20776842534542087 -0.13839965313673017 -0.60506513714790333 -0.59657734632492054 0.29602487385272985 -0.28702145814895624 -0.031101725995540615
decision_type=2 2 2 2 2 2 2 2 2 2 2 2 2 2 2 2 2 2 2 2 2 2 2 2 2 2 2 2 2 2
left_child=1 2 11 4 5 7 -7 9 -2 -3 -11 12 14 -14 20 19 29 -18 -15 -16 21 22 -1 -24 25 -23 27 28 -27 -17
right_child=8 3 -4 -5 -6 6 -8 -9 -10 10 -12 -13 13 18 15 16 17 -19 -20 -21 -22 24 23 -25 -26 26 -28 -29 -30 -31
leaf_value=0.0011211384815396741 -5.938648915616796e-05 0.00092392991994832616 -0.0015653617340949891 -0.00056715327631940858 0.0015698139769180369 0.00075702205025470794 -0.00091669952854254218 0.001450327436941734 -0.0014447745871231227 -0.00093448009958427237 0.00043105545471637297 -0.00065267187831188119 -0.00065706017121556224 0.0018218736918643116 -0.00032619350371533074 0.00063653653704755903 -0.00019737292761699512 -0.0019865227550035342 0.00033679235390492624 -0.0020189346867846326 0.0012813221215037631 0.00038412443680701678 -0.001055959471850656 0.00067854025268884884 0.00069247971473754765 -0.00079961245757571994 -0.0018257159593882866 -0.0011895234464685454 0.00081290093424926191 -0.00015323983652006763
leaf_weight=50 50 48 23 36 24 33 43 32 21 22 39 57 20 25 20 67 52 25 31 20 20 45 20 22 34 21 22 23 27 104
leaf_count=50 50 48 23 36 24 33 43 32 21 22 39 57 20 25 20 67 52 25 31 20 20 45 20 22 34 21 22 23 27 104
internal_value=1.02403e-13 3.31439e-05 -7.76426e-05 0.000324308 0.000457473 0.000334449 -0.000189952 0.000617104 -0.000469149 0.000372488 -6.14328e-05 -2.9107e-05 2.57436e-05 0.000563766 -4.57419e-05 -0.000278188 -0.000133933 -0.000778266 0.000999775 -0.00117256 0.000189978 0.0001073 0.000542018 -0.000147412 -0.000125223 -0.000326686 -0.000670627 -0.000312712 0.000107426 0.000156205
internal_weight=1076 1005 728 277 241 217 76 141 71 109 61 705 648 76 572 288 248 77 56 40 284 264 92 42 172 138 93 71 48 171
internal_count=1076 1005 728 277 241 217 76 141 71 109 61 705 648 76 572 288 248 77 56 40 284 264 92 42 172 138 93 71 48 171
is_linear=0
shrinkage=0.05


Tree=97
num_leaves=31
num_cat=0
split_feature=37 21 54 39 3 28 17 21 27 34 17 32 67 57 2 2 51 40 26 35 31 19 40 40 18 43 45 56 68 1
split_gain=0.00655467 0.0111762 0.0173553 0.00802013 0.0158214 0.0133612 0.0179759 0.0167948 0.0132673 0.0129698 0.0120642 0.0107849 0.0102953 0.0118195 0.0102147 0.0115214 0.0131993 0.0112899 0.0116593 0.0111475 0.0111286 0.0116533 0.010689 0.0152915 0.016881 0.0106296 0.0101879 0.0100012 0.00948844 0.00921277
threshold=-2.0289376974105831 -1.7474583387374876 0.10230978205800058 -1.0124679803848264 0.20441951602697375 0.61921280622482311 -0.91601073741912831 -0.56632262468338002 -1.572363495826721 0.94430476427078258 0.079765629023313536 1.0792862176895144 0.58736389875411998 -0.13139960914850232 -1.2599743008613584 -0.45957432687282557 -0.90239650011062611 -0.87723964452743519 -0.75703099370002735 0.14255087822675708 -0.31871885061264033 0.31547908484935766 -0.5023796260356902 -0.17550273984670636 0.19504817575216296 -0.19782103598117826 1.0334391593933108 0.22390133887529376 0.32877731323242193 1.0889824032783511
decision_type=2 2 2 2 2 2 2 2 2 2 2 2 2 2 2 2 2 2 2 2 2 2 2 2 2 2 2 2 2 2
left_child=-1 2 -2 4 12 8 -7 -8 -5 14 26 -12 13 27 25 16 -16 29 19 -19 -18 -22 28 24 -24 -10 -9 -3 -20 -17
right_child=1 3 -4 5 -6 6 7 10 9 -11 11 -13 -14 -15 15 17 20 18 22 -21 21 -23 23 -25 -26 -27 -28 -29 -30 -31
leaf_value=-0.00067302429782492785 0.0016423421218580469 -0.00050242586862406745 -0.00026578946271911265 -0.0011963696523924314 0.0013850007411935527 0.0005548249646763955 -0.0017214213588158602 0.0003705056131972621 0.0016178487241995756 0.0010785369625908414 -0.0016326230069509996 -0.00028041174979686424 0.0010586939367931336 -0.00098680461058393127 0.0007210524379677902 0.00089215439459033354 -0.0012579826070916256 -0.0014311548551911703 0.00013473133027042832 -8.7554957855517338e-05 0.00022190132475938002 -0.0010048715970697232 -8.8243024977285189e-05 0.00025669413842277006 -0.0016849176762625574 7.21823557146958e-06 -0.00095053583281696781 0.00099170142008612561 0.0014299325846457997 -0.00028496496538123623
leaf_weight=35 26 21 22 21 29 38 30 54 20 31 29 30 20 30 22 68 43 26 31 38 49 32 49 144 25 21 20 24 26 22
leaf_count=35 26 21 22 21 29 38 30 54 20 31 29 30 20 30 22 68 43 26 31 38 49 32 49 144 25 21 20 24 26 22
internal_value=-8.52355e-13 2.26281e-05 0.000767782 -1.33914e-05 0.000362779 -6.70683e-05 -0.000424483 -0.000652788 4.04772e-05 8.06222e-05 -0.000411743 -0.000945058 5.0733e-05 -0.000218057 3.04025e-05 -2.39663e-05 -0.000407622 0.000106602 -2.55607e-05 -0.000633392 -0.000607871 -0.00026275 0.000115898 -4.34995e-05 -0.00062766 0.000792892 1.34674e-05 0.000294442 0.000725525 0.000604414
internal_weight=1076 1041 48 993 124 869 201 163 668 647 133 59 95 75 616 575 146 429 339 64 124 81 275 218 74 41 74 45 57 90
internal_count=1076 1041 48 993 124 869 201 163 668 647 133 59 95 75 616 575 146 429 339 64 124 81 275 218 74 41 74 45 57 90
is_linear=0
shrinkage=0.05


Tree=98
num_leaves=31
num_cat=0
split_feature=54 25 62 19 26 70 58 25 31 31 12 18 21 48 12 47 37 56 31 58 25 47 27 63 73 21 31 57 73 68
split_gain=0.00629447 0.0134561 0.0186295 0.0129115 0.0121375 0.0114601 0.0105875 0.00917871 0.015694 0.0126452 0.0126194 0.0191329 0.0170775 0.015702 0.0213734 0.012319 0.0134938 0.0141092 0.0111303 0.0126745 0.0107389 0.0103779 0.0103408 0.0102136 0.010024 0.00963275 0.00933429 0.0125035 0.00924239 0.00843313
threshold=0.72051748633384716 0.43853111565113073 0.72950744628906261 0.66096243262290966 -0.54653221368789662 0.13224986940622332 1.3693066239356997 0.1566172391176224 0.40298776328563696 1.5482811927795412 -0.60075989365577687 -0.77744570374488819 1.0000000180025095e-35 -0.06024134345352649 -0.0069624348543584338 -0.99855747818946827 0.3658034354448319 -0.041233537718653672 -0.10970223322510718 -0.42649236321449274 -0.2967288196086883 0.88587680459022533 -0.13270510733127591 -0.43386501073837275 -0.56387236714363087 -0.431747555732727 0.14442784339189532 0.44335335493087774 -0.1861673220992088 0.6642233431339265
decision_type=2 2 2 2 2 2 2 2 2 2 2 2 2 2 2 2 2 2 2 2 2 2 2 2 2 2 2 2 2 2
left_child=6 2 4 29 -2 -4 7 10 15 21 18 -12 13 25 -15 -9 22 -18 19 20 -1 -10 -17 -14 -16 -13 27 -24 -21 -3
right_child=1 3 5 -5 -6 -7 -8 8 9 -11 11 12 23 14 24 16 17 -19 -20 28 -22 -23 26 -25 -26 -27 -28 -29 -30 -31
leaf_value=-0.00045051383317008413 -0.0011587727737302582 0.00016977389855912469 -0.00052348177062716181 -0.00073725243564695122 8.6450375004820884e-05 -0.002068643025995698 -0.00073721260280133446 0.00056193522992543877 0.0006393448360736679 -0.00062173130435814322 0.0017504261634140102 0.0021763434256648734 -0.00098840364833969433 0.0013570676750667325 0.00033496147031352548 -0.0015402774452161032 -0.00078175329142071031 0.00078634583687744455 0.00061528117057139009 -0.0018250806746073066 0.00093260664017061172 -0.00035351881207051601 -0.00080140571548586851 0.00016809486308678364 -0.0010956245446577669 0.00082886556459319167 -0.0012675154553208915 0.00081256277782293699 -0.00032322103590039274 0.0014228927905205638
leaf_weight=36 24 29 24 20 106 24 39 30 130 34 27 21 28 27 24 37 26 32 39 20 23 33 28 60 25 36 27 21 21 25
leaf_count=36 24 29 24 20 106 24 39 30 130 34 27 21 28 27 24 37 26 32 39 20 23 33 28 60 25 36 27 21 21 25
internal_value=1.68375e-13 -0.000218679 -0.000454257 0.000347983 -0.000143437 -0.00129606 6.68775e-05 0.000106826 -6.17672e-05 0.00025538 0.000280211 0.000493966 0.000340462 0.000697982 0.000227491 -0.000372603 -0.000536557 8.34048e-05 -0.000101164 -0.000380578 8.86687e-05 0.000438336 -0.000854767 -0.000199882 -0.000394929 0.0013253 -0.000521032 -0.000109705 -0.00105584 0.000749922
internal_weight=1076 252 178 74 130 48 824 785 398 197 387 248 221 133 76 201 171 58 139 100 59 163 113 88 49 57 76 49 41 54
internal_count=1076 252 178 74 130 48 824 785 398 197 387 248 221 133 76 201 171 58 139 100 59 163 113 88 49 57 76 49 41 54
is_linear=0
shrinkage=0.05


Tree=99
num_leaves=31
num_cat=0
split_feature=31 19 34 53 70 19 45 34 34 26 70 31 56 42 45 15 26 21 21 44 35 49 21 51 49 51 40 75 12 4
split_gain=0.00606864 0.0142553 0.00855906 0.0131727 0.00734596 0.00877118 0.00941857 0.00922837 0.0112804 0.0139297 0.012694 0.0134898 0.0115905 0.0103675 0.00958771 0.014147 0.00933598 0.0156905 0.0169901 0.0119437 0.00968239 0.00845875 0.00784237 0.00742147 0.0142595 0.0108966 0.0117977 0.00938743 0.0146581 0.00908038
threshold=-1.730296730995178 -0.21324253082275388 -1.3852418661117551 1.9823623895645144 1.6595769524574282 -1.901491045951843 1.7912449836730959 -0.40798658132553095 -0.49300260841846461 -0.26689663529396052 0.20874673128128055 0.38127619028091436 0.38370804488658911 -0.64034977555274952 -0.57034727931022633 -0.80858066678047169 -0.24094133079051969 0.11638319492340089 0.60567161440849315 0.0078395705204457062 0.031110349111258987 -0.18255956470966336 0.067251343280076994 0.59118688106536876 0.97187811136245739 0.21540400385856631 0.20897411555051806 1.0000000180025095e-35 0.67992964386940014 -0.64351478219032276
decision_type=2 2 2 2 2 2 2 2 2 2 2 2 2 2 2 2 2 2 2 2 2 2 2 2 2 2 2 2 2 2
left_child=1 -1 -2 4 5 -4 7 8 9 10 12 13 14 -12 -7 -16 17 19 -19 20 -9 -6 -11 24 25 29 -27 28 -25 -18
right_child=2 -3 3 -5 21 6 -8 16 -10 22 11 -13 -14 -15 15 -17 23 18 -20 -21 -22 -23 -24 27 -26 26 -28 -29 -30 -31
leaf_value=0.00011900753519069907 0.00078603405498951263 -0.0014661362374444372 0.0010034489644264492 -0.0012377375005079168 -0.0011611907635125573 0.00053067702100027716 -0.00096385895436548676 -0.0013310877255571542 -0.00095403086345054601 0.0015012871488579551 0.00042825659868160279 0.0012010523685603404 -0.0013754387725384732 -0.00088202476259679184 -0.0016436049167255296 -0.00019267186830152893 -0.00052295316744482877 0.0017816203641766487 0.00025474588769221944 0.00081057321383721311 0.00020610587851565686 0.0001595818490551954 0.00019497899597303736 -0.00074728943038887032 -0.00098106197153872521 0.00021251130547961627 -0.0013566043958999218 0.00098172890274409743 0.00087472589198464101 0.00038515485694115781
leaf_weight=37 36 23 24 21 27 30 23 20 38 20 36 28 28 26 21 84 33 38 35 27 21 22 27 30 37 23 25 44 26 166
leaf_count=37 36 23 24 21 27 30 23 20 38 20 36 28 28 26 21 84 33 38 35 27 21 22 27 30 37 23 25 44 26 166
internal_value=-2.31372e-12 -0.000488631 2.88562e-05 1.04146e-06 2.8168e-05 6.02796e-05 3.4731e-05 6.13447e-05 -0.000142429 -3.96263e-05 -0.000186475 0.000290156 -0.000449645 -0.000121216 -0.000257628 -0.000482858 0.000192536 0.000540494 0.00104956 -6.0008e-06 -0.000543745 -0.000568191 0.000750855 6.47705e-05 -6.56633e-05 7.14611e-05 -0.000604736 0.000435203 5.78911e-06 0.000234564
internal_weight=1076 60 1016 980 959 910 886 863 338 300 253 90 163 62 135 105 525 141 73 68 41 49 47 384 284 247 48 100 56 199
internal_count=1076 60 1016 980 959 910 886 863 338 300 253 90 163 62 135 105 525 141 73 68 41 49 47 384 284 247 48 100 56 199
is_linear=0
shrinkage=0.05


Tree=100
num_leaves=31
num_cat=0
split_feature=4 10 1 17 17 23 17 43 25 25 39 27 11 1 12 29 16 67 20 7 62 47 62 38 27 29 35 67 52 75
split_gain=0.00602094 0.00857602 0.00879524 0.0129609 0.0120904 0.0160938 0.0136268 0.0130643 0.0121612 0.0150068 0.0167434 0.0161886 0.0149338 0.0136068 0.0126212 0.0122631 0.0110868 0.0108631 0.0107782 0.0129321 0.0106834 0.0104282 0.0113716 0.0104187 0.0101218 0.00999256 0.0119277 0.00960823 0.00903549 0.0100249
threshold=2.2169686555862431 2.0551315546035771 -1.1638931035995481 -1.4497337937355039 1.2906085848808291 -1.4926036596298216 0.68618068099021923 -0.87586700916290272 0.14833573251962665 0.42398658394813543 1.5433806777000429 0.71775054931640636 -0.30162887275218958 0.39978460967540747 -0.67233139276504505 0.75380885601043712 -0.072338636964559541 -0.051275374367833131 -0.4958858042955398 0.073111530393362059 0.17207176983356479 -0.37917624413967127 0.23160821944475177 -0.82095149159431446 0.037047326564788825 0.93236052989959728 0.70708692073822033 -0.9576340615749358 -0.56832280755043019 1.0000000180025095e-35
decision_type=2 2 2 2 2 2 2 2 2 2 2 2 2 2 2 2 2 2 2 2 2 2 2 2 2 2 2 2 2 2
left_child=1 2 16 -4 5 -5 8 -8 12 11 13 23 -7 15 24 -11 27 -15 -16 -20 -6 -18 -23 -10 -14 26 -19 -1 -9 -30
right_child=-2 -3 3 4 20 6 7 28 9 10 -12 -13 14 17 18 -17 21 25 19 -21 -22 22 -24 -25 -26 -27 -28 -29 29 -31
leaf_value=-6.9906576453442019e-05 0.00080028793410114615 -0.00091428362177863997 0.0010264324941946304 -0.001301944477503033 0.00019857187160394259 0.0011158215371744099 -0.0016193381460782672 0.00062070762809446974 0.00051555118090994983 0.00013759126817665491 -0.0010812507830560208 -0.0017788788049735806 -0.00099468186431165249 2.0077135847410924e-05 0.0011384697387448364 -0.0012950663419906052 -0.00057509032247418711 0.0012060265442622559 -0.00086659335005000084 0.00042219855155071329 0.001487701859790832 -0.00030662787889013999 0.0012792089887975287 -0.00062687992040082467 0.00033848892671812792 0.0019084613858943895 -0.00027970791958399453 -0.0011373900138456727 9.2921733404650839e-05 -0.0011304315494592577
leaf_weight=35 23 26 34 24 45 52 21 23 29 59 25 22 35 48 38 20 33 35 24 103 25 20 26 64 24 21 22 53 33 34
leaf_count=35 23 26 34 24 45 52 21 23 29 59 25 22 35 48 38 20 33 35 24 103 25 20 26 64 24 21 22 53 33 34
internal_value=-2.40729e-13 -1.74802e-05 5.22371e-06 6.97026e-05 3.03215e-05 -2.78872e-05 1.38852e-05 -0.000496379 0.000105092 -9.28134e-05 0.000140365 -0.000559171 0.000352473 0.000289343 0.000175268 -0.000225107 -0.000326823 0.000611895 0.000399697 0.000178647 0.000658975 0.000103151 0.000589715 -0.000270638 -0.000452375 0.00097609 0.000632585 -0.000712823 -0.000234355 -0.000527884
internal_weight=1076 1053 1027 860 826 756 732 111 621 345 230 115 276 205 224 79 167 126 165 127 70 79 46 93 59 78 57 88 90 67
internal_count=1076 1053 1027 860 826 756 732 111 621 345 230 115 276 205 224 79 167 126 165 127 70 79 46 93 59 78 57 88 90 67
is_linear=0
shrinkage=0.05


Tree=101
num_leaves=31
num_cat=0
split_feature=54 25 62 19 26 74 5 70 2 0 70 39 45 39 47 45 41 39 49 45 58 4 70 56 72 9 48 74 45 56
split_gain=0.00587178 0.0117106 0.0166678 0.0110287 0.0107855 0.0100527 0.0138496 0.0100467 0.00951379 0.00879256 0.0107168 0.00954948 0.0116849 0.00898186 0.0121954 0.0193101 0.0191801 0.017829 0.0150416 0.0140264 0.0157007 0.0156816 0.0117612 0.0104903 0.00805746 0.00798818 0.00750976 0.00742641 0.00795138 0.00735497
threshold=0.72051748633384716 0.43853111565113073 0.72950744628906261 0.66096243262290966 -0.54653221368789662 -1.4306564331054685 -0.41062626242637629 0.13224986940622332 -0.95098990201950062 -0.3708945289254188 1.0432456135749819 -1.319160997867584 -1.046322166919708 1.3215960264205935 0.15833972394466403 0.12895017862319949 -1.8005337715148924 0.55927842855453502 0.61992606520652782 0.26386734843254095 0.3518554568290711 0.10298623889684679 -0.60145545005798329 0.17463040351867679 0.66794249415397655 0.72529658675193798 -0.037064334377646439 0.58395496010780346 -0.058580452576279633 0.014935739804059269
decision_type=2 2 2 2 2 2 2 2 2 2 2 2 2 2 2 2 2 2 2 2 2 2 2 2 2 2 2 2 2 2
left_child=5 2 4 26 -2 6 8 -4 -1 10 11 -7 -13 14 16 -16 -11 18 -17 20 21 22 -18 -21 -22 27 -3 -6 -29 -14
right_child=1 3 7 -5 25 9 -8 -9 -10 13 -12 12 29 -15 15 17 19 -19 -20 23 24 -23 -24 -25 -26 -27 -28 28 -30 -31
leaf_value=-0.00064480635944915864 -0.0010940957324540553 -2.2228519347580998e-05 -0.00050386040735853998 -0.00068557139136828484 0.00035635962335885888 0.0014900620267282996 -0.0013961263755508872 -0.0019505989914857008 0.00084627743308374193 0.0012770960131257942 -0.00045402084257754427 -0.00069168686269499048 0.00019729618855611385 -0.00070756652026570267 0.0011442098540244746 0.00024587870497877403 -0.0014534999095105932 0.0007682466912559572 -0.0013246287505382735 -0.00026052425417936212 0.00079860531379757774 -0.0017013402349274496 -0.00016689337959784707 0.0010002066333651206 -0.00036087925583424586 0.00077058544227232538 0.0011778054782553228 5.0288632268174777e-05 -0.0013256418689707062 0.00082466794042924821
leaf_weight=23 24 22 24 20 34 21 27 24 20 22 36 23 96 42 57 30 23 44 31 33 29 34 78 33 31 30 32 21 21 91
leaf_count=23 24 22 24 20 34 21 27 24 20 22 36 23 96 42 57 30 23 44 31 33 29 34 78 33 31 30 32 21 21 91
internal_value=1.20398e-12 -0.000211209 -0.000430977 0.000317423 -0.000136976 6.4593e-05 -0.000508577 -0.00122723 4.8721e-05 0.000117805 0.000348401 0.000473453 0.000371792 -8.61998e-06 5.7348e-05 0.000403307 -0.000140692 1.10214e-06 -0.000552248 -0.000260199 -0.000473443 -0.000772546 -0.000459883 0.000369841 0.000199538 7.97299e-05 0.000688903 -0.000192976 -0.000637677 0.000502595
internal_weight=1076 252 178 74 130 824 70 48 43 754 267 231 210 487 445 162 283 105 61 261 195 135 101 66 60 106 54 76 42 187
internal_count=1076 252 178 74 130 824 70 48 43 754 267 231 210 487 445 162 283 105 61 261 195 135 101 66 60 106 54 76 42 187
is_linear=0
shrinkage=0.05


Tree=102
num_leaves=31
num_cat=0
split_feature=37 19 45 16 34 53 36 15 41 52 23 37 37 72 20 56 26 24 15 68 64 20 55 74 3 72 4 74 73 24
split_gain=0.00581099 0.00655958 0.00762046 0.00801137 0.00899155 0.00704396 0.00755019 0.0136027 0.0167549 0.0163577 0.0156811 0.0181045 0.0134644 0.013107 0.0130071 0.0127976 0.0171368 0.0142017 0.0145643 0.00979024 0.0100238 0.00957871 0.00848452 0.0160416 0.0130015 0.00965937 0.0100848 0.0112418 0.0082972 0.00758001
threshold=-2.0289376974105831 -2.0420427322387691 1.7912449836730959 -1.3146834373474119 -1.3852418661117551 1.884780287742615 -0.40093985199928278 0.11646733433008195 1.312069892883301 -0.50121557712554921 -0.87516814470291127 -0.62567192316055287 0.2889689058065415 -0.37895113229751581 -0.3604003489017486 0.57562676072120678 -0.64497098326683033 -0.21787039190530774 0.30070577561855322 0.62644147872924816 0.11483834311366083 -0.26634231209754938 0.36841860413551336 0.66591033339500438 0.69327378273010265 0.029802728444337848 0.89641728997230541 0.34472817182540899 -0.36704504489898676 -0.83645272254943837
decision_type=2 2 2 2 2 2 2 2 2 2 2 2 2 2 2 2 2 2 2 2 2 2 2 2 2 2 2 2 2 2
left_child=-1 -2 3 -3 -5 6 15 8 9 12 -11 -12 14 -9 -8 17 -17 29 -19 20 21 -13 25 24 -24 -15 28 -28 -27 -6
right_child=1 2 -4 4 5 -7 7 13 -10 10 11 19 -14 22 -16 16 -18 18 -20 -21 -22 -23 23 -25 -26 26 27 -29 -30 -31
leaf_value=-0.00063369521393074788 0.00077623849127641219 -0.00061576566225452791 -0.00089928546955849494 0.0010084921416516105 0.00012423804624429776 -0.00085575988156382345 0.00042198039998766037 0.00062175345864748778 -0.00091424694030799657 -0.00021773346110642183 0.002214620977640152 0.00012185741000360361 0.00096930222221999437 -0.0013789891624279942 -0.0012241726853729536 -8.4417196506235229e-06 -0.0018094856527168307 9.6833948434020081e-05 0.0017300675988995602 0.0014272801090359083 -0.00030417143776691684 0.0013832989609320924 0.00024529417178379011 0.0012310406295582652 -0.0011116043604151519 -0.0011220249834345518 0.001089519274967682 -0.00047377155329424723 -0.00012788110437023258 -0.00050247358605982017
leaf_weight=35 28 47 23 24 90 22 20 56 22 33 25 27 20 24 30 28 25 39 21 37 29 34 51 25 27 41 23 23 43 104
leaf_count=35 28 47 23 24 90 22 20 56 22 33 25 27 20 24 30 28 25 39 21 37 29 34 51 25 27 41 23 23 43 104
internal_value=-4.61847e-13 2.13058e-05 4.38948e-07 2.13416e-05 5.30957e-05 2.81452e-05 4.9824e-05 0.000154464 0.000409668 0.000523888 0.000770222 0.000984712 -0.000127136 -7.13884e-05 -0.000565711 -0.000151275 -0.000857991 -3.81057e-06 0.000668466 0.000742604 0.000461126 0.000824956 -0.000222423 0.000128861 -0.000224401 -0.000457373 -0.000287229 0.000307874 -0.000613118 -0.000211731
internal_weight=1076 1041 1013 990 943 919 897 590 277 255 185 152 70 313 50 307 53 254 60 127 90 61 257 103 78 154 130 46 84 194
internal_count=1076 1041 1013 990 943 919 897 590 277 255 185 152 70 313 50 307 53 254 60 127 90 61 257 103 78 154 130 46 84 194
is_linear=0
shrinkage=0.05


Tree=103
num_leaves=31
num_cat=0
split_feature=22 34 70 57 27 12 68 62 27 43 39 67 53 12 20 73 26 41 29 26 22 12 17 39 54 60 21 28 30 45
split_gain=0.00560264 0.00765825 0.00704082 0.00804859 0.00889476 0.0152769 0.0141038 0.0127063 0.00781341 0.00703642 0.00790449 0.01601 0.00813428 0.00793921 0.0176832 0.0155966 0.0148866 0.0120383 0.0104802 0.0104375 0.0158979 0.00981186 0.00935549 0.0144073 0.0113256 0.00864216 0.00842214 0.00755972 0.00755531 0.00755437
threshold=2.4991457462310795 1.8908958435058596 2.2778092622756962 -1.8338047266006468 -1.1398316621780393 -0.97435534000396717 0.23036158084869388 -0.26982785761356348 -0.89276981353759755 -0.94583776593208302 -0.82205894589424122 0.51422306895256054 -0.23524557799100873 0.54956284165382396 0.30870082974433904 0.93995267152786266 0.83530607819557201 0.33970063924789434 0.13607532531023028 -0.75703099370002735 -0.64238557219505299 0.6602841615676881 0.58102002739906322 0.22833007574081424 0.21134401857852939 -0.72228166460990895 0.28994414210319525 -0.91618609428405751 -1.0400383472442625 -0.44729578495025629
decision_type=2 2 2 2 2 2 2 2 2 2 2 2 2 2 2 2 2 2 2 2 2 2 2 2 2 2 2 2 2 2
left_child=1 2 3 -1 5 -5 7 -7 -6 27 11 12 -11 14 19 16 17 -16 26 20 25 -20 23 -23 -25 -12 -15 -10 -27 -21
right_child=-2 -3 -4 4 8 6 -8 -9 9 10 13 -13 -14 18 15 -17 -18 -19 21 29 -22 22 -24 24 -26 28 -28 -29 -30 -31
leaf_value=0.00089459077198989704 -0.00082904312293976548 0.00071262497911352271 -0.00091634980611464325 -0.0015850189135602232 0.00080615414576641349 0.0011872832630760968 -0.00096136371648754 -0.00036355931931341605 0.00042111365103416823 0.00065719940047711135 -0.00066908727752282478 0.0016145169308098657 -0.000645716079199464 0.00032269396542687905 -7.8345035077430878e-05 -0.0019455741095589472 0.00065470626468595589 -0.0015857241603683819 0.0015694141917629171 -0.00041662340537347039 -0.0012950788395634542 -0.0010451643378473819 0.0013278344241552987 -0.0002712468141301846 0.0010917031016599919 0.00079583441807158498 -0.00084342146690081186 -0.00063456357553100999 -0.00013522728669450548 0.00039166028768492504
leaf_weight=25 20 38 21 23 32 25 32 28 22 25 36 24 23 32 26 20 24 27 20 34 30 20 20 27 35 37 30 74 53 193
leaf_count=25 20 38 21 23 32 25 32 28 22 25 36 24 23 32 26 20 24 27 20 34 30 20 20 27 35 37 30 74 53 193
internal_value=4.2043e-12 1.57016e-05 -1.03132e-05 8.77078e-06 -1.40127e-05 -0.000441821 -0.000132485 0.00036797 3.94634e-05 9.97526e-06 6.249e-05 0.000560096 3.28857e-05 8.53268e-06 -9.85114e-05 -0.000701547 -0.000378423 -0.000846255 0.000287778 5.42156e-05 -0.000260645 0.000556784 0.000358229 0.00012174 0.00049816 -1.43517e-05 -0.000241555 -0.000392638 0.000247543 0.000270596
internal_weight=1076 1056 1018 997 972 108 85 53 864 832 736 72 48 664 480 97 77 53 184 383 156 122 102 82 62 126 62 96 90 227
internal_count=1076 1056 1018 997 972 108 85 53 864 832 736 72 48 664 480 97 77 53 184 383 156 122 102 82 62 126 62 96 90 227
is_linear=0
shrinkage=0.05


Tree=104
num_leaves=31
num_cat=0
split_feature=11 29 37 25 12 54 72 43 39 25 39 74 71 59 52 8 0 29 2 15 73 60 39 72 35 20 42 29 34 35
split_gain=0.00557413 0.00609285 0.00846978 0.00699403 0.0117381 0.0205736 0.0112163 0.00836293 0.0090608 0.00829555 0.00806034 0.00720747 0.0072496 0.0105226 0.0087717 0.0105372 0.00968356 0.0125624 0.0114869 0.0138321 0.00984774 0.00961831 0.0082933 0.012486 0.0101838 0.0149995 0.00819637 0.00911638 0.0132936 0.00909436
threshold=-2.5845007896423335 -2.0698031187057491 -1.9552726149559019 -0.75915566086769093 -0.64933982491493214 0.62530755996704113 0.016451664268970493 -0.98014524579048146 -0.5427352488040923 0.033467223867774017 -0.0066985073499381534 -1.5341436266899107 -1.2230456471443174 -1.2433336377143858 -0.74940448999404896 2.0283676385879521 0.16609807033091786 1.2266790866851809 -1.0454132556915281 -0.38342015445232386 -0.23835382610559461 0.35911361873149877 -0.38659046590328211 0.20965644717216494 0.87649565935134899 0.30870082974433904 0.60747084021568309 0.12402494996786119 -0.20674696564674375 0.88672801852226268
decision_type=2 2 2 2 2 2 2 2 2 2 2 2 2 2 2 2 2 2 2 2 2 2 2 2 2 2 2 2 2 2
left_child=-1 -2 -3 4 -4 6 -6 8 9 -5 -10 -9 -13 -14 -15 16 17 18 -16 -20 21 -21 23 -18 -24 -26 27 -22 29 -29
right_child=1 2 3 7 5 -7 -8 11 10 -11 -12 12 13 14 15 -17 22 -19 19 20 26 -23 24 -25 25 -27 -28 28 -30 -31
leaf_value=-0.0008269309165189042 0.00065495065387545363 -0.00086449785464667774 -0.00030221799457980195 -0.00054088947120665878 0.00047464348386884442 -0.00022590100166520904 0.0019919417947049027 -0.00068993854572487877 -0.0016982866553700575 0.00075481946772751633 -0.00038124560736692872 0.00081592689132473127 -0.00092752416478885746 0.00049637571127727782 0.0010860953204057835 -0.0010863281016513199 -0.0016809004352002046 0.0011608664654270415 -0.00074610335822217167 0.00015947908082475457 -0.00011430360629674398 -0.0012989882778492758 0.00014565390227491863 3.6582488312639975e-06 0.00018710596183233938 -0.0016186527963525253 -0.00033490763677816309 0.00075556073515188138 0.0015456565707508063 -0.00053986426792107522
leaf_weight=20 36 28 44 30 21 35 29 34 21 21 26 30 28 99 27 22 22 31 50 26 40 20 135 22 23 23 35 42 36 20
leaf_count=20 36 28 44 30 21 35 29 34 21 21 26 30 28 99 27 22 22 31 50 26 40 20 135 22 23 23 35 42 36 20
internal_value=-1.57874e-12 1.56616e-05 -6.90158e-06 1.73048e-05 0.000360695 0.00070385 0.00135468 -3.40248e-05 -0.000468897 -7.36226e-06 -0.000969711 2.16843e-05 5.47831e-05 2.22092e-05 6.17226e-05 -1.32437e-05 2.95241e-05 0.000203238 0.000102946 4.26585e-06 0.000175583 -0.000474637 -0.000222941 -0.000838621 -7.32724e-05 -0.000715773 0.000348474 0.000521795 0.000781428 0.000337682
internal_weight=1076 1056 1020 992 129 85 50 863 98 51 47 765 731 701 673 574 552 327 296 269 219 46 225 44 181 46 173 138 98 62
internal_count=1076 1056 1020 992 129 85 50 863 98 51 47 765 731 701 673 574 552 327 296 269 219 46 225 44 181 46 173 138 98 62
is_linear=0
shrinkage=0.05


Tree=105
num_leaves=31
num_cat=0
split_feature=14 4 11 22 54 35 37 57 12 30 25 29 0 27 39 46 49 2 45 21 59 40 42 27 11 34 42 35 55 8
split_gain=0.00526299 0.0109465 0.00783608 0.00666192 0.0109931 0.00879704 0.00781709 0.00821628 0.0104193 0.0187796 0.0143748 0.0113419 0.0113408 0.0104735 0.0123017 0.010501 0.00880629 0.0155194 0.0110254 0.00851353 0.010265 0.00967618 0.0127899 0.0121047 0.00951604 0.0104377 0.00843373 0.00837627 0.0112954 0.0117497
threshold=1.9745752811431887 1.6676912903785708 -2.4643311500549312 1.6893802881240847 0.95723456144332897 -2.029660582542419 -1.645521283149719 1.6108266115188601 -0.61763551831245411 -0.14702366292476651 -1.1037418246269224 1.2678251862525942 0.16609807033091786 -1.0495980381965635 0.22833007574081424 -0.34937259554862971 0.96849033236503612 0.76498252153396618 -1.3276280760765073 -0.13353722542524335 0.064661493524909033 -0.19038462638854978 -0.355950117111206 0.18420927971601489 -0.16179504990577695 -0.027432723902165886 -0.63268348574638356 0.84453472495079052 0.42025278508663183 0.12236296012997629
decision_type=2 2 2 2 2 2 2 2 2 2 2 2 2 2 2 2 2 2 2 2 2 2 2 2 2 2 2 2 2 2
left_child=2 -2 -1 5 -5 -4 -7 8 9 13 -10 16 -13 -8 15 26 18 -18 -12 20 24 22 23 -21 -20 -26 -15 28 29 -23
right_child=1 -3 3 4 -6 6 7 -9 10 -11 11 12 -14 14 -16 -17 17 -19 19 21 -22 27 -24 -25 25 -27 -28 -29 -30 -31
leaf_value=-0.0010026355664012954 0.0013585306437952178 -0.00023742378795180808 0.0010659815981853172 3.4504423051008159e-05 -0.0013726620957680534 -0.0006443846044765617 -0.00090748141900313874 -0.0005594500871935721 0.0010865554356271224 -0.0010152577872590714 -0.00078735707110950146 0.0016977825858206911 5.2693265024572612e-05 0.000484736320767196 -0.00037963597803327228 0.0014068239460660456 0.00015578244177352947 -0.0012527682148202352 -0.00046911311332106348 -0.00061721831356408073 0.0011630367937161482 0.00094102647648576423 -0.0010577486480386662 0.00050948215263769405 0.0014071629744042489 8.2125640862310929e-06 -0.00067589009966468445 -0.00046914626976934454 0.0015314438034086683 -0.00035508097049993619
leaf_weight=20 21 22 20 35 23 44 26 54 42 54 29 22 20 72 66 24 48 33 31 40 45 34 35 59 24 30 20 23 24 36
leaf_count=20 21 22 20 35 23 44 26 54 42 54 29 22 20 72 66 24 48 33 31 40 45 34 35 59 24 30 20 23 24 36
internal_value=-7.964e-13 0.000541996 -2.25613e-05 -3.21136e-06 -0.00052351 2.83879e-05 6.1934e-06 3.83207e-05 7.68866e-05 -0.000184456 0.000195968 0.00012579 0.000914407 3.12332e-05 0.000165335 0.000475405 5.83321e-05 -0.000418072 0.000152451 0.000223985 0.000552403 5.38876e-05 -0.000236198 5.42496e-05 0.000229127 0.000629968 0.000232426 0.000386122 0.00059539 0.000274457
internal_weight=1076 43 1033 1013 58 955 935 891 837 262 575 533 42 208 182 116 491 81 410 381 130 251 134 99 85 54 92 117 94 70
internal_count=1076 43 1033 1013 58 955 935 891 837 262 575 533 42 208 182 116 491 81 410 381 130 251 134 99 85 54 92 117 94 70
is_linear=0
shrinkage=0.05


Tree=106
num_leaves=31
num_cat=0
split_feature=4 37 8 49 20 30 53 33 21 60 62 37 8 62 2 2 29 45 15 62 27 15 45 50 15 61 61 15 62 23
split_gain=0.00525832 0.00622503 0.00985653 0.00625929 0.0139592 0.0135215 0.00959666 0.00826269 0.0097077 0.00909525 0.0101092 0.0121624 0.0102193 0.00836439 0.00892119 0.0118503 0.0141767 0.0152979 0.0140199 0.0102712 0.0119376 0.00954718 0.00963287 0.00905277 0.0102071 0.00903474 0.00801923 0.00854487 0.0073722 0.00655762
threshold=2.2169686555862431 1.5017267465591433 0.15495856851339343 0.96849033236503612 0.2988730669021607 1.3050197362899782 -0.44217744469642634 -1.2776680588722227 -1.7474583387374876 -1.7770835161209104 -0.86641395092010487 -0.49943277239799494 1.9293619990348818 -0.76974585652351368 -1.2885972261428831 0.015361545607447626 -0.039405919611454003 0.17475543916225436 -0.66827291250228871 0.59961149096488964 0.25209347903728491 0.48454900085926061 0.47738203406333929 0.038947360590100295 -0.37703052163124079 0.62053412199020397 0.22150303423404696 -0.090191103518009172 0.26501613855361944 0.61155417561531078
decision_type=2 2 2 2 2 2 2 2 2 2 2 2 2 2 2 2 2 2 2 2 2 2 2 2 2 2 2 2 2 2
left_child=1 3 -3 7 6 -6 -5 -1 -9 -10 11 -11 13 -12 -15 16 17 18 -16 21 25 26 -23 24 -18 -21 27 -17 29 -8
right_child=-2 2 -4 4 5 -7 28 8 9 10 12 -13 -14 14 15 19 23 -19 -20 20 -22 22 -24 -25 -26 -27 -28 -29 -30 -31
leaf_value=-0.00035163667774402302 0.0007478900810541666 -0.001289101957991079 0.00014388215513463364 -0.00085830519878072665 -0.001491452020935766 8.1927469397090726e-05 0.00069027867488330235 0.001069175261251915 0.0011373966955579818 -0.0012076533762410691 0.0011324640641264111 -4.3350484299783907e-05 -0.00092168398709459743 0.0009922158675557324 0.00071804746015307805 0.001093518811886987 -0.0015102754810340554 0.0012293396814694179 -0.00051192604909794262 -3.9676234397726761e-06 0.00052023121214006096 0.00046508562892475837 0.0018016163913461452 0.0002196327801944027 -0.00041037107214585622 -0.0013055107003310696 -0.00041629184489810824 9.7128712210784823e-05 0.0011158583533909658 -0.0005244085388258099
leaf_weight=106 23 24 24 20 36 22 20 26 20 32 22 75 22 29 36 39 31 29 65 30 45 28 26 31 66 24 29 48 23 25
leaf_count=106 23 24 24 20 36 22 20 26 20 32 22 75 22 29 36 39 31 29 65 30 45 28 26 31 66 24 29 48 23 25
internal_value=-4.46633e-13 -1.63357e-05 -0.00057261 1.02326e-05 -0.000292437 -0.000894653 0.000104477 6.1676e-05 0.000119858 8.59073e-05 5.61622e-05 -0.000391553 0.000136005 0.000176263 0.000138428 9.14449e-05 -0.000150655 0.000217118 -7.35196e-05 0.000323645 -8.1221e-05 0.00055942 0.0011086 -0.000524175 -0.000761887 -0.000582431 0.000303767 0.000543786 0.000387649 1.54524e-05
internal_weight=1076 1053 48 1005 146 58 88 859 753 727 707 107 600 578 556 527 258 130 101 269 99 170 54 128 97 54 116 87 68 45
internal_count=1076 1053 48 1005 146 58 88 859 753 727 707 107 600 578 556 527 258 130 101 269 99 170 54 128 97 54 116 87 68 45
is_linear=0
shrinkage=0.05


Tree=107
num_leaves=31
num_cat=0
split_feature=4 10 1 21 62 47 41 22 16 15 29 37 43 17 17 42 27 72 18 17 27 25 25 34 1 28 1 48 51 38
split_gain=0.00474564 0.00656276 0.00665861 0.0116099 0.011677 0.0134295 0.00977046 0.0127962 0.00955365 0.00963394 0.00863813 0.00748659 0.00827743 0.00791745 0.00869423 0.00856027 0.00959069 0.0089159 0.00769581 0.00724925 0.0122723 0.00973651 0.0114021 0.00966348 0.0077531 0.00918953 0.00764693 0.00673774 0.00731215 0.00878401
threshold=2.2169686555862431 2.0551315546035771 -1.1638931035995481 -0.88615038990974415 -1.1997037529945371 -1.0898065567016599 -1.7688429355621336 1.9183276295661928 -0.072338636964559541 0.16729850322008136 -0.74717998504638661 -0.95394316315650929 1.7794952988624575 1.2906085848808291 1.078075170516968 0.9361882507801057 1.3749397397041323 0.27988041937351232 1.0008333027362826 -0.32664273679256434 -0.10765881836414336 0.29466989636421209 0.47616277635097509 0.090308845043182387 1.2088630795478823 0.033328533172607429 0.81516736745834362 -0.18677306175231931 0.12060732394456865 -1.0091543793678281
decision_type=2 2 2 2 2 2 2 2 2 2 2 2 2 2 2 2 2 2 2 2 2 2 2 2 2 2 2 2 2 2
left_child=1 2 8 4 -4 -6 -5 11 -1 10 -10 -8 13 14 15 16 18 -17 19 20 -13 -22 -23 24 25 27 -24 28 29 -21
right_child=-2 -3 3 6 5 -7 7 -9 9 -11 -12 12 -14 -15 -16 17 -18 -19 -20 23 21 22 26 -25 -26 -27 -28 -29 -30 -31
leaf_value=-0.00064288920462290261 0.00071049559122437372 -0.00080002741126988363 -0.0004242058507987254 0.00097073994437232619 -0.00015813804897334195 0.0013888012256195888 -0.00057198247468134139 -0.0012817968570743689 -0.0001038505977485329 -0.00059109275734954287 0.0012241623429872562 -0.00092443755071144559 -0.00086668579697288814 0.00069685942186292022 -0.00092378139860280195 0.0013825352671725947 -0.00091372391697303913 0.00011597006682264196 -0.00066073902017836064 0.00037396736701743473 0.00060770515593307499 -0.0012094137020935507 -0.0005182211983628804 0.00086355757416898106 0.0008479804464514018 -0.00070364559163666655 0.00084787387722393593 0.00085946838833102647 0.00035151776611178878 -0.00076679305251066887
leaf_weight=88 23 26 21 25 20 47 53 20 25 30 24 40 24 48 23 24 27 33 35 27 51 23 20 53 32 37 21 29 82 45
leaf_count=88 23 26 21 25 20 47 53 20 25 30 24 40 24 48 23 24 27 33 35 27 51 23 20 53 32 37 21 29 82 45
internal_value=3.03827e-13 -1.55189e-05 4.34208e-06 6.0445e-05 0.000604575 0.000927028 -1.58013e-06 -3.4121e-05 -0.000284571 0.000114568 0.000546605 2.02999e-07 4.51968e-05 7.88663e-05 2.95911e-05 6.74626e-05 3.9329e-06 0.000649261 5.39869e-05 0.000108368 -0.000170065 9.2325e-05 -0.000318369 0.000249867 0.000120797 1.50254e-05 0.000181486 0.00016033 2.86746e-05 -0.000339008
internal_weight=1076 1053 1027 860 88 67 772 747 167 79 49 727 674 650 602 579 522 57 495 460 155 115 64 305 252 220 41 183 154 72
internal_count=1076 1053 1027 860 88 67 772 747 167 79 49 727 674 650 602 579 522 57 495 460 155 115 64 305 252 220 41 183 154 72
is_linear=0
shrinkage=0.05


Tree=108
num_leaves=31
num_cat=0
split_feature=54 25 62 19 70 58 26 68 21 56 39 5 39 39 10 30 41 60 16 34 41 41 31 2 52 31 23 25 11 21
split_gain=0.0046761 0.00995032 0.0133363 0.00890386 0.00857845 0.00844163 0.0082867 0.00818767 0.0123494 0.00903765 0.0082898 0.0147795 0.00971497 0.00996091 0.0117329 0.0109151 0.00951782 0.0102997 0.00929063 0.00804673 0.00790372 0.0145542 0.00901007 0.00885989 0.00791959 0.0126212 0.00766116 0.0156596 0.00743719 0.00926098
threshold=0.72051748633384716 0.43853111565113073 0.72950744628906261 0.66096243262290966 0.13224986940622332 1.3693066239356997 -0.54653221368789662 0.067480094730854048 0.60567161440849315 -0.2167558670043945 -1.4481225013732908 -0.73765456676483143 0.55927842855453502 0.85216066241264354 -0.060477521270513528 -0.10535187646746634 0.54294502735137951 0.23395811766386035 -0.40915276110172266 -0.25585447251796717 -0.2239318639039993 -0.77391186356544484 -0.25598800182342524 -0.24423900246620175 -0.5792781114578246 0.40298776328563696 -0.83744874596595753 -0.75915566086769093 -0.73519057035446156 -0.36779446899890894
decision_type=2 2 2 2 2 2 2 2 2 2 2 2 2 2 2 2 2 2 2 2 2 2 2 2 2 2 2 2 2 2
left_child=5 2 6 -3 -4 7 -2 10 26 -10 11 -1 16 18 15 -15 20 -18 -14 -11 21 -12 -22 -23 -24 -26 -9 -28 -29 -30
right_child=1 3 4 -5 -6 -7 -8 8 9 19 12 -13 13 14 -16 -17 17 -19 -20 -21 22 23 24 -25 25 -27 27 28 29 -31
leaf_value=-0.00033931549617343331 -0.00096702951341285379 0.00063258344318321055 -0.00043487668347855408 -0.00060240546823479239 -0.0017717303844013562 -0.00066035356751690882 6.1872599751881832e-05 -0.0001155631466714952 -0.00098900590226269104 -0.00058509825418392818 8.7601036125626813e-05 0.001437603396596387 5.0810845608463171e-05 -0.00018457775161970439 -0.00062306486867347982 0.0013480492824566597 -0.00021190725801716327 -0.0017281694517892209 0.0014238632953492926 0.0007000582425023133 0.00081303945577625809 -0.001504712404408458 -0.00086010326572599858 -0.00032582055234039824 -0.0004642748911464878 0.00084360991255380221 0.0018161691669374706 -0.0003644553744537837 0.0014944548141405298 0.00039157549813946546
leaf_weight=22 24 54 24 20 24 39 106 39 26 21 71 25 22 26 46 21 24 21 28 29 36 34 26 30 39 35 25 23 24 92
leaf_count=22 24 54 24 20 24 39 106 39 26 21 71 25 22 26 46 21 24 21 28 29 36 34 26 30 39 35 25 23 24 92
internal_value=4.91939e-14 -0.000188482 -0.000391061 0.000298803 -0.0011033 5.76425e-05 -0.000128079 9.33136e-05 0.000310778 -0.000232889 -2.65928e-05 0.000605854 -9.13531e-05 0.000250595 -5.53868e-05 0.000500213 -0.000246095 -0.000919496 0.00081972 0.000160293 -0.000134276 -0.000405298 0.000134753 -0.000952107 -0.000109431 0.000154319 0.000514318 0.000664107 0.000456902 0.000619757
internal_weight=1076 252 178 74 48 824 130 785 279 76 506 47 459 143 93 47 316 45 50 50 271 135 136 64 100 74 203 164 139 116
internal_count=1076 252 178 74 48 824 130 785 279 76 506 47 459 143 93 47 316 45 50 50 271 135 136 64 100 74 203 164 139 116
is_linear=0
shrinkage=0.05


Tree=109
num_leaves=31
num_cat=0
split_feature=31 61 51 34 53 70 25 25 42 17 8 14 63 39 31 31 22 26 32 66 21 70 19 67 17 73 2 59 42 53
split_gain=0.00472967 0.0136039 0.0117849 0.00663387 0.00998223 0.00613705 0.00889798 0.0156643 0.0162028 0.0123995 0.0119329 0.0115174 0.0100617 0.0127763 0.0129029 0.0100046 0.0134523 0.0140709 0.00995186 0.0099014 0.00930242 0.00923549 0.00827701 0.00816763 0.00793532 0.00826413 0.00786325 0.00758777 0.00752178 0.00746218
threshold=-1.730296730995178 -0.56180813908576954 -0.59550726413726796 -1.4851535558700559 1.9823623895645144 1.6595769524574282 0.1566172391176224 0.42398658394813543 0.58671140670776378 0.012151182629168035 1.381298899650574 0.91527587175369274 -0.33442403376102442 -0.23260449618101117 -0.1688827574253082 1.5482811927795412 -0.42381921410560602 -0.24094133079051969 0.72661608457565319 -0.74002748727798451 0.96498426795005809 -0.31952415406703943 0.6896558701992036 0.50098690390586864 -0.23342191427946088 -0.0064922121819108716 0.085808284580707564 -0.10617066919803618 -0.21569604426622388 0.33255775272846227
decision_type=2 2 2 2 2 2 2 2 2 2 2 2 2 2 2 2 2 2 2 2 2 2 2 2 2 2 2 2 2 2
left_child=1 2 -1 -2 5 6 9 8 24 10 11 19 22 14 -14 16 20 29 21 -5 26 -19 -11 -15 28 -26 27 -9 -8 -18
right_child=3 -3 -4 4 -6 -7 7 15 -10 12 -12 -13 13 23 -16 -17 17 18 -20 -21 -22 -23 -24 -25 25 -27 -28 -29 -30 -31
leaf_value=-0.00075723171932622795 0.00079872973427107502 -0.0014961028553079816 0.00095922276203054936 -0.00024203133763040644 -0.0010741195242319789 -0.00051745868312332748 -0.0015022794036970786 -0.0010666630935226014 -0.0016604505716643942 -0.00078161864472466773 0.0015724492333406073 -0.00059595936961289104 0.0002044845555880756 0.0001784248125146736 0.0018139417702332139 -0.000787319036618132 0.00056059281840654355 0.00057892322736984958 0.00078945601853774861 0.0006706263181097753 -0.00099965958486728629 -0.00053861134687858611 0.00038815740030258896 -0.00085857194117752137 -0.00074424990719611141 0.00037742809422175363 0.00069100923700413357 0.00011219273034769756 -0.00016403420872631528 0.0018642266938948761
leaf_weight=20 27 20 20 37 21 49 21 21 26 62 22 28 33 55 20 29 21 29 46 151 29 51 20 29 24 52 30 39 21 23
leaf_count=20 27 20 20 37 21 49 21 21 26 62 22 28 33 55 20 29 21 29 46 151 29 51 20 29 24 52 30 39 21 23
internal_value=-1.39839e-12 -0.000431371 0.000100996 2.54746e-05 4.36454e-06 2.77614e-05 5.68319e-05 -9.79054e-05 -0.000530556 0.000213262 0.000463094 0.000350104 -5.82448e-05 0.000203953 0.000811827 9.80117e-05 0.000186851 0.00047226 0.000203449 0.000491008 -0.000220876 -0.000133505 -0.000496307 -0.000179586 -0.000281596 2.3214e-05 3.00652e-05 -0.000300407 -0.000833157 0.00124204
internal_weight=1076 60 40 1016 989 968 919 462 144 457 238 216 219 137 53 318 289 170 126 188 119 80 82 84 118 76 90 60 42 44
internal_count=1076 60 40 1016 989 968 919 462 144 457 238 216 219 137 53 318 289 170 126 188 119 80 82 84 118 76 90 60 42 44
is_linear=0
shrinkage=0.05


Tree=110
num_leaves=31
num_cat=0
split_feature=14 4 11 47 57 12 8 70 56 45 68 14 1 16 53 9 72 38 69 34 41 64 2 72 40 70 2 66 31 34
split_gain=0.00455226 0.0094988 0.00618553 0.00648912 0.00655198 0.00775585 0.00646163 0.0182477 0.009469 0.0101203 0.00923846 0.00873312 0.00792548 0.00957061 0.0091692 0.00659214 0.0064203 0.0117832 0.00935539 0.00977075 0.00808531 0.0151198 0.0122072 0.00938538 0.011354 0.00835144 0.00750556 0.00672718 0.00670764 0.00935774
threshold=1.9745752811431887 1.6063883900642397 -2.4643311500549312 1.8312059044837954 1.8170149326324465 2.0404719114303593 0.73913398385047924 0.3561790138483048 1.6634446382522585 1.1200256347656252 0.067480094730854048 1.0000000180025095e-35 -1.1638931035995481 -0.072338636964559541 -1.5019481778144834 -0.093706648796796785 0.95324134826660167 0.57508221268653881 -0.64951562881469715 -0.056680118665099137 0.59945631027221691 0.16824458539485934 0.1782028526067734 0.11270164325833322 0.021017799153923992 0.11375292018055917 0.14257772266864779 0.56191813945770275 0.32187916338443762 -0.7582731544971465
decision_type=2 2 2 2 2 2 2 2 2 2 2 2 2 2 2 2 2 2 2 2 2 2 2 2 2 2 2 2 2 2
left_child=2 -2 -1 4 5 6 8 15 9 12 -9 -11 13 -4 -14 -8 17 20 -18 -20 23 22 -22 24 28 26 -25 -19 29 -16
right_child=1 -3 3 -5 -6 -7 7 10 -10 11 -12 -13 14 -15 16 -17 18 27 19 -21 21 -23 -24 25 -26 -27 -28 -29 -30 -31
leaf_value=-0.00089174168198951536 0.001301001144674956 -0.00018890784197972844 -0.00085111825880760858 -0.00069341776807877158 -0.00061561580036933994 0.00086543452718095589 -0.00012385006740845564 -0.0019350085267797114 0.0010335676696267911 0.0010974237677874043 -0.000465658761854486 -0.00012530790953188325 0.0010813985510529686 0.00020286206621676685 0.00025869754441468012 0.00090073577070143079 -0.00097941282674091296 0.0012681309917693838 -0.0007543356526066023 0.00058000897148731921 -0.00059696901839093443 -0.0012462143282926479 0.00075418757087390991 -0.0004562874332935151 -0.00097624818299664191 0.0010340286395512522 0.00072346988107221065 0.00013953498463429835 0.00051949296097011596 -0.00056662106249977153
leaf_weight=20 20 23 56 33 39 28 73 20 25 40 23 23 21 35 77 20 37 31 23 34 35 34 32 28 29 45 26 23 61 62
leaf_count=20 20 23 56 33 39 28 73 20 25 40 23 23 21 35 77 20 37 31 23 34 35 34 32 28 29 45 26 23 61 62
internal_value=2.46307e-12 0.000504073 -2.09827e-05 -3.79102e-06 1.94311e-05 4.57508e-05 2.06126e-05 -0.000297328 7.62625e-05 4.44372e-05 -0.00114908 0.00065103 -1.10277e-05 -0.000445741 5.51244e-05 9.6491e-05 1.7773e-05 9.13513e-05 -0.000360295 4.15892e-05 3.73272e-06 -0.000387438 4.83595e-05 0.000124185 -5.16721e-05 0.000530964 0.000111744 0.000787433 8.23914e-05 -0.00010943
internal_weight=1076 43 1033 1013 980 941 913 136 777 752 43 63 689 91 598 93 577 483 94 57 429 101 67 328 229 99 54 54 200 139
internal_count=1076 43 1033 1013 980 941 913 136 777 752 43 63 689 91 598 93 577 483 94 57 429 101 67 328 229 99 54 54 200 139
is_linear=0
shrinkage=0.05


Tree=111
num_leaves=31
num_cat=0
split_feature=22 34 31 51 25 56 39 32 0 51 29 36 45 32 52 17 0 8 18 33 13 10 66 3 46 15 24 63 27 65
split_gain=0.00430754 0.00567457 0.0068036 0.0107047 0.0067356 0.011226 0.0108929 0.0119715 0.0104747 0.00970376 0.0122627 0.010093 0.00981938 0.010273 0.00881398 0.00921915 0.00848283 0.00957539 0.0108436 0.0114166 0.00753642 0.00744816 0.0074046 0.00852879 0.0121738 0.0100101 0.00822104 0.00739607 0.00959031 0.00923637
threshold=2.4991457462310795 1.8908958435058596 -1.6342040896415708 -0.37349228560924524 0.1566172391176224 0.53994581103324901 0.22833007574081424 -0.49483206868171686 1.6315340399742129 -0.55608975887298573 0.25579138100147253 0.45792506635189062 -0.48977033793926233 -1.1163204312324522 1.338468670845032 0.012151182629168035 0.8194282352924348 1.0012732148170473 0.77385553717613231 -0.88238811492919911 -0.24011097103357312 0.37105721235275274 -0.38980798423290247 0.37463864684104925 -0.45683884620666498 0.207519605755806 0.095995135605335249 -0.3518435657024383 -0.60573360323905934 -0.93516209721565235
decision_type=2 2 2 2 2 2 2 2 2 2 2 2 2 2 2 2 2 2 2 2 2 2 2 2 2 2 2 2 2 2
left_child=1 2 3 -1 8 9 7 -7 14 10 -6 12 -11 -14 15 16 17 18 19 -4 -8 -13 26 24 -24 -25 -15 29 -29 -17
right_child=-2 -3 4 -5 5 6 20 -9 -10 11 -12 21 13 22 -16 27 -18 -19 -20 -21 -22 -23 23 25 -26 -27 -28 28 -30 -31
leaf_value=-0.0011029418770169073 -0.00072693505586357793 0.00061367824171994515 -0.00049401708599179986 0.00029372272041180861 0.00014265842757941712 -0.00022441064429585823 0.00039571114067387368 -0.0017226290528196842 -0.00067435415469974808 0.00088835242482752583 -0.0015872804619721137 -0.0012460188698076476 -0.00075845942520836912 0.00096054354450283226 -0.00057410509662076954 0.00029950949307209975 0.0013880644687451421 0.0014352332261296397 -0.0006185115201723031 0.00069488375336125812 -0.00074093219230417164 8.7173086940310908e-05 -0.00026338741081417539 0.00013114672399953836 0.0012678150977008045 -0.0010153520688287575 -4.4738107482606377e-05 0.0010190866354435003 2.5795451002333793e-05 -0.00087875810195094887
leaf_weight=34 20 38 25 23 21 24 35 30 35 46 20 22 31 53 32 29 25 20 28 105 25 20 27 45 25 33 33 32 101 39
leaf_count=34 20 38 25 23 21 24 35 30 35 46 20 22 31 53 32 29 25 20 28 105 25 20 27 45 25 33 33 32 101 39
internal_value=-1.02868e-12 1.37677e-05 -8.62581e-06 -0.000539375 2.28547e-05 -0.000106926 -0.000541563 -0.00105675 0.00015787 2.48526e-05 -0.000701214 0.000113715 0.000217622 9.27089e-05 0.000224677 0.000287947 0.000525617 0.000404487 0.000274013 0.000466249 -7.78902e-05 -0.000611166 0.000214867 -2.32392e-05 0.000472768 -0.00035391 0.000574796 4.79121e-05 0.000264783 -0.000376262
internal_weight=1076 1056 1018 57 961 490 114 54 471 376 41 335 293 247 436 404 203 178 158 130 60 42 216 130 52 78 86 201 133 68
internal_count=1076 1056 1018 57 961 490 114 54 471 376 41 335 293 247 436 404 203 178 158 130 60 42 216 130 52 78 86 201 133 68
is_linear=0
shrinkage=0.05


Tree=112
num_leaves=31
num_cat=0
split_feature=4 10 49 70 1 17 16 63 67 48 55 59 19 56 56 70 8 36 56 30 69 17 52 64 47 52 63 65 74 4
split_gain=0.00422913 0.00527992 0.00568197 0.00910621 0.0079953 0.0105998 0.00808781 0.0112523 0.00857571 0.0071922 0.0103903 0.00663045 0.0102014 0.00809712 0.00991997 0.00899054 0.00912693 0.00981366 0.00850951 0.0100962 0.0108961 0.00825071 0.00722626 0.00791089 0.00686636 0.00652836 0.00698113 0.00621205 0.00592347 0.00573892
threshold=2.2169686555862431 2.0551315546035771 1.0380083918571474 0.1851000785827637 -1.1638931035995481 -1.3862180113792417 -0.072338636964559541 -0.30140306055545801 -0.9576340615749358 0.32371217012405401 0.17129240185022357 0.81138294935226452 -0.38328845798969263 -0.10337894037365912 0.37599478662014013 -0.444904014468193 0.75050005316734325 -0.34715664386749262 -0.85423859953880299 0.5586000680923463 -0.45165944099426264 0.31283348798751837 -0.50542896986007679 -0.093578092753887163 0.019722894765436653 0.31453070044517523 -0.41603840887546534 -0.094765309244394288 -0.43542355298995966 -0.73869696259498585
decision_type=2 2 2 2 2 2 2 2 2 2 2 2 2 2 2 2 2 2 2 2 2 2 2 2 2 2 2 2 2 2
left_child=1 2 4 9 6 -6 8 -8 -1 10 -4 13 -13 18 25 -16 17 24 21 20 28 -7 -22 -24 -17 27 -27 -15 -20 -10
right_child=-2 -3 3 -5 5 11 7 -9 29 -11 -12 12 -14 14 15 16 -18 -19 19 -21 22 -23 23 -25 -26 26 -28 -29 -30 -31
leaf_value=1.738417891884279e-05 0.00067071749363094573 -0.00071831824831091449 0.00045050027496788819 -0.00099520224757725377 0.00097924831652027727 0.00063238024775510776 -0.00046220511285355315 0.00077498866979594299 -0.0015171114027638126 0.00051785250061324667 -0.00090280242509686859 0.0013238029975885489 0.00018875417266730262 0.0007456675284253112 -0.0010389741370454432 -0.00077231016537766936 -0.00067775155047831298 0.00047544581655344347 -0.00030289612594060602 -0.0014285458506988521 -0.0006772385733291651 -0.00041308357285743116 -8.7974651383278393e-05 0.0010562989376131039 0.00037760393897769975 0.00037957433831417641 0.0016254193422197286 -0.00027241528563712157 -0.0014794543304521106 -0.00045447987965114108
leaf_weight=33 23 26 23 35 34 46 40 34 27 35 37 24 113 29 20 34 34 118 20 22 26 32 44 23 21 22 23 31 23 24
leaf_count=33 23 26 23 35 34 46 40 34 27 35 37 24 113 29 20 34 34 118 20 22 26 32 44 23 21 22 23 31 23 24
internal_value=-2.36671e-13 -1.465e-05 3.16433e-06 -0.000305765 4.79367e-05 0.00011696 -0.000274901 0.000106235 -0.000610665 -5.17615e-05 -0.000384036 7.53747e-05 0.000387595 6.81285e-08 0.000159233 -2.66489e-05 7.11603e-05 0.000218345 -0.000223842 -0.000434795 -0.000274041 0.000203472 3.02773e-05 0.000304836 -0.000333252 0.000561093 0.00101634 0.000219658 -0.000932218 -0.00101705
internal_weight=1076 1053 1027 130 897 739 158 74 84 95 60 705 137 568 332 227 207 173 236 158 136 78 93 67 55 105 45 60 43 51
internal_count=1076 1053 1027 130 897 739 158 74 84 95 60 705 137 568 332 227 207 173 236 158 136 78 93 67 55 105 45 60 43 51
is_linear=0
shrinkage=0.05


Tree=113
num_leaves=31
num_cat=0
split_feature=70 57 31 29 52 54 2 69 41 74 69 69 52 2 17 31 70 54 50 4 70 2 54 21 19 15 61 38 58 29
split_gain=0.00397088 0.00587874 0.00707837 0.00699502 0.00725994 0.00515198 0.00824303 0.00825117 0.00786322 0.015334 0.00640156 0.00975509 0.00807968 0.00752368 0.00622279 0.00970772 0.00560849 0.00861315 0.00612199 0.00679691 0.0114964 0.00664136 0.00825089 0.00683117 0.00664793 0.00713379 0.0112363 0.00939169 0.00877356 0.00631052
threshold=2.3200349807739262 -1.8338047266006468 -1.9338801503181455 -2.0698031187057491 1.5258378982543948 -1.2077434062957761 -1.19697630405426 0.29028269648551946 -1.2860743999481199 -0.18702147901058194 -0.78856623172759999 -0.95749464631080616 -0.074226368218660341 -1.2353584170341489 -0.9458656609058379 1.0000000180025095e-35 1.0928681492805483 -0.074448030441999422 0.81024563312530529 1.4545126557350161 0.046744504943490035 0.05026857182383538 1.1141577363014223 0.7666703760623933 -0.39243562519550318 0.37475699186325079 0.56350821256637584 -0.46302308142185206 0.21999985724687579 0.48976315557956701
decision_type=2 2 2 2 2 2 2 2 2 2 2 2 2 2 2 2 2 2 2 2 2 2 2 2 2 2 2 2 2 2
left_child=1 -1 -3 -4 5 6 -5 -8 9 -7 11 12 -10 -12 15 -15 18 -18 19 21 -21 23 24 29 -23 26 -26 -27 -29 -16
right_child=-2 2 3 4 -6 8 7 -9 10 -11 13 -13 -14 14 16 -17 17 -19 -20 20 -22 22 -24 -25 25 27 -28 28 -30 -31
leaf_value=0.00071526616259783124 -0.00069795010436791939 -0.00070543809128659121 0.0008798512728864571 -0.0012160708978106935 -0.00067982375652431268 0.0016602397868568501 0.00060365687403827909 -0.00069426971804205102 0.00054547575257149429 -3.3867707037750415e-05 0.00080145230749621992 -0.00096961198499999368 -0.00049328163011709992 0.0014269690378569068 0.00017083266316788583 3.8707971030175139e-05 -0.0011696281889453531 0.00015646302927052602 0.0006182944036221931 2.7532892118236333e-05 -0.0014916741114575417 0.0010249300348544334 -0.00074128658903646291 -0.00069758951607380173 0.0003172493911285225 0.0013787671718746425 -0.0007290856138122484 0.00085307258348081994 -0.00041014540713929038 -0.00052926973629266374
leaf_weight=29 20 35 23 21 38 22 25 24 36 34 34 39 39 20 128 34 25 24 42 33 20 29 20 45 75 25 39 27 28 43
leaf_count=29 20 35 23 21 38 22 25 24 36 34 34 39 39 20 128 34 25 24 42 33 20 29 20 45 75 25 39 27 28 43
internal_value=1.62382e-12 1.32188e-05 -6.60537e-06 1.8051e-05 -2.4045e-06 2.52453e-05 -0.000387265 -3.20623e-05 5.87827e-05 0.000631675 1.89293e-05 -0.000328208 5.32191e-06 7.61995e-05 3.86674e-05 0.000552879 -7.38142e-06 -0.000520114 3.79686e-05 -9.63627e-06 -0.000545753 5.22682e-05 0.000231583 -0.000149461 0.000318836 0.000213286 -4.07073e-05 0.000575226 0.00020998 -5.21648e-06
internal_weight=1076 1056 1027 992 969 931 70 49 861 56 805 114 75 691 657 54 603 49 554 512 53 459 243 216 223 194 114 80 55 171
internal_count=1076 1056 1027 992 969 931 70 49 861 56 805 114 75 691 657 54 603 49 554 512 53 459 243 216 223 194 114 80 55 171
is_linear=0
shrinkage=0.05


Tree=114
num_leaves=31
num_cat=0
split_feature=39 41 21 3 13 9 61 49 66 60 47 37 70 45 43 36 19 17 54 46 68 54 48 10 52 68 54 43 55 20
split_gain=0.00391184 0.0117727 0.0103344 0.0100194 0.00715494 0.0137629 0.0124022 0.00773417 0.0071377 0.0124447 0.00655235 0.0063717 0.00783327 0.00707601 0.00950184 0.00832916 0.010755 0.00754254 0.00826559 0.0144059 0.0116425 0.00963954 0.00895371 0.00904206 0.00875428 0.00606664 0.00845357 0.0123818 0.0112514 0.00866664
threshold=0.44665592908859258 1.0775896906852724 -0.98233035206794728 1.0041109919548037 -0.81198081374168385 1.2195465564727785 -0.50417634844779957 0.80785632133483898 0.19235497713088992 0.12620016187429431 0.11265690252184869 0.86875823140144359 1.6595769524574282 0.91083958745002758 0.64818871021270763 0.88482660055160534 -0.14043716341257093 1.3350600004196169 -0.41038531064987177 -0.19525610655546186 -0.70852342247962941 -1.2425858974456785 0.5104372799396516 -0.12537683546543119 -0.34021985530853266 -1.1827799081802366 0.21134401857852939 0.39073652029037481 0.4089560359716416 -0.28233902156352991
decision_type=2 2 2 2 2 2 2 2 2 2 2 2 2 2 2 2 2 2 2 2 2 2 2 2 2 2 2 2 2 2
left_child=1 4 -2 25 6 11 -1 8 9 -8 -5 12 13 14 15 17 -17 18 19 21 -20 -6 23 -22 -23 -4 29 -28 -29 -27
right_child=2 -3 3 10 5 -7 7 -9 -10 -11 -12 -13 -14 -15 -16 16 -18 -19 20 -21 22 24 -24 -25 -26 26 27 28 -30 -31
leaf_value=0.00053500367227700613 0.0010249949867526691 -0.0011549042627545228 0.00069466265849769124 -0.0001232295483730369 -0.0010228594377016029 0.0011452919047938107 1.1935845017433168e-05 -0.0014173028627410531 0.0004034624242558493 -0.0016614009253680707 0.00089976370158814352 0.00066343531009007361 -0.00086653434679776961 0.00065822750469591044 -0.00086488728445735486 -0.00017979875685543651 0.0011752192845079891 0.00054584436814669366 -0.0014270234994752252 0.0010845279858087099 -0.00043634898710910136 0.00072016889470807443 -0.0010003820140545648 0.00036041101022908439 -0.00037108692537003664 -5.3539458806008787e-05 -0.00040021292991854901 1.2416623050941981e-05 0.0013626572775171587 -0.0009939389296199138
leaf_weight=28 30 24 22 23 24 27 25 25 20 20 49 33 28 37 34 27 32 42 23 31 76 34 31 67 40 49 63 36 27 49
leaf_count=28 30 24 22 23 24 27 25 25 20 20 49 33 28 37 34 27 32 42 23 31 76 34 31 67 40 49 63 36 27 49
internal_value=1.39374e-12 -6.59141e-05 0.000137889 5.42e-05 -2.87894e-05 4.27391e-05 -0.000384007 -0.000669922 -0.000382467 -0.000731769 0.000572974 -1.05148e-05 -5.27969e-05 -7.04457e-06 -6.04395e-05 3.61488e-06 0.000555126 -8.48068e-05 -0.000166056 0.00014507 -0.000369789 -0.000152106 -0.000230039 -6.30419e-05 0.000130301 -9.76363e-05 -0.000175451 9.54391e-05 0.000591091 -0.000523739
internal_weight=1076 728 348 318 704 586 118 90 65 45 72 559 526 498 461 427 59 368 326 129 197 98 174 143 74 246 224 126 63 98
internal_count=1076 728 348 318 704 586 118 90 65 45 72 559 526 498 461 427 59 368 326 129 197 98 174 143 74 246 224 126 63 98
is_linear=0
shrinkage=0.05


Tree=115
num_leaves=31
num_cat=0
split_feature=14 4 47 12 10 1 21 12 21 72 54 57 6 2 39 45 62 70 25 39 68 13 54 69 69 37 2 35 64 51
split_gain=0.00415474 0.00790325 0.00522314 0.00563735 0.00681918 0.00687238 0.00850713 0.00913922 0.00843925 0.0107163 0.00820626 0.00707489 0.00934769 0.0101662 0.00595969 0.00780375 0.00668047 0.0117104 0.0138154 0.00637741 0.00662365 0.00767619 0.0055431 0.00551203 0.00787385 0.00933225 0.00880466 0.00603434 0.00680651 0.00586053
threshold=1.9745752811431887 1.6063883900642397 1.8312059044837954 2.3339612483978276 2.0551315546035771 -1.1638931035995481 -0.88615038990974415 -0.5035623013973235 -0.53156256675720204 0.12133970856666566 0.06173131242394448 -1.8338047266006468 -0.6707182228565215 -1.2599743008613584 1.5433806777000429 1.1360871195793154 1.0711879134178164 0.4055007696151734 0.14833573251962665 -0.92716276645660389 1.1634775400161745 -1.1984587907791135 -0.056331591680645936 0.24027045816183093 0.45280855894088751 0.20285935699939731 -0.69173884391784657 0.53522366285324108 -0.36046822369098658 0.6674601435661317
decision_type=2 2 2 2 2 2 2 2 2 2 2 2 2 2 2 2 2 2 2 2 2 2 2 2 2 2 2 2 2 2
left_child=2 -2 3 4 5 11 7 -7 9 -8 -9 -1 -13 -14 15 16 19 18 -18 22 21 -21 -10 27 29 26 -26 -23 -29 -25
right_child=1 -3 -4 -5 -6 6 8 10 14 -11 -12 12 13 -15 -16 -17 17 -19 -20 20 -22 23 -24 24 25 -27 -28 28 -30 -31
leaf_value=0.00056817072152625769 0.0012084830406820402 -0.0001505443530217947 -0.00062948283705148195 0.00083169612917117781 -0.00083145185839384795 3.7631482164694096e-06 -0.001184205205009903 0.0018027320434339346 0.00016151989634053255 0.00014283352989125355 0.00037040387629531327 -0.00086484662382505266 0.00088817518470542776 -0.00045395824590530037 -0.00054690818927299824 0.00068453797195196296 0.00087360425556350183 -0.0013377921412820403 -0.00086105413502082231 0.00095674818394400065 -0.00069280367832357903 0.00043914668921771855 0.0010655399741760145 -0.0013411056283595306 -0.0012798822252079846 0.00034023509343821022 -4.8416612627717888e-05 0.00054482435149284792 -0.00057682459413818405 -0.00017335048839661548
leaf_weight=20 20 23 34 20 25 38 32 20 39 29 20 65 21 43 38 52 24 23 22 24 29 121 30 21 21 94 47 21 38 22
leaf_count=20 20 23 34 20 25 38 32 20 39 29 20 65 21 43 38 52 24 23 22 24 29 121 30 21 21 94 47 21 38 22
internal_value=1.0094e-12 0.000481561 -2.00456e-05 6.95973e-07 -1.62805e-05 5.08139e-06 6.28171e-05 0.000559048 9.57644e-06 -0.000553318 0.00108657 -0.000306847 -0.000442508 -1.35707e-05 6.11328e-05 9.79251e-05 4.4967e-05 -0.000416607 4.3985e-05 0.000107785 3.74005e-05 8.91754e-05 0.000554572 3.5093e-05 -0.000142185 1.74629e-05 -0.000428722 0.000236993 -0.000177594 -0.00074365
internal_weight=1076 43 1033 999 979 954 805 78 727 61 40 149 129 64 666 628 576 69 46 507 438 409 69 385 205 162 68 180 59 43
internal_count=1076 43 1033 999 979 954 805 78 727 61 40 149 129 64 666 628 576 69 46 507 438 409 69 385 205 162 68 180 59 43
is_linear=0
shrinkage=0.05


Tree=116
num_leaves=31
num_cat=0
split_feature=14 22 20 63 56 69 61 41 69 31 20 46 21 34 19 63 41 55 26 20 9 41 55 18 22 6 27 24 72 69
split_gain=0.00374965 0.00793755 0.00617845 0.00512236 0.00695386 0.0050172 0.00916238 0.00901048 0.0131211 0.0111961 0.00748973 0.0064663 0.00539232 0.00874591 0.00892178 0.00843349 0.00837525 0.00729706 0.00695555 0.00946994 0.0067193 0.00625 0.00607202 0.00578992 0.0143069 0.00923807 0.00970844 0.00538844 0.00481262 0.0140297
threshold=1.9745752811431887 1.0088792443275454 2.1796786785125737 -1.8579882979393003 1.5949298739433291 -0.78856623172759999 0.23783169686794284 0.5655408799648286 -0.97350594401359547 -0.21911424398422238 -0.44362691044807429 1.4825086593627932 0.60567161440849315 0.32092866301536566 -0.8011324107646941 0.037413975223898895 -0.25363212823867792 -0.5577765405178069 0.69321355223655712 0.65578967332839977 -0.08268063515424727 -0.61830163002014149 -0.12975027412176129 0.25072204321622854 0.46641248464584356 -0.55746877193450917 0.33860869705677038 -0.72461026906967152 0.14610212296247485 0.54951658844947826
decision_type=2 2 2 2 2 2 2 2 2 2 2 2 2 2 2 2 2 2 2 2 2 2 2 2 2 2 2 2 2 2
left_child=2 -2 3 -1 5 6 7 8 9 10 -5 12 13 14 27 17 21 -15 19 28 -17 -14 -18 25 -25 -24 -27 -7 -16 -30
right_child=1 -3 -4 4 -6 11 -8 -9 -10 -11 -12 -13 16 15 18 20 22 -19 -20 -21 -22 -23 23 24 -26 26 -28 -29 29 -31
leaf_value=-0.00064458656629237036 -0.00020622501721266997 0.0011527968606623333 -0.00084798448211090131 0.00076195600442588332 0.00073217894709104621 0.0003093059386380694 -0.0010130699218279914 -0.0010067289044276219 -0.00079187369387176258 0.0011510464451021107 -0.00043899359470988452 0.00078087550836840065 -0.00019669717514951684 -0.00045315629659203947 -9.2951992989357022e-06 -0.00023389297337936504 -0.00068585946638551022 0.00052977857412770388 0.00092235481670986013 -0.00098158738226629795 -0.0013872777442726226 -0.0012439934374664776 0.00073538395337804799 0.0014116704682819545 -0.00019596071201263959 0.00033157658486050512 -0.0010519834802835248 0.0013926428274013839 0.00012915748186294936 0.0015332301706869412
leaf_weight=30 22 21 22 20 33 22 32 22 31 32 37 29 29 35 197 28 27 41 26 20 23 28 21 25 31 21 32 24 93 22
leaf_count=30 22 21 22 20 33 22 32 22 31 32 37 29 29 35 197 28 27 41 26 20 23 28 21 25 31 21 32 24 93 22
internal_value=-5.99455e-13 0.000457483 -1.90434e-05 -1.00507e-06 1.86763e-05 -6.1608e-06 -0.000248762 -7.65231e-05 9.40147e-05 0.000402583 -1.76078e-05 4.83774e-05 1.9864e-05 0.00010526 0.000219033 -0.000256661 -0.000192031 7.71112e-05 0.000134807 7.3132e-05 -0.000754047 -0.000711158 -3.55749e-06 0.000138151 0.000521732 -0.000152126 -0.00050378 0.000874525 0.000140742 0.000397763
internal_weight=1076 43 1033 1011 981 948 174 142 120 89 57 774 745 531 404 127 214 76 358 332 51 57 157 130 56 74 53 46 312 115
internal_count=1076 43 1033 1011 981 948 174 142 120 89 57 774 745 531 404 127 214 76 358 332 51 57 157 130 56 74 53 46 312 115
is_linear=0
shrinkage=0.05


Tree=117
num_leaves=31
num_cat=0
split_feature=22 34 70 57 44 12 2 20 38 14 54 72 46 12 34 27 23 2 28 24 66 48 9 62 45 34 20 50 20 22
split_gain=0.0036577 0.00502419 0.00485771 0.00633478 0.00649249 0.00494987 0.00743728 0.00972468 0.00939078 0.0118184 0.00916759 0.00893983 0.00842838 0.00630619 0.00624071 0.00734437 0.0069455 0.00649391 0.00708106 0.00631242 0.00646986 0.00571354 0.00896644 0.0106731 0.00606144 0.00632718 0.00500322 0.00731519 0.00545875 0.00581702
threshold=2.4991457462310795 1.8908958435058596 2.2778092622756962 -1.8338047266006468 1.6461783647537234 2.3339612483978276 1.5117973089218142 1.0728784799575808 0.38543334603309637 0.58524751663208019 0.55052518844604503 0.25245913863182073 0.11251946166157724 0.83714607357978832 0.62264424562454235 -1.652854263782501 1.291702449321747 -1.2885972261428831 0.53429076075553905 0.36546905338764196 1.2440475225448611 0.013464539311826231 0.89997166395187389 0.23160821944475177 -1.134446322917938 -1.3852418661117551 -0.010250016115605829 -0.52156746387481678 -0.26205083727836603 -0.27827551960945124
decision_type=2 2 2 2 2 2 2 2 2 2 2 2 2 2 2 2 2 2 2 2 2 2 2 2 2 2 2 2 2 2
left_child=1 2 3 -1 5 6 7 8 14 12 13 -8 -10 -9 15 -5 17 -17 19 20 21 24 23 -23 -19 -26 28 -28 29 -27
right_child=-2 -3 -4 4 -6 -7 11 10 9 -11 -12 -13 -14 -15 -16 16 -18 18 -20 -21 -22 22 -24 -25 25 26 27 -29 -30 -31
leaf_value=0.00079333835933357482 -0.00066986115067265936 0.00057717253856887855 -0.00076095955612670097 -0.00084234357491368432 -0.00080807578051462776 0.00076733104721088668 -0.0011784028381326011 0.00051241117063909774 -0.00089738062168988927 -0.0012883490243499789 -9.3280596839202411e-05 2.4898731675365885e-05 0.00014678041608182386 0.0016586174204712735 0.00074216859938455715 0.00075039423652924599 -0.00065550577013654581 -0.00076197780387398479 0.00076834473311464539 -0.0006096692271873905 -0.00078392850343582475 -0.00037455173583829924 0.0013574437227188833 0.0009119652970444545 0.00090083611735497558 -0.0001152960382011534 0.0011142801644619677 -0.00016102435501207685 -0.00065173403321144483 0.00051993102197431858
leaf_weight=25 20 38 21 24 25 21 29 30 27 30 34 33 68 20 31 35 33 24 32 39 22 38 21 28 21 181 23 22 36 45
leaf_count=25 20 38 21 24 25 21 29 30 27 30 34 33 68 20 31 35 33 24 32 39 22 38 21 28 21 181 23 22 36 45
internal_value=-1.72601e-13 1.26868e-05 -8.38441e-06 7.46722e-06 -1.27455e-05 8.25053e-06 -8.96404e-06 2.89946e-05 -2.60536e-05 -0.000423189 0.000540156 -0.000537936 -0.000149981 0.000970894 4.97357e-05 1.5336e-05 4.96431e-05 9.06835e-05 4.72815e-05 1.13348e-06 5.28066e-05 9.47387e-05 0.000457568 0.000171243 5.06218e-06 6.11871e-05 3.75178e-06 0.000490798 -7.99012e-05 1.11872e-05
internal_weight=1076 1056 1018 997 972 947 926 864 780 125 84 62 95 50 655 624 600 567 532 500 461 439 87 66 352 328 307 45 262 226
internal_count=1076 1056 1018 997 972 947 926 864 780 125 84 62 95 50 655 624 600 567 532 500 461 439 87 66 352 328 307 45 262 226
is_linear=0
shrinkage=0.05


Tree=118
num_leaves=31
num_cat=0
split_feature=19 16 49 34 52 24 34 55 38 74 36 73 4 21 23 18 24 26 34 27 20 51 27 34 30 51 20 28 33 52
split_gain=0.003677 0.00500561 0.00901976 0.00653727 0.00652635 0.0071223 0.00609594 0.0089707 0.0085289 0.00849576 0.00829924 0.00896661 0.00767963 0.00846847 0.00745 0.00775236 0.0130631 0.00719372 0.00791332 0.00781254 0.00942832 0.00890828 0.00688192 0.00702329 0.00678753 0.0167308 0.0104448 0.00773896 0.00660512 0.00885047
threshold=-1.901491045951843 -1.3146834373474119 -0.28399497270584101 -1.3852418661117551 -1.6754877567291258 -1.1370754241943357 -0.80717769265174855 0.56394079327583324 -0.86644554138183583 0.84261015057563793 -0.46545319259166712 -0.66567426919937123 -0.42184308171272272 0.11638319492340089 0.63066628575325023 0.16025035828351977 0.41769185662269598 -0.064719416201114641 -0.48354366421699518 1.2317284941673281 0.69670510292053234 1.5330415964126589 0.89050000905990612 1.8908958435058596 0.85243216156959545 0.59118688106536876 0.82077533006668102 1.0272986292839053 -0.56326249241828907 -0.48646281659603113
decision_type=2 2 2 2 2 2 2 2 2 2 2 2 2 2 2 2 2 2 2 2 2 2 2 2 2 2 2 2 2 2
left_child=-1 2 -2 -3 -5 -6 7 12 -9 17 -11 -12 13 -7 15 -13 -17 28 -19 21 -21 22 23 24 26 27 -20 -26 -8 -30
right_child=1 3 -4 4 5 6 9 8 -10 10 11 14 -14 -15 -16 16 -18 18 19 20 -22 -23 -24 -25 25 -27 -28 -29 29 -31
leaf_value=0.00050408281505432188 0.00016977013134843828 0.00080544847156852485 -0.0012010384045424872 -0.00064710021072712093 0.00064156843568631561 0.0010841527457713435 -0.00014297966967876023 -0.00025581139674283227 -0.0016824527122662404 -0.0011165835426654668 -0.0011120886902790516 0.00087399494933020896 -0.00050975750492883974 -0.00032263236760627484 -0.00061478774772364309 -0.0011202496866462752 0.00045845083105919727 0.0009408690931741149 -0.0001672558061315948 -0.00019796724134886809 0.0012658630614168942 -0.0011256229370306045 -0.00096395568412152078 0.00081049333144303255 -0.0017209289994622981 0.00063975490452519257 0.00083284437229546411 -0.00048565164470346648 -0.00014444113663759911 0.0006563047684770986
leaf_weight=35 24 25 24 39 43 23 57 22 20 25 20 33 44 20 33 20 38 20 95 22 22 23 21 23 21 23 36 32 45 148
leaf_count=35 24 25 24 39 43 23 57 22 20 25 20 33 44 20 33 20 38 20 95 22 22 23 21 23 21 23 36 32 45 148
internal_value=3.99172e-14 -1.6948e-05 -0.000515634 7.15764e-06 -1.34594e-05 1.31413e-05 -1.7358e-05 -0.000335065 -0.000935164 3.67822e-05 -0.000275659 -0.000129665 -4.53617e-05 0.000429834 2.87901e-05 0.000262176 -8.59287e-05 0.000126583 -2.3825e-05 -8.44976e-05 0.000533948 -0.00018381 -9.75085e-05 -1.83981e-05 -0.000110497 -0.000486395 0.000107581 -0.000975101 0.000329934 0.000469602
internal_weight=1076 1041 48 993 968 929 886 129 42 757 169 144 87 43 124 91 58 588 338 318 44 274 251 230 207 76 131 53 250 193
internal_count=1076 1041 48 993 968 929 886 129 42 757 169 144 87 43 124 91 58 588 338 318 44 274 251 230 207 76 131 53 250 193
is_linear=0
shrinkage=0.05


Tree=119
num_leaves=31
num_cat=0
split_feature=29 37 64 69 72 19 62 32 56 45 71 52 54 20 45 41 19 0 15 45 24 22 48 69 62 52 8 26 59 40
split_gain=0.00355384 0.00551094 0.0063219 0.00735834 0.00524414 0.0110709 0.0110843 0.0097943 0.0103239 0.0135518 0.00865029 0.00883721 0.0102705 0.00861329 0.00978824 0.00868231 0.00842007 0.0104055 0.00965622 0.00808913 0.00788095 0.00767045 0.00764804 0.00726943 0.00976592 0.0105084 0.00693591 0.00676206 0.00573554 0.00561464
threshold=-2.0698031187057491 -1.9552726149559019 -1.4750053882598875 -1.4847893118858335 0.61523130536079418 -0.39626398682594294 -1.2452659606933592 0.48035253584384924 0.83460497856140148 1.108954191207886 0.27074129879474645 -0.29440262913703913 0.10230978205800058 1.0728784799575808 1.1360871195793154 -0.74413946270942677 -0.24067530781030652 0.16609807033091786 1.0000000180025095e-35 0.12058939412236215 -1.0968454480171201 -0.46191433072090143 -0.17616692930459973 -0.1199435032904148 0.043179031461477287 -0.99120178818702687 -0.4960233867168426 0.53444388508796703 0.77897968888282787 -0.043427303433418267
decision_type=2 2 2 2 2 2 2 2 2 2 2 2 2 2 2 2 2 2 2 2 2 2 2 2 2 2 2 2 2 2
left_child=-1 -2 -3 -4 5 10 -7 13 9 -9 11 22 -13 14 15 21 17 26 -18 -20 -17 -8 -5 29 25 -25 -6 -21 -27 -22
right_child=1 2 3 4 16 6 7 8 -10 -11 -12 12 -14 -15 -16 20 18 -19 19 27 23 -23 -24 24 -26 28 -28 -29 -30 -31
leaf_value=0.00046244799093983605 -0.00069740115672928 -0.00057089902443492417 0.00074077918052872912 0.00023651925805245048 -0.00034546561496840285 -0.00092667369366967198 5.2909550868207594e-06 0.00022463794865885934 -0.0014293485847156262 -0.0011995885060573728 0.0010813966776298072 0.00036085035609199299 -0.00089428851289475068 0.0011496407783124598 0.00099809148749854001 0.00066431120428587164 0.00059521842911355914 0.00023486588195131236 -0.00075036763208283285 -0.00029072869692754467 -5.0980110182021957e-05 0.001390069768713147 0.0014137422930533914 -0.001126863149838755 -0.00083576939597081114 -0.00013633279148421752 -0.0013363021997352727 0.00086395410998236577 0.00065710276933660843 0.00092018982607193977
leaf_weight=40 29 46 35 37 33 33 20 61 20 23 39 39 28 20 27 31 52 30 44 32 46 20 22 20 65 69 38 21 34 22
leaf_count=40 29 46 35 37 33 33 20 61 20 23 39 39 28 20 27 31 52 30 44 32 46 20 22 20 65 69 38 21 34 22
internal_value=1.31729e-12 -1.78551e-05 1.71471e-06 2.91239e-05 2.22549e-06 7.45855e-05 -4.0394e-05 2.07927e-05 -0.00040841 -0.000165329 0.000430673 0.000229259 -0.000163685 0.000140143 8.31093e-05 7.56028e-06 -0.000193436 -0.00054588 4.54691e-05 -0.000249242 -8.86237e-05 0.00069768 0.000675484 -0.000179799 -0.000340041 -7.8071e-05 -0.000875773 0.000166787 0.000125578 0.000263222
internal_weight=1076 1036 1007 961 926 676 511 478 104 84 165 126 67 374 354 327 250 101 149 97 287 40 59 256 188 123 71 53 103 68
internal_count=1076 1036 1007 961 926 676 511 478 104 84 165 126 67 374 354 327 250 101 149 97 287 40 59 256 188 123 71 53 103 68
is_linear=0
shrinkage=0.05


Tree=120
num_leaves=31
num_cat=0
split_feature=22 40 53 70 10 47 34 36 48 36 65 43 32 42 19 42 31 29 51 4 56 71 22 26 20 69 21 34 21 61
split_gain=0.00350576 0.00533474 0.00702895 0.00517088 0.00914033 0.00854769 0.00687666 0.00779533 0.00783992 0.0073312 0.0059845 0.00743607 0.0058219 0.00754995 0.0101114 0.00897252 0.0104673 0.0082478 0.00826289 0.0072448 0.00675654 0.00660969 0.00596853 0.00768579 0.00663903 0.00822698 0.00588544 0.0058301 0.00575585 0.00790436
threshold=-1.5030421018600462 -1.3567567467689512 1.9823623895645144 -1.2409993410110471 -1.1280099153518675 1.8312059044837954 1.8908958435058596 1.254086494445801 0.5104372799396516 0.96805384755134594 -1.6342528462409971 -1.0377600193023679 -1.159611642360687 -0.70806667208671559 -0.33994768559932703 -0.5809926688671111 1.589852571487427 1.0575388073921206 0.26675878465175634 1.6676912903785708 -0.0047670141793787471 1.1078630685806277 -0.081237446516752229 -0.51164835691452015 0.69670510292053234 0.33842371404170996 0.13905057311058047 -0.040330287069082253 0.51201045513153087 -0.15163595229387281
decision_type=2 2 2 2 2 2 2 2 2 2 2 2 2 2 2 2 2 2 2 2 2 2 2 2 2 2 2 2 2 2
left_child=-1 -2 3 4 -3 6 7 9 -9 10 -5 -12 -13 14 -14 26 17 19 -19 20 28 -16 23 -22 25 27 -15 -24 29 -17
right_child=1 2 -4 5 -6 -7 -8 8 -10 -11 11 12 13 15 21 16 -18 18 -20 -21 22 -23 24 -25 -26 -27 -28 -29 -30 -31
leaf_value=-0.00065580037597101192 0.00071975772107879706 -0.00049568104466585368 -0.00088956336152147162 0.00077696304651908576 0.00065321141972422738 -0.00093406118266284473 0.00071163799650755463 -0.0013833464070921765 -0.00016574658474359568 0.00068566805575522808 -0.00045242339175122952 -0.0006272880371508302 0.0010385509105129509 -0.0013022870687894863 -0.00011228904678366809 -0.00049862407881300899 -0.0010889405701891518 4.4029534910805525e-05 0.0014144049168945377 -0.00087503585276532583 -2.4002593770427142e-05 0.00090929564510588534 0.00069211340734909755 0.00089083507402141669 0.00046116999104722512 -0.0011440587773298226 -0.00011717970803147183 -0.00044338204360638671 -0.00083939327611507657 0.00036999955048403621
leaf_weight=20 26 23 22 23 70 25 33 20 39 39 96 33 41 22 76 50 20 22 22 22 38 20 20 58 45 21 20 26 29 55
leaf_count=20 26 23 22 23 70 25 33 20 39 39 96 33 41 22 76 50 20 22 22 22 38 20 20 58 45 21 20 26 29 55
internal_value=4.96165e-13 1.24205e-05 -5.43465e-06 1.38618e-05 0.000369077 -2.2242e-05 3.37089e-06 -2.39019e-05 -0.000578492 1.71016e-05 -1.72516e-05 -4.20708e-05 1.94821e-05 5.46442e-05 0.000381259 -4.05606e-05 2.78748e-05 8.26206e-05 0.000729217 4.46061e-06 6.10364e-05 0.000100541 0.000239414 0.000528712 -8.5558e-06 -0.000324043 -0.00073795 5.03116e-05 -0.000215848 -4.36307e-05
internal_weight=1076 1056 1030 1008 93 915 890 857 59 798 759 736 640 607 137 470 428 408 44 364 342 96 208 96 112 67 42 46 134 105
internal_count=1076 1056 1030 1008 93 915 890 857 59 798 759 736 640 607 137 470 428 408 44 364 342 96 208 96 112 67 42 46 134 105
is_linear=0
shrinkage=0.05


Tree=121
num_leaves=31
num_cat=0
split_feature=39 21 49 33 3 52 11 3 73 43 49 50 74 19 35 30 70 11 47 61 24 39 62 47 7 11 69 25 21 46
split_gain=0.00332343 0.00811114 0.00771395 0.00869757 0.010162 0.00843787 0.00857531 0.00771229 0.00659302 0.00762613 0.00682301 0.00959437 0.0091275 0.0159208 0.0084807 0.0100645 0.0112679 0.00844221 0.0080629 0.00855228 0.00741604 0.00697685 0.00676976 0.00779537 0.00702608 0.00602886 0.0054918 0.00685257 0.00918489 0.00741202
threshold=0.44665592908859258 -0.98233035206794728 0.61274603009223949 -0.0058060474693775168 -0.058951046317815774 0.10118112713098527 0.74378988146781932 1.0041109919548037 1.1936407089233401 -0.050303084775805466 -0.60634300112724293 -0.90076890587806691 -0.20874870568513867 0.39952623844146734 -0.40311403572559351 0.77715831995010387 -0.53400152921676625 -0.1749678552150726 0.50724822282791149 0.29687236249446874 -0.17467404156923291 -1.241132855415344 0.57607918977737438 -0.69930031895637501 -0.49140098690986628 0.77867558598518383 -0.77508074045181263 0.14833573251962665 0.18126435577869418 0.46219681203365331
decision_type=2 2 2 2 2 2 2 2 2 2 2 2 2 2 2 2 2 2 2 2 2 2 2 2 2 2 2 2 2 2
left_child=2 -2 8 -4 -5 -6 -7 26 10 -10 12 25 13 21 15 16 -13 -16 19 -19 -18 -1 23 24 -14 -12 -3 -28 -29 -30
right_child=1 7 3 4 5 6 -8 -9 9 -11 11 14 22 -15 17 -17 20 18 -20 -21 -22 -23 -24 -25 -26 -27 27 28 29 -31
leaf_value=0.00039082271202156945 0.00091300922788074487 -0.00076746162242041186 0.00016187054208451312 0.00029509332830044018 -0.0014676052337587887 -0.0011520823958380787 0.00031209872438921595 0.00050809827739107681 0.0010373307040254076 -0.00020728075585793707 -0.00083170574806176896 -9.6048336549954354e-05 -0.00045578915008303265 0.0013740683376090603 -0.00058803920712603567 -0.00038409005917076558 0.0017597924633688915 0.00029728751067760527 0.00097151869600306138 -0.00076676136612569782 0.00063849108751285182 -0.00072262203224561429 -0.0011224297738850249 -0.00080406754728755924 0.00079405947842381213 0.00020345773373264819 0.00041376484115734577 -0.00078618058844262529 -0.00013522651209758234 0.00093340278370305889
leaf_weight=24 30 26 49 22 37 20 20 72 32 20 39 23 23 20 43 21 30 69 28 26 29 34 35 40 22 22 69 45 86 20
leaf_count=24 30 26 49 22 37 20 20 72 32 20 39 23 23 20 43 21 30 69 28 26 29 34 35 40 22 22 69 45 86 20
internal_value=-4.64256e-13 0.000127096 -6.07549e-05 -0.000382955 -0.000652616 -0.00092339 -0.000419992 5.29538e-05 2.14617e-05 0.000558634 -3.14416e-05 0.000107783 -0.000263483 0.000157589 0.000236167 0.000592573 0.000842694 1.50234e-05 0.00022585 6.07413e-06 0.00120864 -0.000261886 -0.00053718 -0.000296195 0.000155248 -0.000458368 -8.02593e-05 9.5556e-07 -0.000187679 6.64017e-05
internal_weight=1076 348 728 148 99 77 40 318 580 52 528 330 198 78 269 103 82 166 123 95 59 58 120 85 45 61 246 220 151 106
internal_count=1076 348 728 148 99 77 40 318 580 52 528 330 198 78 269 103 82 166 123 95 59 58 120 85 45 61 246 220 151 106
is_linear=0
shrinkage=0.05


Tree=122
num_leaves=31
num_cat=0
split_feature=4 37 8 45 45 40 62 49 3 23 6 55 14 55 70 74 63 31 1 21 54 10 42 58 45 51 50 71 67 64
split_gain=0.00333774 0.00434935 0.00519675 0.00424098 0.00754538 0.00808164 0.00697068 0.00685449 0.00645976 0.00921113 0.00742711 0.00638078 0.00947006 0.00724058 0.0072348 0.00666181 0.00667497 0.00704348 0.00961399 0.0109983 0.00887258 0.00750413 0.00694373 0.0060496 0.00600916 0.00551727 0.00541109 0.00525445 0.00515915 0.00497192
threshold=2.2169686555862431 1.5926902294158938 0.26237407326698309 1.7912449836730959 1.1360871195793154 0.86468166112899791 -0.21740769594907758 0.74828058481216442 0.20441951602697375 -0.10473996773362158 0.38031497597694403 -0.62540355324745167 1.6514671444892886 -0.91699060797691334 0.85972660779953014 -1.5341436266899107 1.4938753843307497 -0.98683676123619068 0.43041887879371649 0.60567161440849315 -1.0427234172821043 0.08603361621499063 -0.9674609601497649 0.91384273767471325 -0.20010013878345487 0.17860265076160434 -0.44574196636676783 0.2368399575352669 0.52238848805427562 0.62068358063697826
decision_type=2 2 2 2 2 2 2 2 2 2 2 2 2 2 2 2 2 2 2 2 2 2 2 2 2 2 2 2 2 2
left_child=1 3 -3 4 7 6 -6 11 -9 -10 25 13 15 14 26 -13 17 -17 19 20 -19 -21 -22 24 -15 -11 -1 -20 29 -24
right_child=-2 2 -4 -5 5 -7 -8 8 9 10 -12 12 -14 23 -16 16 -18 18 27 21 22 -23 28 -25 -26 -27 -28 -29 -30 -31
leaf_value=-0.00041135541017865761 0.00059585473753268959 -0.0010943028806650547 4.5515681849792598e-05 -0.00063596404844429343 0.00019192511684498943 -0.00034952629997860642 0.0013351671537384392 8.5054641787602164e-05 -0.0013394221431722313 -0.00065014538762625312 -0.0010753629629367165 -0.00073471175084072779 0.0011802127845363603 -0.00069499343258535694 -0.00051755194301502066 -0.00031806707913581764 -0.00064428213115136791 0.0016014536617810584 -0.00035038503385536994 -0.00047564327330540195 0.0013729421945754439 0.00060915334790479392 0.00033271948561525426 -0.0013219910954649094 0.00038595460646320137 0.00037583557499793212 0.00053085316876604343 0.00021627662610828542 -0.00020844514677134741 0.0010869947371951814
leaf_weight=20 23 20 20 25 24 20 30 67 27 20 21 23 21 36 39 62 26 22 75 44 21 25 74 20 20 38 64 90 28 31
leaf_count=20 23 20 20 25 24 20 30 67 27 20 21 23 21 36 39 62 26 22 75 44 21 25 74 20 20 38 64 90 28 31
internal_value=-5.89312e-13 -1.30149e-05 -0.000524394 7.17777e-06 2.34516e-05 0.000509063 0.00082706 -1.58649e-05 -0.000299246 -0.000542153 -0.000269668 5.02956e-05 0.0001392 -0.000191847 4.52274e-05 9.724e-05 0.000135664 0.000178627 0.000253736 0.000452432 0.00066219 -8.2601e-05 0.000528009 -0.000575533 -0.000308941 2.2049e-05 0.000306518 -4.12969e-05 0.000394599 0.00055541
internal_weight=1076 1053 40 1013 988 74 54 914 173 106 79 741 542 199 123 521 498 472 410 245 176 69 154 76 56 58 84 165 133 105
internal_count=1076 1053 40 1013 988 74 54 914 173 106 79 741 542 199 123 521 498 472 410 245 176 69 154 76 56 58 84 165 133 105
is_linear=0
shrinkage=0.05


Tree=123
num_leaves=31
num_cat=0
split_feature=11 17 23 66 69 45 45 45 1 46 38 39 29 61 46 16 65 47 45 63 49 62 47 35 50 17 34 55 14 1
split_gain=0.00313363 0.00393916 0.00733516 0.00886414 0.00638904 0.00494084 0.00502823 0.00927566 0.00492794 0.00469504 0.0049159 0.00761827 0.00843618 0.018075 0.00697067 0.00828525 0.0069078 0.00653721 0.00634459 0.00607731 0.00606722 0.0111394 0.00863335 0.0116542 0.00819402 0.00530618 0.00506473 0.00714184 0.00493484 0.00564221
threshold=-2.5845007896423335 -1.3862180113792417 -1.4082790613174436 0.21328206360340121 -1.668556213378906 1.7912449836730959 1.1360871195793154 1.3750964999198916 -1.1638931035995481 1.5953032374382021 -0.76243391633033741 0.56980666518211376 0.78804221749305736 0.26884496212005621 0.20693742483854297 -0.87871041893959034 0.0075682667084038266 -0.15546578913927075 0.19386248290538791 0.022873046807944778 0.64855235815048229 0.59961149096488964 -0.34989839792251581 -0.31628158688545221 -0.18646977841854093 -0.013061093632131813 0.62264424562454235 -0.84094005823135365 -0.51369792222976673 0.46093967556953436
decision_type=2 2 2 2 2 2 2 2 2 2 2 2 2 2 2 2 2 2 2 2 2 2 2 2 2 2 2 2 2 2
left_child=-1 8 3 -3 -4 6 9 -8 -2 10 16 12 20 -14 15 -13 19 -18 -16 -6 21 26 -23 -24 -22 -19 27 -12 29 -29
right_child=1 2 4 -5 5 -7 7 -9 -10 -11 11 14 13 -15 18 -17 17 25 -20 -21 24 22 23 -25 -26 -27 -28 28 -30 -31
leaf_value=-0.00062001808895729483 -0.000214277319702722 0.00024133127326835663 0.00079419902713897715 -0.0010260349036527899 0.00015583061855147168 -0.00077791422954760498 0.00095883901514370287 -0.00013881070391597372 0.00070947772834361309 0.00062832639625951371 0.00081112471428544577 -0.0004745138192083687 -0.0017991384270135313 3.5445604087977574e-05 -0.00090015820055471159 0.00066471741762442549 -0.00044819850462757179 0.0007992170559841075 0.00014690143721870697 0.0010373915598714068 -0.0012696322232771378 -0.0010559000932361658 0.00084090766380541027 -0.00080940501951693518 -0.00011138491351409136 -9.3707201928581768e-05 0.00060133055803623611 0.00078798325087588562 -0.00034210252455632947 -0.00026403418520931155
leaf_weight=20 22 22 26 37 46 20 38 39 42 27 24 20 25 29 23 79 59 28 39 34 26 41 20 23 37 41 47 26 91 25
leaf_count=20 22 22 26 37 46 20 38 39 42 27 24 20 25 29 23 79 59 28 39 34 26 41 20 23 37 41 47 26 91 25
internal_value=1.03472e-12 1.17428e-05 -1.27859e-05 -0.000553458 2.14045e-05 -7.4837e-07 1.67751e-05 0.000402887 0.000391937 -1.99293e-05 -4.2283e-05 -0.000117634 -0.000231129 -0.000813899 0.000174211 0.00043457 0.000166019 -6.17784e-05 -0.000241524 0.000530494 -0.000143713 -4.91756e-05 -0.000536786 -4.18177e-05 -0.000589392 0.000268639 0.000143122 1.33878e-05 -0.000121441 0.000272288
internal_weight=1076 1056 992 59 933 907 887 77 64 810 783 575 414 54 161 99 208 128 62 80 360 297 84 43 63 69 213 166 142 51
internal_count=1076 1056 992 59 933 907 887 77 64 810 783 575 414 54 161 99 208 128 62 80 360 297 84 43 63 69 213 166 142 51
is_linear=0
shrinkage=0.05


Tree=124
num_leaves=31
num_cat=0
split_feature=4 37 4 20 34 27 30 10 20 2 43 50 6 11 42 42 65 62 54 4 70 1 36 71 71 27 36 30 62 3
split_gain=0.00293503 0.00402952 0.00609866 0.00396299 0.00569708 0.00579123 0.00971727 0.00543508 0.00574707 0.00595762 0.009934 0.00615938 0.00540803 0.0079135 0.00609219 0.00684618 0.00546148 0.00814998 0.00700555 0.0108364 0.009862 0.00772914 0.00815374 0.00579697 0.00732983 0.00731538 0.00591074 0.00532314 0.0051479 0.00509044
threshold=2.2169686555862431 1.5017267465591433 0.18586046248674395 2.1796786785125737 1.8908958435058596 -1.652854263782501 -0.17526440322399137 1.9064275622367861 1.4596109986305239 -1.2885972261428831 -0.19782103598117826 1.6841869354248049 -1.3698291182518003 -1.0468363761901853 -1.3549509048461912 -1.1243477463722227 0.68213143944740307 -0.21740769594907758 -0.11537144333124159 0.10298623889684679 0.66487202048301708 -0.45443238317966456 -0.5336497128009795 -0.6429169476032256 0.35767433047294622 -0.056071978062391274 -0.11352763324975966 0.4579013884067536 0.25290499627590185 0.22791252285242083
decision_type=2 2 2 2 2 2 2 2 2 2 2 2 2 2 2 2 2 2 2 2 2 2 2 2 2 2 2 2 2 2
left_child=1 3 -3 4 5 6 -1 8 9 10 -7 12 -11 -14 -15 -16 18 -18 19 21 23 -17 -23 -20 25 -25 -27 28 -19 -10
right_child=-2 2 -4 -5 -6 7 -8 -9 29 11 -12 -13 13 14 15 16 17 27 20 -21 -22 22 -24 24 -26 26 -28 -29 -30 -31
leaf_value=-0.0013714753605745501 0.00055875414906515059 -0.0011266120390791912 1.6565997836843445e-05 -0.00062561447363502045 0.00074093346171408758 0.0011022498027159599 9.4475271851898962e-05 -0.00065363354348976701 0.0010397580969664787 0.00052867567110297391 -0.00021353331394493582 -0.0007153861432258661 -0.00066905401879260114 -0.0007755799749208129 0.00069452557453097638 -0.00070246899533750766 -0.00014576831004500283 0.00088143078186972586 0.00055061952521403635 -0.00096391565718173902 0.00058392618755331372 -0.00024418575589412025 0.00073914275838162858 -0.0010859885443509981 0.00017521774147768922 -0.00065772511796759713 0.00024286355535303684 0.0011778964934429886 -0.00014893133193254472 -1.2687946509686298e-05
leaf_weight=20 23 20 28 24 27 32 26 28 27 48 26 30 44 23 39 35 61 22 30 48 72 49 37 33 76 35 38 28 27 20
leaf_count=20 23 20 28 24 27 32 26 28 27 48 26 30 44 23 39 35 61 22 30 48 72 49 37 33 76 35 38 28 27 20
internal_value=-9.15137e-13 -1.22045e-05 -0.000459758 9.17119e-06 2.47011e-05 4.43039e-06 -0.000542895 3.21583e-05 5.3979e-05 2.36276e-05 0.000512416 -1.29527e-05 1.53332e-05 -2.00189e-05 2.37139e-05 5.28945e-05 1.05533e-05 0.000285939 -7.3339e-05 -0.000328232 7.83403e-05 -7.60598e-05 0.000178874 -9.33682e-05 -0.00019952 -0.0004682 -0.000188926 0.000627941 0.00031368 0.000591909
internal_weight=1076 1053 48 1005 981 954 46 908 880 833 58 775 745 697 653 630 591 138 453 169 284 121 86 212 182 106 73 77 49 47
internal_count=1076 1053 48 1005 981 954 46 908 880 833 58 775 745 697 653 630 591 138 453 169 284 121 86 212 182 106 73 77 49 47
is_linear=0
shrinkage=0.05


Tree=125
num_leaves=31
num_cat=0
split_feature=22 24 17 23 66 59 45 12 10 19 21 42 65 65 0 12 45 64 64 65 71 52 73 68 34 12 25 66 1 65
split_gain=0.0029731 0.00532118 0.00392507 0.00560271 0.00699598 0.00799382 0.00650589 0.00515245 0.00505652 0.00558231 0.00582888 0.00533226 0.00975886 0.00627713 0.00965124 0.00969378 0.00568985 0.00744065 0.00794218 0.00533764 0.00529413 0.00528416 0.0067248 0.00449756 0.00447833 0.00674539 0.00641019 0.00475993 0.00429546 0.00423461
threshold=-1.4606560468673704 -1.3628730177879331 -1.5751498341560362 -1.4082790613174436 0.21328206360340121 -0.80865532159805287 1.7912449836730959 2.3339612483978276 2.0551315546035771 1.5540602803230288 -1.7474583387374876 -1.0642898082733152 0.051491843536496169 0.067837152630090727 0.16609807033091786 0.095819678157567992 1.1360871195793154 1.4016559123992922 1.0832849740982058 1.0558030605316164 0.27074129879474645 -0.6236763298511504 -0.053270632401108735 -0.16521121561527249 -0.39765058457851404 -0.34821869432926172 -0.69537943601608265 -0.81796699762344349 -1.1638931035995481 0.79076161980628978
decision_type=2 2 2 2 2 2 2 2 2 2 2 2 2 2 2 2 2 2 2 2 2 2 2 2 2 2 2 2 2 2
left_child=-1 -2 28 4 -4 -6 7 8 9 10 -5 12 -12 16 15 21 17 18 20 -16 24 -15 -23 -11 25 -13 -26 -28 -3 -17
right_child=1 2 3 6 5 -7 -8 -9 -10 23 11 13 -14 14 19 29 -18 -19 -20 -21 -22 22 -24 -25 26 -27 27 -29 -30 -31
leaf_value=-0.00053889026399701835 0.00078224843812429101 -0.000102838165581819 0.00026950423285597934 0.00085969983404290615 -0.00016897668829187753 -0.0015826440638920759 -0.00088725510257063427 0.00079850618106623496 -0.00070976105004471419 -2.4740335841973623e-05 0.0010942867520498112 -0.00027781163015687426 -9.0804237429677569e-05 -0.00055881176462067883 -0.00043859702408297334 0.00099417052213419846 0.00055011122333650873 0.00050506394533191012 -0.0011003749071208473 0.00031998371405555218 0.00010046765151295963 -0.00034582618729121263 0.00056371888504916075 -0.0010031890480920835 -0.00078233089562023198 -0.0013739976854792433 0.00067116877235960041 -0.00016226588117186562 0.00082367060039642039 0.00022150589711964131
leaf_weight=25 22 22 20 22 20 20 20 21 24 24 32 36 38 26 78 61 28 35 26 33 104 31 59 23 35 23 21 93 29 25
leaf_count=25 22 22 20 22 20 20 20 21 24 24 32 36 38 26 78 61 28 35 26 33 104 31 59 23 35 23 21 93 29 25
internal_value=-4.01817e-12 1.28185e-05 -3.63189e-06 -2.59317e-05 -0.000494039 -0.00087581 4.66352e-06 2.45281e-05 5.99496e-06 2.61335e-05 5.7021e-05 3.44969e-05 0.000450952 -6.332e-06 0.000161472 0.000367286 -0.000137311 -0.000188914 -0.000260775 -0.000213073 -0.000190809 6.90491e-05 0.000250431 -0.000503556 -0.000336447 -0.000705138 -0.000190455 -8.73844e-06 0.000424 0.000769559
internal_weight=1076 1051 1029 978 60 40 918 898 877 853 806 784 70 714 313 202 401 373 338 111 312 116 90 47 208 59 149 114 51 86
internal_count=1076 1051 1029 978 60 40 918 898 877 853 806 784 70 714 313 202 401 373 338 111 312 116 90 47 208 59 149 114 51 86
is_linear=0
shrinkage=0.05


Tree=126
num_leaves=31
num_cat=0
split_feature=12 29 1 25 1 16 9 7 50 52 25 21 69 18 25 2 46 62 29 49 21 30 62 69 66 54 44 17 21 29
split_gain=0.00285561 0.00903274 0.00777386 0.00665495 0.00490491 0.00576589 0.0053356 0.00494448 0.00492397 0.00464059 0.00686126 0.0104147 0.00964044 0.00754009 0.00743861 0.00891554 0.00759731 0.00634516 0.0066145 0.00610788 0.00796864 0.00745368 0.00712524 0.00715432 0.00593086 0.00591731 0.00816005 0.0071222 0.0123009 0.00581968
threshold=-0.61763551831245411 0.7462100386619569 0.6733880639076234 0.94991931319236766 -1.2137199044227598 -1.0987113714218137 0.13249877095222476 0.15463089942932132 0.23373078554868701 1.5258378982543948 0.14104971289634707 -0.68368312716484059 -0.61748352646827687 -0.77744570374488819 0.39682993292808538 0.82212316989898693 -0.37403054535388941 -0.99646031856536854 1.0478431582450869 -0.95495778322219838 0.36262831091880804 -0.56477066874504078 0.48861892521381384 0.14240051060914996 0.78537431359291088 0.29447670280933386 0.3237252831459046 -0.90573224425315846 -0.45435748994350428 1.5221412777900698
decision_type=2 2 2 2 2 2 2 2 2 2 2 2 2 2 2 2 2 2 2 2 2 2 2 2 2 2 2 2 2 2
left_child=1 3 -3 4 -1 -6 8 -8 -7 10 13 -12 -13 -2 15 16 -14 -16 -19 22 21 -21 23 -15 -11 26 -23 -27 -29 -20
right_child=9 2 -4 -5 5 6 7 -9 -10 24 11 12 14 19 17 -17 -18 18 29 20 -22 25 -24 -25 -26 27 -28 28 -30 -31
leaf_value=-0.00065154844829949611 0.00096200347391211182 -0.0015233782518771478 -0.00016134855331157187 0.0008332544541363382 0.00042535941414698444 -0.00063467087368763086 0.00078774886682036929 -0.00012689097845901013 0.00022907438575533556 -0.0010273420209573074 0.0010452729785538396 -0.00088008377321162508 -0.00054429322032124871 -0.00043122220296128134 -0.00070517573622055354 -0.0012135760431052545 0.00065866447209070138 4.0246705301953262e-05 0.0012108577846307667 0.0012106755307915874 -0.00031546680392542236 0.0002023525412901441 -0.00099056052210719572 0.00081646687169268273 0.00013365865333153952 0.00087996827850085027 0.0012982618714008354 -0.0011029005477515362 0.00024649189342693589 9.1749501769386585e-05
leaf_weight=34 33 20 22 21 57 66 22 45 22 22 20 38 35 27 22 26 21 169 26 26 45 41 22 20 22 21 29 24 57 21
leaf_count=34 33 20 22 21 57 66 22 45 22 22 20 38 35 27 22 26 21 169 26 26 45 41 22 20 22 21 29 24 57 21
internal_value=4.60157e-13 -0.000128331 -0.000809934 -2.11126e-05 -9.40464e-05 -4.63572e-06 -0.000162763 0.000173439 -0.000418735 5.17005e-05 8.20406e-05 -6.51115e-05 -0.000127144 0.000243268 -3.77326e-05 -0.00044843 -9.31841e-05 0.000103768 0.000186161 0.000167248 0.000285133 0.000421633 -0.000247913 9.97093e-05 -0.000446842 0.000302359 0.000656372 5.94094e-05 -0.000153328 0.000710831
internal_weight=1076 309 42 267 246 212 155 67 88 767 723 378 358 345 320 82 56 238 216 312 243 198 69 47 44 172 70 102 81 47
internal_count=1076 309 42 267 246 212 155 67 88 767 723 378 358 345 320 82 56 238 216 312 243 198 69 47 44 172 70 102 81 47
is_linear=0
shrinkage=0.05


Tree=127
num_leaves=31
num_cat=0
split_feature=29 64 37 73 33 58 73 34 19 62 62 25 25 62 59 12 4 27 12 40 50 42 31 32 20 56 28 4 73 43
split_gain=0.00287506 0.00450802 0.00477014 0.00725754 0.00831386 0.00488634 0.0106302 0.00627174 0.00633912 0.00605053 0.00744508 0.00705637 0.00659355 0.00701303 0.00642286 0.00635939 0.00555375 0.00521902 0.00512441 0.00619405 0.0124117 0.0103066 0.00612216 0.00835446 0.0062141 0.0063226 0.00610038 0.00848536 0.00775822 0.00521622
threshold=-2.0698031187057491 -1.4750053882598875 -1.9552726149559019 -1.4010495543479917 -0.21574573963880536 1.2942301630973818 -0.61158844828605641 -1.4851535558700559 -1.4557902812957761 -1.0107695460319517 -0.77701550722122181 0.39682993292808538 -0.61160680651664723 -0.70153555274009693 -1.0073261857032774 0.034179495647549636 1.5232640504837038 0.21932524442672732 0.50684973597526561 -0.083379846066236482 -0.18646977841854093 0.1861013472080231 1.3453500270843508 0.69435489177703869 0.35567387938499456 -0.080876387655735002 -0.40287925302982325 -0.39503031969070429 0.95668870210647594 0.28175775706768041
decision_type=2 2 2 2 2 2 2 2 2 2 2 2 2 2 2 2 2 2 2 2 2 2 2 2 2 2 2 2 2 2
left_child=-1 -2 -3 4 -4 7 -7 -5 -9 17 11 -11 15 -14 -15 -12 18 -10 22 20 -20 -21 23 24 26 -26 28 -28 29 -16
right_child=1 2 3 5 -6 6 -8 8 9 10 12 -13 13 14 16 -17 -18 -19 19 21 -22 -23 -24 -25 25 -27 27 -29 -30 -31
leaf_value=0.0004159463671385311 -0.00048925558354919005 -0.00064851668802374564 0.0010704600112255911 0.00087609941422540178 -0.00014499851519455357 -0.0013210390048863537 3.0262995388448172e-05 0.00078489421494305149 -0.00012724188843038769 0.00014517402548032505 0.00096182104011419264 0.0012984606692390075 -0.001003748732036911 -0.00078893015327464273 -0.00056314936012748392 3.9259392267806417e-05 -0.00056369717365322726 -0.00097352352940702235 0.00051871627065873545 0.0015379279719623315 -0.0010510277852881699 0.00018445948420170075 -0.00073932922105692954 0.00069451076799454412 -0.001292198020601063 -3.4958696778630839e-05 0.000883029627864464 -3.728673339667564e-05 0.00052710283402120691 0.00016161997041575995
leaf_weight=40 48 27 34 21 24 22 43 25 49 36 31 21 20 28 92 47 42 29 34 22 20 39 30 39 20 20 39 70 30 34
leaf_count=40 48 27 34 21 24 22 43 25 49 36 31 21 20 28 92 47 42 29 34 22 20 39 30 39 20 20 39 70 30 34
internal_value=2.03521e-12 -1.60597e-05 6.92957e-06 2.53448e-05 0.000567512 -9.47875e-06 -0.000427101 2.29144e-05 9.84274e-07 -2.37604e-05 2.19171e-05 0.000570069 -2.56394e-05 -8.37768e-05 -5.08619e-05 0.000405919 -1.1943e-05 -0.000441885 3.54469e-05 0.00032734 -6.26704e-05 0.000672596 -5.43064e-05 5.43399e-06 -8.26775e-05 -0.000663578 5.00569e-06 0.000292001 -0.000195523 -0.000367577
internal_weight=1076 1036 988 961 58 903 65 838 817 792 714 57 657 579 559 78 531 78 489 115 54 61 374 344 305 40 265 109 156 126
internal_count=1076 1036 988 961 58 903 65 838 817 792 714 57 657 579 559 78 531 78 489 115 54 61 374 344 305 40 265 109 156 126
is_linear=0
shrinkage=0.05


Tree=128
num_leaves=31
num_cat=0
split_feature=4 37 4 19 20 27 30 37 22 41 41 66 15 51 52 23 13 48 50 27 26 49 10 30 33 2 20 55 25 18
split_gain=0.00294721 0.00347337 0.00622136 0.00387779 0.00429272 0.00483053 0.0098043 0.00411499 0.00548086 0.00762343 0.00710008 0.00685716 0.00620257 0.00917508 0.00546841 0.00512616 0.00568599 0.00449294 0.0106096 0.00752176 0.00702271 0.00696991 0.00639131 0.00676006 0.00636595 0.00553483 0.00604034 0.00525947 0.00472691 0.00451553
threshold=2.2169686555862431 1.4624368548393252 0.08542231842875482 -2.0420427322387691 2.1796786785125737 -1.652854263782501 0.10240621864795686 1.1509727835655215 1.8729162216186526 -0.74413946270942677 -0.50736734271049488 -0.82758700847625721 0.99042794108390819 0.40212117135524755 0.12118386849761011 0.16113150864839557 0.54613131284713756 0.64269033074378978 0.44112262129783636 1.4105674028396609 1.0000000180025095e-35 1.2245243787765505 -0.29037071764469141 -0.1879981383681297 0.43379794061183935 1.2126206755638125 -0.019312660209834572 -0.61210772395133961 -0.3467846810817718 0.058082692325115211
decision_type=2 2 2 2 2 2 2 2 2 2 2 2 2 2 2 2 2 2 2 2 2 2 2 2 2 2 2 2 2 2
left_child=1 3 -3 -1 5 6 -5 8 9 11 -11 -7 13 15 -9 16 -13 18 19 22 -20 28 23 24 -12 26 27 -24 -19 -28
right_child=-2 2 -4 4 -6 7 -8 14 -10 10 17 12 -14 -15 -16 -17 -18 21 20 -21 -22 -23 25 -25 -26 -27 29 -29 -30 -31
leaf_value=0.00058859349332383978 0.00055991231651126368 -0.0010751357266729298 3.9477010220927642e-05 -0.0012777011857300145 -0.00069871857611525975 -0.00037930116361946733 0.00026913945010164758 -8.9508374843842771e-05 -0.00071228721577566701 -0.00056438175718048138 -0.00021483857792995529 0.0011762377457839816 -0.00028650500572356658 -0.00023476438441321081 0.0008389396090725704 0.0014739322810783052 0.00021637289901264012 0.00010485614334218995 -0.0001228909026212932 -0.00091139639650161071 -0.0014039748196449618 -0.00050571195664815603 0.00080576198888593353 -0.00075319157793926888 0.00053422852864829244 -0.00037716858582023313 0.0013210625492502005 -1.3278439919805516e-06 0.00091326924557506579 0.00043933838408194339
leaf_weight=28 23 21 31 21 22 28 20 29 26 61 104 27 22 24 35 25 36 33 20 21 23 20 24 39 39 34 20 127 40 53
leaf_count=28 23 21 31 21 22 28 20 29 26 61 104 27 22 24 35 25 36 33 20 21 23 20 24 39 39 34 20 127 40 53
internal_value=-9.73776e-13 -1.22298e-05 -0.000410655 8.46761e-06 -8.22666e-06 7.74687e-06 -0.000523145 3.16662e-05 2.42206e-06 2.50836e-05 -5.05619e-05 0.000332335 0.000481035 0.000631802 0.000418237 0.000868138 0.000627744 1.93895e-06 -5.69826e-05 1.30803e-05 -0.000808122 0.000321256 5.7203e-05 -0.000169686 -1.05475e-05 0.000217256 0.000307481 0.000126951 0.000547822 0.000680907
internal_weight=1076 1053 52 1001 973 951 41 910 846 820 658 162 134 112 64 88 63 597 504 461 43 93 440 182 143 258 224 151 73 73
internal_count=1076 1053 52 1001 973 951 41 910 846 820 658 162 134 112 64 88 63 597 504 461 43 93 440 182 143 258 224 151 73 73
is_linear=0
shrinkage=0.05


Tree=129
num_leaves=31
num_cat=0
split_feature=4 41 65 63 62 50 2 1 6 12 13 9 5 15 58 57 58 65 20 29 14 16 41 19 34 34 21 29 62 23
split_gain=0.00265986 0.00334512 0.0095191 0.00847527 0.00918769 0.00663694 0.00627761 0.00604648 0.00560611 0.0057804 0.0048045 0.00655878 0.00517632 0.00547914 0.00499123 0.00815368 0.0074827 0.00737007 0.00722293 0.00711278 0.00573164 0.00735472 0.00731486 0.0053179 0.00529274 0.00489155 0.00467379 0.0046626 0.00432672 0.00417771
threshold=2.2169686555862431 0.58569839596748363 -0.51566278934478749 -0.24664825946092603 0.72950744628906261 0.48968237638473516 0.38767476379871374 -0.21940860152244565 1.3629298210144045 0.34763641655445104 -0.9083980619907378 1.2195465564727785 0.96556654572486889 0.4765594899654389 0.84427717328071605 -0.17198865860700605 0.37829558551311498 -0.96028459072113026 0.83899062871932995 0.72357657551765453 -0.18048124015331266 0.35557605326175695 0.35280326008796697 0.54766041040420543 0.33802840113639837 -0.07749472931027411 0.13905057311058047 0.59939539432525646 0.08441204205155374 -0.27873390913009638
decision_type=2 2 2 2 2 2 2 2 2 2 2 2 2 2 2 2 2 2 2 2 2 2 2 2 2 2 2 2 2 2
left_child=1 10 5 6 7 -3 -4 -5 9 -9 12 14 -1 25 16 17 18 -16 20 23 21 22 27 29 26 -14 -17 -12 -22 -18
right_child=-2 2 3 4 -6 -7 -8 8 -10 -11 11 -13 13 -15 15 24 19 -19 -20 -21 28 -23 -24 -25 -26 -27 -28 -29 -30 -31
leaf_value=-0.00085256854612712893 0.00053191672271603481 -0.0003150948504225125 6.0080398435713033e-05 -0.00075568434972824025 -0.00092440756358855378 -0.0014117438721851531 0.0011978966866577553 7.9848306586427509e-05 -0.00049828120435659702 0.00096393199105827647 -5.0109784504890585e-06 0.00079046719956750173 -0.00016033809695121214 -0.00061141651741967637 -3.4074806317221378e-05 0.00021400039840955288 5.9879517800215154e-05 -0.0013107573761282345 0.00059314436312706681 0.0013544531655497851 -6.3559449895714913e-05 0.00099782377891685994 0.00076472766522783786 -0.0002881246700641126 0.00055219310640549182 0.00083462800927615408 -0.00081770925358536518 -0.00076920961241146721 -0.00063666110989033138 0.00093771375484197274
leaf_weight=28 23 37 27 22 33 22 22 64 26 26 151 32 30 29 20 23 23 26 50 20 78 21 28 26 34 21 21 23 57 33
leaf_count=28 23 37 27 22 33 22 22 64 26 26 151 32 30 29 20 23 23 26 50 20 78 21 28 26 34 21 21 23 57 33
internal_value=2.04801e-12 -1.16183e-05 -0.000160051 -8.80634e-06 -0.000174932 -0.000724015 0.000570937 4.29099e-06 0.000148424 0.00033525 4.18865e-05 9.20513e-05 -0.000267463 -6.26754e-05 5.68e-05 -0.000227714 0.000125976 -0.000755678 3.02159e-05 0.000509016 -4.84054e-05 0.000107256 1.46728e-05 0.000302811 8.36497e-05 0.000249354 -0.000278406 -0.000106026 -0.000305536 0.000577175
internal_weight=1076 1053 279 220 171 59 49 138 116 90 774 666 108 80 634 124 510 46 408 102 358 223 202 82 78 51 44 174 135 56
internal_count=1076 1053 279 220 171 59 49 138 116 90 774 666 108 80 634 124 510 46 408 102 358 223 202 82 78 51 44 174 135 56
is_linear=0
shrinkage=0.05


Tree=130
num_leaves=31
num_cat=0
split_feature=53 52 73 12 26 72 1 60 52 51 53 37 62 42 37 72 52 19 72 10 42 2 12 42 13 65 64 19 57 70
split_gain=0.00261228 0.003679 0.00337299 0.00722908 0.00933702 0.0052184 0.00648313 0.00558679 0.00561592 0.0067051 0.00663415 0.00715105 0.00594173 0.00741765 0.00583691 0.00535922 0.00561742 0.0055287 0.00504129 0.00737021 0.00619134 0.00497953 0.00529609 0.00494275 0.00443098 0.00637002 0.00612452 0.00780949 0.00463597 0.00427027
threshold=1.9823623895645144 -2.3091107606887813 -1.2716102004051206 -0.66688799858093251 -0.41095450520515436 0.61523130536079418 -1.3746877908706663 -1.4673835039138792 -0.74940448999404896 0.85438764095306408 -0.18253344297409055 -0.31884837150573725 0.72950744628906261 0.16305884718894961 0.68471813201904308 -0.080897267907857881 -0.53520438075065602 -0.087093487381935106 -0.20506568253040311 0.1202409863471985 1.0000000180025095e-35 0.074082639068365111 0.23096089065074923 -0.16606498509645459 0.43519163131713873 -0.65793582797050465 -0.20818929374217984 -0.24067530781030652 -0.35276229679584498 -0.60145545005798329
decision_type=2 2 2 2 2 2 2 2 2 2 2 2 2 2 2 2 2 2 2 2 2 2 2 2 2 2 2 2 2 2
left_child=1 -1 3 -3 -5 7 -7 -4 10 12 11 -9 15 -14 -12 16 -10 23 19 29 -21 -11 -23 -17 25 28 -27 -28 -8 -18
right_child=-2 2 5 4 -6 6 24 8 9 21 14 -13 13 -15 -16 17 18 -19 -20 20 -22 22 -24 -25 -26 26 27 -29 -30 -31
leaf_value=-0.00060018607764504854 -0.00051579400508974989 -0.00027766019776369349 -0.00066478569956962032 0.0014869127272894341 0.00019042517446129153 -0.0010388624815580747 -0.00028853558146187829 0.0015650170167819375 -0.00072413105125532543 -5.8792717100004664e-05 -0.00012937933768211097 0.00026016793174979592 -5.6887405705364309e-05 -0.0011914271403802559 0.0008457488918100439 8.6624805893128126e-05 -0.00075448438874445864 -1.3881013974132218e-05 -0.00070747529583362241 5.9254063615718717e-05 0.0011989391228946096 0.0010901264204162984 0.00026446047137981691 0.0010358471063227626 0.0003432026771319908 -0.0004307685951598764 -0.00043474601032877604 0.00060452947132837252 -0.0012790700961236978 1.4321287605139645e-05
leaf_weight=24 24 34 25 21 41 21 27 21 36 50 57 21 34 25 21 24 24 83 24 26 22 31 52 32 42 61 28 51 21 73
leaf_count=24 24 34 25 21 41 21 27 21 36 50 57 21 34 25 21 24 24 83 24 26 22 31 52 32 42 61 28 51 21 73
internal_value=6.75528e-13 1.17672e-05 2.6054e-05 0.000308252 0.000629558 -3.01355e-06 -0.000197894 6.88145e-05 9.67718e-05 2.7551e-05 0.000405958 0.000912592 -7.40419e-05 -0.000537625 0.000133155 5.46787e-06 -0.000157039 0.000245137 -3.62385e-05 7.48627e-05 0.00058161 0.000335385 0.000572842 0.000629038 -0.00012111 -0.000224839 -5.44198e-05 0.000236179 -0.000721894 -0.000175899
internal_weight=1076 1052 1028 96 62 932 251 681 656 536 120 42 403 59 78 344 205 139 169 145 48 133 83 56 230 188 140 79 48 97
internal_count=1076 1052 1028 96 62 932 251 681 656 536 120 42 403 59 78 344 205 139 169 145 48 133 83 56 230 188 140 79 48 97
is_linear=0
shrinkage=0.05


Tree=131
num_leaves=31
num_cat=0
split_feature=29 31 61 70 10 8 39 68 70 33 48 36 20 36 36 0 7 43 47 45 67 5 23 64 46 46 23 15 74 41
split_gain=0.00260477 0.00400562 0.00846476 0.0039158 0.00640508 0.00865514 0.00449436 0.00686325 0.00486207 0.00499559 0.0049235 0.00972837 0.0086434 0.00785802 0.0117103 0.00581092 0.00544669 0.0057419 0.00553132 0.00578584 0.00488673 0.00505115 0.00479606 0.00503971 0.0048204 0.0102968 0.00488263 0.0045668 0.0045476 0.00447069
threshold=-2.0698031187057491 -1.6035736203193662 -0.56180813908576954 1.0928681492805483 0.11067594960331918 0.29851500689983373 -1.4481225013732908 -0.14698379486799237 0.65917259454727184 -0.049645220860838883 0.80750125646591198 1.1449910998344424 0.08820603042840959 0.88482660055160534 0.64659222960472118 1.0000000180025095e-35 1.337308466434479 -1.0173579454421995 -1.0124969482421873 0.5279885232448579 -0.98912948369979847 1.1785136461257937 -0.18943845480680463 -0.11000161990523337 -0.41213957965373987 -0.25840558111667628 0.78053706884384166 -0.2473245561122894 -0.56903755664825428 1.2002804875373843
decision_type=2 2 2 2 2 2 2 2 2 2 2 2 2 2 2 2 2 2 2 2 2 2 2 2 2 2 2 2 2 2
left_child=-1 2 -2 6 5 -5 7 -3 10 -10 11 13 -12 14 16 -14 17 -8 -19 20 -20 22 23 -22 26 -26 28 -21 -24 -29
right_child=1 3 -4 4 -6 -7 8 -9 9 -11 12 -13 15 -15 -16 -17 -18 18 19 27 21 -23 24 -25 25 -27 -28 29 -30 -31
leaf_value=0.0003959118273633067 6.483570658460712e-05 0.0011348169731006594 -0.0012192905155686839 -0.00019726100221565242 0.00031975542838154071 -0.0013875401107638721 -0.00047423712276213338 -8.6662394460290676e-05 0.00076022527774046291 7.3837128560019975e-05 -0.00040558334892719155 -0.0010470031155273318 0.0012306434682194287 0.00086595648849059062 -0.0010739238013879264 0.00020937667356823414 -0.00083582524093799297 0.00061619197282508566 0.0006253599310002756 -0.00027998762507195355 -0.0012245679048963054 0.00052148718222388589 0.00029021721307395231 -0.00027179626332196806 0.001063193639318975 -0.0002234713903211135 -0.00084382139292288089 0.00022783799474079084 -0.00049399576402337473 0.00094588633260822726
leaf_weight=40 33 23 21 56 32 21 56 23 41 75 27 25 26 23 28 30 20 41 20 32 23 23 36 35 23 48 33 96 38 28
leaf_count=40 33 23 21 56 32 21 56 23 41 75 27 25 26 23 28 30 20 41 20 32 23 23 36 35 23 48 33 96 38 28
internal_value=-4.92784e-13 -1.52862e-05 -0.000434547 7.76889e-06 -0.000274796 -0.000521883 4.30491e-05 0.000524077 1.6293e-05 0.00031644 -3.26762e-05 -8.05096e-05 0.000329244 -4.04394e-05 -7.63827e-05 0.000683536 -2.57827e-05 4.66998e-06 6.1012e-05 8.68468e-06 -0.00012767 -0.000185819 -0.000254751 -0.00064962 -0.000126086 0.000193336 -0.000338039 0.000252549 -0.000112487 0.000389978
internal_weight=1076 1036 54 982 109 77 873 46 827 116 711 628 83 603 580 56 552 532 476 435 279 259 236 58 178 71 107 156 74 124
internal_count=1076 1036 54 982 109 77 873 46 827 116 711 628 83 603 580 56 552 532 476 435 279 259 236 58 178 71 107 156 74 124
is_linear=0
shrinkage=0.05


Tree=132
num_leaves=31
num_cat=0
split_feature=17 23 32 56 12 45 71 62 3 9 66 39 69 46 47 41 70 19 4 52 62 34 51 21 45 23 25 45 23 5
split_gain=0.0024808 0.00471363 0.00584467 0.00542989 0.00406148 0.00405841 0.00391715 0.00412588 0.00476613 0.00909488 0.00947896 0.00646032 0.00692887 0.00789744 0.00557442 0.0052271 0.00484436 0.00545952 0.00763644 0.00639285 0.00525934 0.00459108 0.00573337 0.00720275 0.007234 0.00644127 0.0051868 0.0045875 0.00432886 0.00405319
threshold=-1.5751498341560362 -1.3487192392349241 -0.091456834226846681 1.6634446382522585 2.3339612483978276 1.7912449836730959 -1.6567835807800291 1.546137869358063 0.58287236094474804 0.2802234292030335 -0.3553433865308761 0.56980666518211376 -0.097428377717733369 -0.33573582768440241 0.060001069679856307 0.44954383373260504 1.4149049520492556 -0.39626398682594294 -0.89349225163459767 -0.59312540292739857 0.18316611647605899 0.97591793537139904 -1.0719814896583555 -0.82306334376335133 -1.134446322917938 0.97899663448333751 0.072562377899885191 0.0651424676179886 0.080062698572874083 0.038721803575754173
decision_type=2 2 2 2 2 2 2 2 2 2 2 2 2 2 2 2 2 2 2 2 2 2 2 2 2 2 2 2 2 2
left_child=-1 2 -2 4 5 6 -3 8 16 10 -10 12 15 -14 -13 27 17 18 -8 -20 -21 22 -19 -24 -25 29 -23 -11 -15 -26
right_child=1 3 -4 -5 -6 -7 7 -9 9 11 -12 14 13 28 -16 -17 -18 21 19 20 -22 26 23 24 25 -27 -28 -29 -30 -31
leaf_value=0.00032710836512375285 0.00016935348170451248 -0.00057090932774978389 -0.00078452540259431346 0.00071002115074844815 0.00067811573064231897 -0.00072959056647960109 -0.00013506150474616637 -0.00065023967029486339 0.00011539026188826108 0.00089747124564320115 -0.0011772006127127523 -0.00028231718140887097 -4.4023565391802951e-05 -0.0014908965084759985 0.00071123062067878591 -0.00042600789241512997 -0.00045948751683360625 -0.00073618963030336706 7.3963108540435018e-05 0.0015083235752736701 0.00049587132981168517 0.0011177166732349655 0.0008628225056991842 -0.00085676048639351902 -5.4077221082617383e-06 -0.00040656762445762172 -7.3728908319026233e-06 -4.8105173328108127e-05 -0.00046305991708366149 0.00042881450583304197
leaf_weight=55 26 30 42 27 21 20 36 23 23 29 37 20 54 20 48 23 34 24 24 29 23 21 26 23 119 57 20 23 21 98
leaf_count=55 26 30 42 27 21 20 36 23 23 29 37 20 54 20 48 23 34 24 24 29 23 21 26 23 119 57 20 23 21 98
internal_value=-1.82736e-12 -1.76209e-05 -0.000419807 1.10765e-05 -9.30309e-06 -2.52542e-05 -9.33703e-06 1.03673e-05 2.86292e-05 -0.000131568 -0.000681707 7.12324e-06 -0.000157632 -0.000441257 0.000419011 0.000201628 0.000118027 0.000157298 0.000464815 0.000748968 0.00106051 6.85306e-05 9.41006e-06 6.48107e-05 -5.04897e-06 6.64451e-05 0.000568892 0.000479236 -0.000964444 0.000190693
internal_weight=1076 1021 68 953 926 905 885 855 832 298 60 238 170 95 68 75 534 500 112 76 52 388 347 323 297 274 41 52 41 217
internal_count=1076 1021 68 953 926 905 885 855 832 298 60 238 170 95 68 75 534 500 112 76 52 388 347 323 297 274 41 52 41 217
is_linear=0
shrinkage=0.05


Tree=133
num_leaves=31
num_cat=0
split_feature=17 17 63 67 67 23 13 1 62 35 35 54 41 12 35 21 41 39 36 36 36 1 56 4 27 33 39 22 34 34
split_gain=0.00253238 0.00682939 0.00625035 0.00535023 0.00578375 0.0062186 0.00521529 0.00481955 0.00506809 0.00405829 0.00687104 0.0061891 0.00744011 0.00693029 0.00748183 0.00587852 0.00723884 0.00573523 0.00634489 0.00590266 0.00766178 0.00619561 0.00747464 0.00726822 0.00695606 0.00997715 0.0053062 0.00457769 0.00541743 0.0045671
threshold=1.2906085848808291 0.68618068099021923 -0.33442403376102442 -0.12563543021678922 0.97123160958290111 0.17995037138462069 0.051713716238737113 -1.0976322889328001 0.17207176983356479 -0.26370210945606226 -0.20386452227830884 -0.042948620393872254 -0.47979520261287684 -0.44457699358463282 -0.73373395204544056 -1.3837553858757017 -1.2860743999481199 -0.1550604850053787 1.426005005836487 0.88482660055160534 0.45792506635189062 0.72481033205986034 0.67252177000045787 -0.69128859043121327 0.32257930934429174 0.12806349247694018 0.74312683939933788 -0.23907676339149472 0.43785881996154791 -0.78806549310684193
decision_type=2 2 2 2 2 2 2 2 2 2 2 2 2 2 2 2 2 2 2 2 2 2 2 2 2 2 2 2 2 2
left_child=1 9 6 -4 5 -5 -3 -2 -9 11 -11 13 15 -1 -15 -13 -17 27 19 20 21 22 24 -23 25 -19 -26 -12 -29 -25
right_child=7 2 3 4 -6 -7 -8 8 -10 10 17 12 -14 14 -16 16 -18 18 -20 -21 -22 23 -24 29 26 -27 -28 28 -30 -31
leaf_value=7.7635854988609653e-05 -0.0004252744806581177 -0.001400435257459148 0.00057378453599416066 -8.797525978562507e-06 0.0002898117218417331 -0.001141252928344464 -0.0003410305073954917 0.0001388950093149271 0.0010421587468348056 -0.00093362284990559745 -2.2997056219046789e-05 -0.0011185463526635431 0.00031300074270126433 0.00041935401552888963 0.0015575782129996119 0.00055906706864176242 -0.00060384496849792419 -0.0006831591862768013 -0.00069743422069586819 0.00071638334974475021 -0.00048784375820239937 0.0012329119546021421 0.00057858588487660109 -0.0004066720935621892 -0.00098435261997541321 0.00060635914254817183 -8.6122382940216507e-06 -0.0011374838274475355 -0.00016243532317558081 0.00038904562077368612
leaf_weight=65 20 21 22 22 26 27 26 44 24 21 63 20 78 42 22 23 32 24 25 38 54 22 36 22 38 40 22 28 29 100
leaf_count=65 20 21 22 22 26 27 26 44 24 21 63 20 78 42 22 23 32 24 25 38 54 22 36 22 38 40 22 28 29 100
internal_value=1.51165e-12 -2.28924e-05 -0.000341145 -0.000111845 -0.000312964 -0.000632804 -0.000814382 0.000257019 0.000457694 3.14067e-05 -4.62586e-05 0.000186186 -2.88978e-05 0.000441286 0.000810619 -0.000384472 -0.000117536 -1.18137e-05 7.51016e-05 0.000123873 6.09806e-05 0.000158469 -5.56702e-05 0.000396402 -0.000239809 0.00012279 -0.000626581 -0.000316742 -0.000641407 0.000245556
internal_weight=1076 988 144 97 75 49 47 88 68 844 562 282 153 129 64 75 55 541 421 396 358 304 160 144 124 64 60 120 57 122
internal_count=1076 988 144 97 75 49 47 88 68 844 562 282 153 129 64 75 55 541 421 396 358 304 160 144 124 64 60 120 57 122
is_linear=0
shrinkage=0.05


Tree=134
num_leaves=31
num_cat=0
split_feature=4 37 45 45 45 40 49 15 74 15 62 55 0 14 0 9 17 27 74 63 31 27 54 3 54 41 21 7 59 63
split_gain=0.0023856 0.00303952 0.00420754 0.00283015 0.00448185 0.005664 0.00531018 0.00653595 0.00609377 0.00564883 0.00522284 0.00501541 0.0069781 0.0069042 0.00628406 0.00661947 0.00607297 0.00621872 0.00505213 0.00474138 0.00525838 0.00719324 0.00472972 0.00543497 0.00591255 0.00404278 0.00622911 0.00521522 0.0038753 0.00412159
threshold=2.2169686555862431 1.5383321046829226 0.51934665441513073 1.7912449836730959 1.1360871195793154 0.86468166112899791 0.74828058481216442 0.94999077916145336 -0.48236253857612604 -0.32558940351009363 -0.21740769594907758 -0.62540355324745167 1.0000000180025095e-35 1.7102841138839724 -0.3708945289254188 0.15558160841464999 0.11512701585888864 -0.076428014785051332 -1.5341436266899107 1.4938753843307497 -0.98683676123619068 -0.87523943185806263 0.65393885970115673 0.65926316380500805 1.0776648521423342 -0.21816939860582349 -0.088270384818315492 0.1356468349695206 -0.51330083608627308 -0.24334353208541867
decision_type=2 2 2 2 2 2 2 2 2 2 2 2 2 2 2 2 2 2 2 2 2 2 2 2 2 2 2 2 2 2
left_child=1 3 -3 4 6 10 11 8 -8 -10 -6 12 14 18 15 -1 -14 -18 -13 20 -20 -22 25 24 -24 26 -23 -28 -27 -30
right_child=-2 2 -4 -5 5 -7 7 -9 9 -11 -12 13 16 -15 -16 -17 17 -19 19 -21 21 22 23 -25 -26 28 27 -29 29 -31
leaf_value=-0.00061147965172450515 0.00050374786774425408 9.3896823403026382e-05 -0.00088500056830842207 -0.00051862313691526652 0.00011073083102625486 -0.00032449683174490935 0.00043578616217322024 -0.00097531557106844127 -0.0010738857539445235 -0.00014298206613768178 0.0011003178672399372 -0.00063270323456811675 0.00039930606289999564 0.0010384534660261124 -0.0012175409842039582 0.00049805147224105898 0.00013231580468809939 -0.0010137370595475659 -0.00026357608039327874 -0.00053201404427034925 0.00091259164976820878 0.00050523456854697992 -0.00043578447459202089 -0.0008012818477582187 0.00075204940920230005 0.0009039118657043825 -0.00071376833098059128 0.00015570733795517729 -0.00015604370782966727 0.00042541948329244406
leaf_weight=41 23 21 23 25 24 20 36 27 20 88 30 23 66 20 23 20 29 20 63 26 35 39 22 25 20 30 35 34 40 128
leaf_count=41 23 21 23 25 24 20 36 27 20 88 30 23 66 20 23 20 29 20 63 26 35 39 22 25 20 30 35 34 40 128
internal_value=5.44809e-13 -1.1003e-05 -0.0004178 6.73635e-06 2.00839e-05 0.000394286 -1.03457e-05 -0.000261435 -0.000127582 -0.000315372 0.000660501 4.77548e-05 -0.000166816 0.000126828 -0.000513251 -0.000247699 8.62315e-05 -0.000335461 9.17657e-05 0.000125292 0.000161577 0.000227225 0.000162915 -0.000217587 0.000129851 0.000246227 1.50982e-07 -0.000285331 0.000380451 0.000286976
internal_weight=1076 1053 44 1009 984 74 910 171 144 108 54 739 199 540 84 61 115 49 520 497 471 408 373 67 42 306 108 69 198 168
internal_count=1076 1053 44 1009 984 74 910 171 144 108 54 739 199 540 84 61 115 49 520 497 471 408 373 67 42 306 108 69 198 168
is_linear=0
shrinkage=0.05


Tree=135
num_leaves=31
num_cat=0
split_feature=57 57 47 34 45 22 54 63 65 71 21 34 30 43 58 35 41 37 69 37 14 69 53 54 1 16 45 64 54 49
split_gain=0.00236358 0.0049349 0.00344341 0.00419577 0.00346523 0.00698421 0.00840721 0.00354074 0.00577788 0.00320926 0.00600151 0.00618685 0.00709582 0.00540283 0.0047411 0.0044909 0.006814 0.00593871 0.00575804 0.00598237 0.0104912 0.00600755 0.00577669 0.00567316 0.00562133 0.0088536 0.00659531 0.00468257 0.00371945 0.00365773
threshold=2.2939158678054814 1.8170149326324465 1.8312059044837954 1.8908958435058596 1.0640305280685427 0.62177249789237987 0.21134401857852939 -1.8579882979393003 -1.6342528462409971 0.83917221426963817 0.63529661297798168 0.34601664543151861 -0.32122804224491114 -0.14758782833814618 1.6440450549125674 -1.1295195221900938 -0.62399852275848378 -1.1329170465469358 0.22969469428062442 -0.20683845132589337 0.59315156936645519 -0.6626712679862975 0.63306686282157909 -0.042948620393872254 0.15058038383722308 -0.41866837441921229 0.17475543916225436 0.39157080650329595 -0.2996633499860763 -0.90452808141708363
decision_type=2 2 2 2 2 2 2 2 2 2 2 2 2 2 2 2 2 2 2 2 2 2 2 2 2 2 2 2 2 2
left_child=1 2 3 4 7 6 -6 -1 -9 10 14 12 13 -12 15 16 23 -17 19 20 27 -21 -23 -10 25 -20 -26 28 -19 -11
right_child=-2 -3 -4 -5 5 -7 -8 8 9 29 11 -13 -14 -15 -16 17 -18 18 24 21 -22 22 -24 -25 26 -27 -28 -29 -30 -31
leaf_value=-0.00059210217104582296 0.00053847524686716501 -0.0006651280852955617 -0.00051132039253359602 0.00054624824882233268 9.9444173937603746e-05 -0.00032389272428190452 0.0012350356023359513 0.00078920718938620257 0.00063057121720207351 0.00076410499926747762 -0.00077346512822529169 0.00022155419915336475 -0.0012129465609177716 0.00022679691707404951 -0.00076669008791213861 -0.00063011043806536461 0.0010952679154402375 0.00089619418769143532 -0.001450886345368677 -0.00045145361977379906 -0.00043189965411632634 0.00038491965087814609 -0.00039956410437298474 -0.00047033477155491716 0.00043983928331900164 -0.00012964200277565396 -0.00048243269088238275 0.001345667469771191 -6.4340508764698391e-06 7.2212549867282219e-05
leaf_weight=27 20 28 31 37 39 32 28 22 22 22 27 29 32 27 20 39 23 25 21 56 24 88 32 25 42 32 36 24 21 145
leaf_count=27 20 28 31 37 39 32 28 22 22 22 27 29 32 27 20 39 23 25 21 56 24 88 32 25 42 32 36 24 21 145
internal_value=2.10444e-12 -1.01984e-05 7.64016e-06 2.37763e-05 3.63941e-06 0.000283785 0.00057402 -2.85725e-05 -1.03287e-05 -3.1991e-05 -8.25703e-05 -0.000409994 -0.000622957 -0.000273334 -1.15256e-05 1.80886e-05 0.000390077 -4.10912e-05 1.61949e-05 0.000148169 0.000470215 -2.38325e-05 0.000175724 4.49829e-05 -0.000255813 -0.000653154 1.41753e-05 0.000779511 0.000484125 0.00016336
internal_weight=1076 1056 1028 997 960 99 67 861 834 812 645 115 86 54 530 510 70 440 401 270 94 176 120 47 131 53 78 70 46 167
internal_count=1076 1056 1028 997 960 99 67 861 834 812 645 115 86 54 530 510 70 440 401 270 94 176 120 47 131 53 78 70 46 167
is_linear=0
shrinkage=0.05


Tree=136
num_leaves=31
num_cat=0
split_feature=29 11 31 61 34 53 32 70 2 35 39 1 35 63 50 33 43 68 47 49 68 58 65 63 39 1 39 62 13 30
split_gain=0.00232075 0.00347602 0.00340486 0.00730058 0.00331646 0.00596987 0.00377265 0.00343167 0.00532774 0.00717855 0.00437032 0.00524465 0.00443373 0.00586161 0.00456745 0.00765237 0.00624055 0.00505178 0.00430513 0.00800754 0.00523831 0.00506331 0.00497848 0.00456441 0.00590579 0.00546235 0.00517967 0.00450638 0.00423506 0.00408804
threshold=-2.0698031187057491 -1.3271503448486326 -1.6035736203193662 -0.56180813908576954 -1.4851535558700559 1.9823623895645144 -1.2909055352210996 1.0928681492805483 0.48849408328533178 -0.47555927932262415 -1.4481225013732908 -0.71707135438919056 -0.98939299583435047 -0.095855601131916032 0.81024563312530529 0.035185182467103011 0.31854861974716192 1.4003748893737795 0.019722894765436653 0.12997692823410037 0.92080396413803112 0.3518554568290711 0.033854778856039054 0.07479479163885118 -0.43924278020858759 0.46093967556953436 -0.52995753288269032 0.79522418975830089 -0.59745863080024708 0.40564182400703436
decision_type=2 2 2 2 2 2 2 2 2 2 2 2 2 2 2 2 2 2 2 2 2 2 2 2 2 2 2 2 2 2
left_child=1 -1 3 -2 -4 6 -6 10 9 -9 11 -8 13 -12 17 -16 -17 18 19 23 27 22 -21 24 -14 -26 -25 29 -22 -20
right_child=2 -3 4 -5 5 -7 7 8 -10 -11 12 -13 14 -15 15 16 -18 -19 20 21 28 -23 -24 26 25 -27 -28 -29 -30 -31
leaf_value=-9.2397985863499347e-05 6.2799409726832181e-05 0.00083980625204276298 0.00056400544949260971 -0.0011297568956728182 -0.00055097521539649056 -0.00084204472645762422 -1.2519105948740617e-05 0.00010706355548647576 0.00047864611302954818 -0.00080864711982977339 -0.0009186626160819153 0.0011188266676894966 -0.00034289289592536457 0.00015526759719553714 0.0010398171249107692 -0.00054293771245284006 0.00056516243332427828 -0.00056025443806512545 6.5438125418062389e-05 -0.0014555203988857101 0.00015038723824545742 8.8608440128155061e-05 -0.00039714555838145322 0.00049846548682580766 0.00072756464355587655 -0.00017464923717931886 -0.00041844754212895589 -0.00033461424258979494 0.001135544414864853 0.00054049019839317962
leaf_weight=20 33 20 26 21 29 21 20 38 21 49 27 21 29 24 31 24 27 35 168 20 20 20 25 20 62 23 67 49 24 62
leaf_count=20 33 20 26 21 29 21 20 38 21 49 27 21 29 24 31 24 27 35 168 20 20 20 25 20 62 23 67 49 24 62
internal_value=4.83724e-13 0.000373704 -1.44287e-05 -0.000400972 6.82724e-06 -8.32614e-06 1.03991e-05 2.8368e-05 -0.000236146 -0.000408682 6.41669e-05 0.000566951 3.69355e-05 -0.000413284 6.94584e-05 0.000420283 4.37035e-05 2.33565e-05 5.80362e-05 -9.09225e-05 0.000180708 -0.000573337 -0.000867534 6.50821e-05 0.00027323 0.000483436 -0.000207663 0.000100745 0.000687746 0.000193496
internal_weight=1076 40 1036 54 982 956 935 906 108 87 798 41 757 51 706 82 51 624 589 266 323 65 45 201 114 85 87 279 44 230
internal_count=1076 40 1036 54 982 956 935 906 108 87 798 41 757 51 706 82 51 624 589 266 323 65 45 201 114 85 87 279 44 230
is_linear=0
shrinkage=0.05


Tree=137
num_leaves=31
num_cat=0
split_feature=22 30 13 70 28 40 43 10 25 32 32 12 35 72 21 31 27 13 73 69 31 18 69 19 19 28 32 73 47 42
split_gain=0.0022674 0.00329056 0.00615871 0.00456926 0.00352796 0.00694821 0.00537234 0.0123557 0.00542846 0.00422128 0.00674316 0.00664026 0.00523789 0.00378786 0.00566013 0.00494738 0.00464672 0.00460764 0.00921983 0.0063818 0.00458491 0.00643068 0.00452341 0.00835065 0.00565184 0.00493513 0.00450803 0.00438156 0.00401417 0.00397119
threshold=2.4991457462310795 1.5275480151176455 0.089549019932746901 -0.1990607678890228 0.66418850421905529 0.11459748446941377 0.10204716771841051 0.13053964823484424 -0.029719203710556027 0.73465317487716686 1.0279335379600527 1.8327422738075259 1.3137840628623965 0.95324134826660167 0.60567161440849315 -0.50562429428100575 0.65722841024398815 0.76364088058471691 -1.2294685840606687 0.56529524922370922 0.39023439586162573 -0.15236600488424298 0.1247362829744816 0.67789995670318615 0.31547908484935766 -0.096138197928667055 -0.36358679831027979 0.48844070732593542 -0.024974199011921879 -0.5471978187561034
decision_type=2 2 2 2 2 2 2 2 2 2 2 2 2 2 2 2 2 2 2 2 2 2 2 2 2 2 2 2 2 2
left_child=1 4 3 -3 9 -6 8 -8 -7 11 -11 12 13 14 17 -15 -17 18 -1 26 21 -16 -20 24 25 27 -19 28 -24 -22
right_child=-2 2 -4 -5 5 6 7 -9 -10 10 -12 -13 -14 15 20 16 -18 19 22 -21 29 -23 23 -25 -26 -27 -28 -29 -30 -31
leaf_value=0.0011443726287689059 -0.00052740539918886501 -0.00054077457549283291 0.0010827859718119726 0.00043489433366630695 0.00028066239186349173 -0.00035781788088463468 -0.00083761446818633495 0.00063491183441485573 -0.0013283830756408862 0.0009824879899026891 -4.8511962605906386e-05 0.00083237375239031798 -0.00072739867654700698 -0.00073980002397499786 -0.00016771302406564715 0.00033624840245859047 -0.00056876299381458564 -7.2547652315632955e-05 0.00032967541125569359 0.000410641380949528 0.00043329407520727007 -0.0011018533082851382 0.00027569120033876972 0.00066216710362244739 -0.00087263097132866594 -0.0006599588510580361 -0.00090244328661356118 0.00065898783774442839 -0.0006746711675077677 -0.00027214436635230888
leaf_weight=25 20 20 20 30 48 34 28 29 25 29 35 23 26 38 58 37 23 36 166 32 38 27 25 33 27 25 30 27 20 42
leaf_count=25 20 20 20 30 48 34 28 29 25 29 35 23 26 38 58 37 23 36 166 32 38 27 25 33 27 25 30 27 20 42
internal_value=-1.01752e-12 9.98874e-06 0.000341244 4.46268e-05 -1.35283e-05 -0.00022527 -0.000434622 -8.84344e-05 -0.000769074 2.8717e-05 0.00041866 -4.2069e-06 -3.03856e-05 -4.82519e-06 4.14594e-05 -0.000293395 -1.06726e-05 0.000134022 0.000219306 -0.000168821 -0.000208741 -0.00046444 0.000147706 -4.4694e-05 -0.00023281 -5.47159e-05 -0.000449773 0.000155438 -0.000146692 6.29389e-05
internal_weight=1076 1056 70 50 986 164 116 57 59 822 64 758 735 709 611 98 60 446 348 98 165 85 323 157 124 97 66 72 45 80
internal_count=1076 1056 70 50 986 164 116 57 59 822 64 758 735 709 611 98 60 446 348 98 165 85 323 157 124 97 66 72 45 80
is_linear=0
shrinkage=0.05


Tree=138
num_leaves=31
num_cat=0
split_feature=17 23 75 56 71 34 36 36 36 19 50 19 62 46 21 72 40 40 42 72 1 26 3 2 22 69 65 65 41 66
split_gain=0.00222837 0.0036821 0.00511931 0.00431591 0.00342988 0.00411936 0.00528101 0.0046651 0.00744875 0.00612449 0.0049026 0.00468616 0.003824 0.00721242 0.00456003 0.00390395 0.00332891 0.0040402 0.00466136 0.00569136 0.00457125 0.0045185 0.00778457 0.00476749 0.0051155 0.0059443 0.00530104 0.00467567 0.0046608 0.00404441
threshold=-1.5751498341560362 -1.3487192392349241 1.0000000180025095e-35 1.6634446382522585 -1.6567835807800291 1.4893158078193667 1.254086494445801 0.88482660055160534 0.61506056785583507 0.74782499670982372 1.1925035119056704 -1.3956466317176817 -1.2452659606933592 -0.38586641848087305 -0.89788183569908131 0.90380975604057323 -1.3567567467689512 -0.05379210598766803 -0.031101725995540615 0.029802728444337848 0.49316579103469854 0.023804816417396072 0.63665640354156505 -0.19098947197198865 -0.70091086626052845 -0.13327375799417493 0.27723668515682226 0.74297934770584118 0.78587555885314953 -0.79754948616027821
decision_type=2 2 2 2 2 2 2 2 2 2 2 2 2 2 2 2 2 2 2 2 2 2 2 2 2 2 2 2 2 2
left_child=-1 2 -2 4 -3 6 7 8 10 -10 11 -6 13 -13 -14 16 -16 21 19 -19 -20 23 -23 24 26 -26 -18 28 29 -25
right_child=1 3 -4 -5 5 -7 -8 -9 9 -11 -12 12 14 -15 15 -17 17 18 20 -21 -22 22 -24 27 25 -27 -28 -29 -30 -31
leaf_value=0.00031001959345303479 -0.00070295895762514157 -0.00053539889437767367 0.00019679986219853164 0.0006317998785999846 0.00071885012928396465 0.00049153376215447977 -0.00060835945773255341 0.0005513884901455113 -0.0011390926920844672 8.9489112031601732e-06 -0.00069526874399541516 -0.00079695365578421251 0.00058808586572443975 0.00038728258397895842 0.00069301959814592495 -0.00028420797131151302 0.00053962997360421084 0.00012089721949450905 -0.00031401089301133262 0.0011988514487165959 0.00041128663229756063 -3.4745210960377443e-05 -0.0012091925722502528 0.0008216726671283445 0.00010174523115644909 -0.0009530390944907113 -0.00031875467159536773 0.00067532802441471786 -0.00062990254489704968 3.0520899703593127e-05
leaf_weight=55 43 30 25 27 25 42 36 38 26 21 23 36 38 20 21 88 35 24 42 25 45 43 21 21 22 34 37 43 20 70
leaf_count=55 43 30 25 27 25 42 36 38 26 21 23 36 38 20 21 88 35 24 42 25 45 43 21 21 22 34 37 43 20 70
internal_value=-9.60802e-13 -1.67004e-05 -0.000372165 8.66334e-06 -9.50587e-06 8.10215e-06 -1.56732e-05 1.04108e-05 -1.59445e-05 -0.000626138 2.31811e-05 4.64549e-05 2.19149e-05 -0.000374012 5.71644e-05 2.30273e-05 7.67782e-05 4.99295e-05 0.000280825 0.000670874 6.1143e-05 -4.08273e-05 -0.000420111 4.52512e-05 -0.000180248 -0.00053866 9.85156e-05 0.00023268 6.1203e-05 0.000213094
internal_weight=1076 1021 68 953 926 896 854 818 780 47 733 710 685 56 629 591 503 482 136 49 87 346 64 282 128 56 72 154 111 91
internal_count=1076 1021 68 953 926 896 854 818 780 47 733 710 685 56 629 591 503 482 136 49 87 346 64 282 128 56 72 154 111 91
is_linear=0
shrinkage=0.05


Tree=139
num_leaves=31
num_cat=0
split_feature=17 17 63 67 67 23 10 4 35 15 58 54 44 70 41 27 2 68 14 73 41 61 48 46 73 29 32 30 73 52
split_gain=0.00220357 0.00547202 0.00501039 0.00439282 0.00434898 0.00495039 0.0041226 0.00386917 0.00329375 0.00733593 0.00629689 0.00491317 0.0061694 0.00913293 0.00611121 0.00565511 0.00527726 0.00443541 0.0041942 0.00721124 0.00493513 0.00663263 0.00731131 0.00668351 0.00725196 0.00546878 0.00461245 0.00555401 0.00449399 0.00426942
threshold=1.2906085848808291 0.68618068099021923 -0.33442403376102442 -0.12563543021678922 0.97123160958290111 0.17995037138462069 -0.45286950469017023 0.069845911115407958 -0.26370210945606226 -0.85859632492065419 -0.026361231692135331 -0.042948620393872254 0.11185983568429948 0.43373160064220434 -0.47979520261287684 -1.1190065145492551 -0.83022406697273243 0.60638639330863964 -0.62000542879104603 -0.89421895146369923 1.1807464957237246 -0.066910892724990831 0.80750125646591198 -0.23034690320491788 0.88985896110534679 0.55325758457183849 -0.31451398134231562 -0.60786232352256764 0.26760688424110418 0.66587388515472423
decision_type=2 2 2 2 2 2 2 2 2 2 2 2 2 2 2 2 2 2 2 2 2 2 2 2 2 2 2 2 2 2
left_child=1 8 6 -4 5 -5 -3 -2 11 10 -10 12 15 -14 17 -1 -17 -13 26 -20 21 29 23 25 28 -23 27 -11 -25 -21
right_child=7 2 3 4 -6 -7 -8 -9 9 18 -12 14 13 -15 -16 16 -18 -19 19 20 -22 22 -24 24 -26 -27 -28 -29 -30 -31
leaf_value=-0.00056968250178865019 4.2535911914176094e-05 -0.00023074378868014639 0.00052033192769158638 -3.7615281061417505e-06 0.00023952226038090885 -0.0010141638148558774 -0.001169220173789654 0.00079710585009509132 -0.00013635693785545301 0.00031209026597428459 -0.0012817177733051638 -0.00064398494407911101 0.001594718991889915 0.00016974785628364139 0.000284918724994499 0.00094194474909454595 6.5764979425646169e-06 0.00015096453259632524 -0.00084226572452562637 0.00049597039147843862 0.0003982017870494646 -0.00039216067715365765 0.00057837326561899064 -0.0008324012189184556 -0.0015603867058234756 0.00052658515737857674 0.00064336699307086364 -0.00037900177374704865 6.680874260685718e-05 -0.00024921992273824612
leaf_weight=21 65 22 22 22 26 27 25 23 28 79 21 47 22 23 78 25 38 28 29 57 58 46 21 33 20 25 46 46 24 29
leaf_count=21 65 22 22 22 26 27 25 23 28 79 21 47 22 23 78 25 38 28 29 57 58 46 21 33 20 25 46 46 24 29
internal_value=4.46295e-14 -2.13545e-05 -0.00030623 -0.000100931 -0.000283168 -0.000560514 -0.000729933 0.000239753 2.72499e-05 -4.27183e-05 -0.000627226 0.00016669 0.000393978 0.0008664 -2.49453e-05 0.000140895 0.000377754 -0.000347204 1.31118e-05 -8.79812e-05 -1.80954e-05 -0.000112783 -0.000294689 -0.00041857 -0.000741215 -6.86586e-05 0.000215298 5.77684e-05 -0.000453786 0.000244685
internal_weight=1076 988 144 97 75 49 47 88 844 562 49 282 129 45 153 84 63 75 513 342 313 255 169 148 77 71 171 125 57 86
internal_count=1076 988 144 97 75 49 47 88 844 562 49 282 129 45 153 84 63 75 513 342 313 255 169 148 77 71 171 125 57 86
is_linear=0
shrinkage=0.05


Tree=140
num_leaves=31
num_cat=0
split_feature=4 45 45 19 10 55 0 30 70 36 70 19 49 67 45 39 20 49 42 67 5 3 28 62 43 6 60 41 59 71
split_gain=0.00210813 0.00300463 0.00704964 0.00687256 0.00400964 0.002977 0.00763274 0.00591158 0.00556983 0.00469684 0.00524146 0.00910162 0.00436163 0.0102904 0.00462372 0.00774615 0.00376883 0.00460237 0.004077 0.00377076 0.00569942 0.00734522 0.00498808 0.00418401 0.00478419 0.00531936 0.00469747 0.00417152 0.00399169 0.00405021
threshold=2.2169686555862431 1.3750964999198916 1.1360871195793154 -0.11596014723181723 2.0551315546035771 -0.62540355324745167 1.0000000180025095e-35 0.74861419200897228 -0.40037423372268671 0.26965351402759558 1.034606456756592 -0.10038350522518157 0.74828058481216442 -0.64879918098449696 0.24642580002546313 0.55927842855453502 1.0728784799575808 0.58890491724014293 0.31985600292682653 -0.37165835499763483 -1.4107728600502012 -0.96932303905487049 -0.66718110442161549 -0.95026594400405873 0.94008669257164013 -0.43624471127986902 0.14632669836282733 -0.32436437904834742 -0.96090200543403614 -0.56197690963745106
decision_type=2 2 2 2 2 2 2 2 2 2 2 2 2 2 2 2 2 2 2 2 2 2 2 2 2 2 2 2 2 2
left_child=1 2 4 -3 5 6 7 8 -1 10 11 -8 16 -14 -15 -16 17 19 -18 20 -7 -22 -23 -21 25 26 27 -25 -24 -30
right_child=-2 3 -4 -5 -6 12 9 -9 -10 -11 -12 -13 13 14 15 -17 18 -19 -20 23 21 22 28 24 -26 -27 -28 -29 29 -31
leaf_value=-0.00087874622808562387 0.00047354668723014387 0.00021136141919170416 0.00064550846189030426 -0.00080426614990250934 -0.00071694611455313867 -0.00037747010320648164 -0.00040185712797038666 -0.0012553076319454706 3.5535929645499531e-06 0.000415019725533355 -0.00086865871067857373 0.00090140817947463982 -0.0012458372037508526 0.00041058834758587185 -0.00072568630978533228 0.00024624614814500802 0.00097590519985533324 0.00081111504143336797 0.00015375983279418987 -0.00054145041098081499 0.0012679265290353216 0.00078841025616774069 -0.00059850774996448317 -0.00041301568382464001 -0.00071750746685124585 -9.8694600325679969e-05 0.00098281174177827779 0.00046106391311742564 -0.00033620309608522808 0.00056050483221015916
leaf_weight=27 23 31 42 36 20 30 37 20 53 61 20 21 20 41 41 41 25 20 38 40 20 28 20 21 21 162 24 39 20 34
leaf_count=27 23 31 42 36 20 30 37 20 53 61 20 21 20 41 41 41 25 20 38 40 20 28 20 21 21 162 24 39 20 34
internal_value=7.7176e-13 -1.03434e-05 1.16732e-05 -0.000334349 -1.65271e-05 -1.36648e-06 -0.000153306 -0.00048644 -0.000294223 8.63589e-05 -0.000170671 7.00148e-05 5.16459e-05 -0.000193984 -2.29506e-05 -0.00023972 0.000116452 6.86359e-05 0.000480008 3.62839e-05 0.000239953 0.000391778 0.000219985 -6.45555e-05 6.88937e-06 6.87281e-05 0.000391615 0.000155136 4.90469e-06 0.000228391
internal_weight=1076 1053 986 67 944 924 239 100 80 139 78 58 685 143 123 82 542 479 63 459 152 122 102 307 267 246 84 60 74 54
internal_count=1076 1053 986 67 944 924 239 100 80 139 78 58 685 143 123 82 542 479 63 459 152 122 102 307 267 246 84 60 74 54
is_linear=0
shrinkage=0.05


Tree=141
num_leaves=31
num_cat=0
split_feature=29 64 63 27 34 53 53 69 51 39 65 48 8 47 73 49 23 69 59 9 23 57 21 67 43 63 47 42 62 49
split_gain=0.00200374 0.003179 0.00363486 0.00436047 0.00494514 0.00406653 0.00357794 0.00440501 0.00609886 0.00504366 0.00553003 0.00414516 0.00570501 0.00490837 0.00452955 0.00743432 0.00461172 0.00460468 0.00572221 0.00545385 0.00456187 0.00441077 0.00425034 0.00417009 0.00556365 0.00525631 0.00533239 0.00519121 0.0076159 0.00449757
threshold=-2.0698031187057491 -1.4750053882598875 -1.4549516439437864 -1.652854263782501 -1.4851535558700559 -1.6117731928825376 1.884780287742615 -0.78856623172759999 -1.1702676415443418 -0.19585152715444562 -0.67300227284431446 0.84463146328926098 2.0283676385879521 0.42189966142177587 0.95668870210647594 -0.4807318896055221 0.14987266808748248 0.24027045816183093 0.81138294935226452 0.64453917741775524 0.58899277448654186 -0.69658562541007985 0.60567161440849315 -0.12563543021678922 -0.81355679035186756 0.20533092319965365 -0.11753101274371146 0.16305884718894961 -0.071404654532670961 0.44925983250141149
decision_type=2 2 2 2 2 2 2 2 2 2 2 2 2 2 2 2 2 2 2 2 2 2 2 2 2 2 2 2 2 2
left_child=-1 -2 -3 -4 -5 -6 7 8 -7 10 -10 12 14 -13 16 -16 17 22 19 -19 -17 -18 -9 29 -25 -26 -27 28 -28 -23
right_child=1 2 3 4 5 6 -8 11 9 -11 -12 13 -14 -15 15 20 21 18 -20 -21 -22 23 -24 24 25 26 27 -29 -30 -31
leaf_value=0.00034724392924545105 -0.00041077556921133393 0.00048541649383351842 -0.00060649227399456633 0.00078368856498855176 0.00069377702428027996 0.00041482432145410433 -0.00065686022121967246 0.00013232973548117023 -0.00063810025006508415 -0.00083544900534553059 0.00029986392650188827 7.3527186606569514e-06 -0.00075850496577913875 0.00083429191401913113 0.0010385036372032052 0.00051023435723133548 0.00067401486664875267 -0.00031486638042184969 0.00032480171294909353 -0.0011046035908293562 -0.00023434200078327195 6.0758685503969903e-05 -0.00065690699906554076 -0.00062029564578551803 0.00061963994704720179 -0.0006556951409121129 -0.00015260153616379417 -0.00042536773959000134 0.0011512307425922093 -0.00083429986386909154
leaf_weight=40 48 38 30 20 20 26 22 116 30 46 33 38 24 34 27 36 31 69 22 32 48 32 20 20 62 22 21 20 24 25
leaf_count=40 48 38 30 20 20 26 22 116 30 46 33 38 24 34 27 36 31 69 22 32 48 32 20 20 62 22 21 20 24 25
internal_value=-6.76373e-13 -1.34071e-05 5.89825e-06 -1.32825e-05 6.06132e-06 -1.12193e-05 -2.72419e-05 -1.10979e-05 -0.000273279 -0.000437414 -0.000146786 3.78572e-05 -1.95789e-06 0.000397852 2.70009e-05 0.000316753 -3.53296e-05 -0.000184229 -0.000405914 -0.00056508 8.47622e-05 0.000114729 1.62655e-05 3.80124e-05 0.000162746 0.000267852 1.71524e-05 0.000244885 0.000542776 -0.000331811
internal_weight=1076 1036 988 950 920 900 880 858 135 109 63 723 651 72 627 111 516 259 123 101 84 257 136 226 169 149 87 65 45 57
internal_count=1076 1036 988 950 920 900 880 858 135 109 63 723 651 72 627 111 516 259 123 101 84 257 136 226 169 149 87 65 45 57
is_linear=0
shrinkage=0.05


Tree=142
num_leaves=31
num_cat=0
split_feature=14 20 74 21 0 51 26 16 65 26 16 21 25 14 42 29 21 16 12 72 51 19 73 51 47 33 15 74 58 68
split_gain=0.00202077 0.00316102 0.00280265 0.0053833 0.00349507 0.00417339 0.00468923 0.00435783 0.00346936 0.0032924 0.00429237 0.00328064 0.00408277 0.00360175 0.0035776 0.00325424 0.00470895 0.00890695 0.00670437 0.0046077 0.00754071 0.00426105 0.00393844 0.00390788 0.00378717 0.00587324 0.00600992 0.00579533 0.00450773 0.00442786
threshold=2.1135067939758305 2.1796786785125737 -1.4306564331054685 -0.79179003834724415 -0.60506513714790333 0.85438764095306408 -0.93695461750030506 0.32846935093402868 1.0000000180025095e-35 1.0015733838081362 0.55134686827659618 0.35150685906410223 -0.33269564807415003 -0.35920119285583491 -0.4524818062782287 -1.6872664690017698 -0.46598362922668451 0.18417576700448993 -0.0069624348543584338 -0.5141141116619109 -0.85326525568962086 -0.52972292900085438 -0.25186134874820704 -0.32910551130771631 -0.012471523601561783 0.70177549123764049 -0.029418508522212502 0.84261015057563793 0.59563440084457409 0.27076287567615515
decision_type=2 2 2 2 2 2 2 2 2 2 2 2 2 2 2 2 2 2 2 2 2 2 2 2 2 2 2 2 2 2
left_child=1 2 3 -1 5 6 -4 -7 -5 10 11 12 -8 -13 -14 -6 17 21 -19 -18 -21 -17 -20 -22 27 29 -27 28 -25 -26
right_child=-2 -3 4 8 15 7 9 -9 -10 -11 -12 13 14 -15 -16 16 19 18 22 20 23 -23 -24 24 25 26 -28 -29 -30 -31
leaf_value=0.00027823541847413126 0.00035332930050432113 -0.00060623493019110446 0.00065846110650924061 -0.00011682917816949119 0.00046432582049390245 0.00010284741469409451 -0.0003600486799689901 0.0010990731808503725 -0.0009330511203734205 0.00045520611060965169 -0.00065010924480357699 0.00011701310175426659 1.0716002829472669e-05 -0.00082053629506845032 0.00078462108055532553 -0.00024094256700193692 0.00024946146078844427 0.00086723679552960689 0.00022885251036357311 -0.00067648956834826565 0.0003581855214208425 -0.0010289560022231723 -0.00075153857731493192 -0.00035856799497398445 0.00070305688775057886 0.00038016145865965101 -0.00066898963093244218 -0.0010533941654665838 0.00042393680778332057 -2.6894265117690616e-06
leaf_weight=28 39 22 31 23 31 21 23 23 30 32 29 21 28 20 32 29 143 20 21 47 62 42 20 63 43 21 39 21 26 46
leaf_count=28 39 22 31 23 31 21 23 23 30 32 29 21 28 20 32 29 143 20 21 47 62 42 20 63 43 21 39 21 26 46
internal_value=3.68531e-14 -1.32882e-05 -4.36132e-07 -0.000282568 2.40314e-05 0.00017976 8.93476e-05 0.000623602 -0.000578842 -6.01741e-06 -0.000102482 2.55916e-05 0.000206347 -0.000340328 0.000423465 -3.60419e-05 -6.01653e-05 -0.000326391 0.000116719 8.60529e-06 -8.49883e-05 -0.000707091 -0.000249387 1.61784e-06 -8.37381e-05 8.05405e-05 -0.000301787 -0.000306261 -0.000129971 0.000338289
internal_weight=1076 1037 1015 81 934 260 216 44 53 185 153 124 83 41 60 674 643 132 61 511 368 71 41 321 259 149 60 110 89 89
internal_count=1076 1037 1015 81 934 260 216 44 53 185 153 124 83 41 60 674 643 132 61 511 368 71 41 321 259 149 60 110 89 89
is_linear=0
shrinkage=0.05


Tree=143
num_leaves=31
num_cat=0
split_feature=70 19 16 34 52 73 62 69 69 68 41 74 16 14 15 34 14 22 17 67 9 7 1 50 70 73 0 29 72 62
split_gain=0.00202298 0.00264976 0.00280066 0.00363336 0.00500144 0.0041551 0.00446741 0.0105576 0.00689324 0.0046261 0.00448562 0.00392915 0.00387795 0.00481137 0.00642366 0.00381174 0.00487592 0.00392058 0.00343571 0.0032956 0.00340097 0.0056531 0.00484995 0.00700246 0.00589489 0.00501677 0.00454561 0.0041664 0.00377258 0.00469921
threshold=2.3200349807739262 -2.0420427322387691 -1.3146834373474119 -1.3852418661117551 -1.6754877567291258 -1.4010495543479917 0.72950744628906261 0.73009750247001659 -0.80122014880180348 0.55506768822669994 -1.3288599848747251 -0.9302457571029662 -1.1484221816062925 -0.98543712496757496 -0.35608810186386103 -0.26816152036190027 -0.42719326913356775 0.36832551658153539 -0.73785072565078724 1.757555425167084 0.7064422369003297 0.83534118533134472 0.6478639841079713 -0.59873411059379567 1.1703757643699648 1.423774838447571 -0.60506513714790333 0.3005987703800202 -0.39217065274715418 0.17914459109306338
decision_type=2 2 2 2 2 2 2 2 2 2 2 2 2 2 2 2 2 2 2 2 2 2 2 2 2 2 2 2 2 2
left_child=1 -1 -3 -4 -5 11 10 8 9 -8 -7 -6 -12 14 -14 -10 -17 -18 -19 20 21 22 24 -24 25 -15 -25 -23 -22 -30
right_child=-2 2 3 4 5 6 7 -9 15 -11 12 -13 13 19 -16 16 17 18 -20 -21 28 27 23 26 -26 -27 -28 -29 29 -31
leaf_value=0.0004983878858318484 -0.00049816897313576197 -0.00037630656386985117 0.00062248270781613735 -0.00059594317632111009 5.5747846986546559e-05 0.00054056668895807681 -0.00014581589057343082 -0.0012435865311999806 -0.00036460086476461801 -0.0011619912777470225 0.00069165097070037439 0.0009450688338129903 -0.0010350828437367455 8.3713187412412971e-05 -8.3703728309139988e-06 0.00094669659622013578 -0.00043141309019679633 0.00083699409500695768 1.9647392926142656e-05 0.00066313207692777121 0.00065276213746983563 -0.0010564773563168102 -0.00019158861726861109 0.0012508366609108635 -0.00082454136578598985 -0.00070255584458051175 0.00035634226247677772 -0.00019392285965815455 -0.0001995891343085532 0.00060346622873718543
leaf_weight=27 20 48 24 34 27 45 24 22 34 21 21 23 25 172 39 20 26 20 36 21 40 21 44 20 25 23 49 42 56 27
leaf_count=27 20 48 24 34 27 45 24 22 34 21 21 23 25 172 39 20 26 20 36 21 40 21 44 20 25 23 49 42 56 27
internal_value=2.57634e-13 9.43502e-06 -3.39465e-06 1.48518e-05 -3.86586e-07 2.15516e-05 -3.83696e-06 -0.000209322 -8.36102e-05 -0.000620031 5.84219e-05 0.000464836 2.37075e-05 4.84288e-07 -0.00040943 9.3882e-05 0.00024671 7.59811e-05 0.000311557 4.90667e-05 2.42201e-05 -4.71132e-05 3.50569e-05 0.000301306 -0.000101698 -9.02624e-06 0.000615616 -0.000481441 0.000253879 6.16457e-05
internal_weight=1076 1056 1029 981 957 923 873 203 181 45 670 50 625 604 64 136 102 82 56 540 519 396 333 113 220 195 69 63 123 83
internal_count=1076 1056 1029 981 957 923 873 203 181 45 670 50 625 604 64 136 102 82 56 540 519 396 333 113 220 195 69 63 123 83
is_linear=0
shrinkage=0.05


Tree=144
num_leaves=31
num_cat=0
split_feature=17 17 63 1 13 13 21 48 68 33 12 33 49 23 61 38 39 30 66 60 55 50 16 30 6 7 17 4 66 50
split_gain=0.00189962 0.00438173 0.00419727 0.00404938 0.00397611 0.00385927 0.00449439 0.00391382 0.00357452 0.00298313 0.00798935 0.00643352 0.00561403 0.00725006 0.00619891 0.00499895 0.00445033 0.00878188 0.00505375 0.00751318 0.00609677 0.00650718 0.00552892 0.00481583 0.00468791 0.00444895 0.004271 0.00412871 0.00501902 0.00638594
threshold=1.2906085848808291 0.68618068099021923 -0.33442403376102442 -1.0976322889328001 0.051713716238737113 0.8277730941772462 -0.016731583513319489 -0.21852850914001462 -0.2496850788593292 -0.13320743292570111 -0.67233139276504505 -0.31115981936454767 -0.61773186922073353 -0.87516814470291127 -0.59486898779869068 0.34467993676662451 0.4369018822908402 0.54677271842956554 -0.3553433865308761 0.19456841796636584 0.24623625725507739 0.049786262214183814 -0.11655127629637717 0.12460834160447122 0.3051432073116303 0.74960878491401683 -0.52074217796325672 0.32697667181491857 0.7599584460258485 -0.61407789587974537
decision_type=2 2 2 2 2 2 2 2 2 2 2 2 2 2 2 2 2 2 2 2 2 2 2 2 2 2 2 2 2 2
left_child=1 9 4 -2 -3 6 -4 -8 -5 10 11 -1 13 -12 -15 -14 17 27 23 22 21 -21 -20 25 -19 -18 -17 28 29 -11
right_child=3 2 5 8 -6 -7 7 -9 -10 16 12 -13 15 14 -16 26 18 24 19 20 -22 -23 -24 -25 -26 -27 -28 -29 -30 -31
leaf_value=-0.00048560325123379818 -0.0004028017690870911 -0.001174262919951053 0.00067788036804730927 5.4544055934197146e-05 -0.00024924120191896623 -0.00070566728594712914 -0.00049918781120568921 0.00036897753272482773 0.00077988566693172536 -0.00017585651929645488 -0.00065830430490417978 0.0004247782275477356 0.0008014049707223118 0.00080425790389805716 -0.00031580484425094692 0.0006437324129769372 -0.00038230264393720206 -0.0013177190232090653 -6.8717106784644887e-05 0.00039504456323232845 0.00063486357160044194 -0.00085108908442634858 -0.00098543710171662539 0.00080487409900453679 -0.00040933157635700642 0.00054266660232455115 -0.00021016191558373976 -0.00042103622998932707 -0.00050715281515671272 0.00050471532727829917
leaf_weight=69 20 21 22 35 26 20 34 21 33 60 28 27 72 30 21 27 26 20 38 22 46 20 29 41 49 26 32 51 29 81
leaf_count=69 20 21 22 35 26 20 34 21 33 60 28 27 72 30 21 27 26 20 38 22 46 20 29 41 49 26 32 51 29 81
internal_value=1.52957e-12 -1.98272e-05 -0.000274747 0.000222605 -0.000662549 -8.68437e-05 7.38897e-05 -0.000167706 0.000406548 2.36663e-05 0.000148309 -0.000229558 0.000321048 -1.18568e-05 0.000343056 0.000521807 -4.72269e-05 -0.000180212 0.000108279 -6.65549e-05 0.000237192 -0.000198352 -0.000465506 0.00039967 -0.000672632 8.0182e-05 0.000180603 -2.64694e-05 9.19007e-05 0.00021511
internal_weight=1076 988 144 88 47 97 77 55 68 844 306 96 210 79 51 131 538 290 248 155 88 42 67 93 69 52 59 221 170 141
internal_count=1076 988 144 88 47 97 77 55 68 844 306 96 210 79 51 131 538 290 248 155 88 42 67 93 69 52 59 221 170 141
is_linear=0
shrinkage=0.05


Tree=145
num_leaves=31
num_cat=0
split_feature=17 23 32 45 29 71 34 23 1 18 17 3 21 12 43 29 9 47 17 7 69 20 19 61 50 73 62 43 62 29
split_gain=0.00191337 0.00309906 0.00441614 0.00338267 0.00302451 0.00339928 0.00462862 0.0030179 0.00284598 0.00273226 0.00739845 0.00597934 0.00309085 0.00360519 0.00556124 0.00541658 0.00844035 0.0062751 0.0052967 0.00617354 0.00524083 0.00475339 0.00436364 0.00465006 0.00437104 0.00435086 0.00431359 0.00413709 0.00452599 0.00575502
threshold=-1.5751498341560362 -1.3487192392349241 -0.091456834226846681 1.7912449836730959 -1.809269845485687 -1.7975347042083738 1.4893158078193667 0.3807347714900971 -1.1638931035995481 1.1386963129043581 -0.35907097160816187 0.40739159286022192 1.6397618651390078 0.34763641655445104 0.57244694232940685 0.24014592915773394 -0.20563419908285138 -0.063597932457923875 0.48297068476676946 0.55670651793479931 -0.5795837640762328 0.30870082974433904 -1.2687987089157102 -1.2223407030105589 -0.08869521319866179 1.0797581076622011 -0.97283276915550221 0.38105015456676489 0.58620053529739391 -0.27231052517890925
decision_type=2 2 2 2 2 2 2 2 2 2 2 2 2 2 2 2 2 2 2 2 2 2 2 2 2 2 2 2 2 2
left_child=8 2 -2 4 -3 -6 9 -8 -1 12 -11 -12 13 14 22 16 17 -15 19 -17 -16 -22 -7 -24 25 26 -25 28 29 -28
right_child=1 3 -4 -5 5 6 7 -9 -10 10 11 -13 -14 15 20 18 -18 -19 -20 -21 21 -23 23 24 -26 -27 27 -29 -30 -31
leaf_value=-0.00012149762987974101 0.00017053864962340764 0.00060122829745523632 -0.00065861437996361588 -0.00061976076076028963 -0.00063671844167402015 0.00063697402252845719 0.00013787677984826427 0.00097768097999505698 0.0006037401609993991 0.00050311473896726968 -0.00021077768984608926 -0.0012741253574495206 -0.00054492755367866027 -9.9279863486747053e-05 -0.0010561183909885586 -0.00022781616176611614 -0.00052696759257530581 0.0010344972092317893 0.0012518995705613635 0.00079642761683053039 1.3239230417950033e-05 -0.00080352075631747984 -0.00072178070375230165 -0.00076234636001754552 0.00030309294324113237 0.00039048160586231543 0.00054478195695472611 0.00061648347909795123 -0.00062649953240332637 -0.00019215012154512006
leaf_weight=24 26 22 42 21 20 31 23 20 31 22 39 20 23 26 20 28 43 23 20 31 79 23 20 25 126 46 35 20 38 109
leaf_count=24 26 22 42 21 20 31 23 20 31 22 39 20 23 26 20 28 43 23 20 31 79 23 20 25 126 46 35 20 38 109
internal_value=3.30157e-13 -1.5475e-05 -0.000341585 7.79412e-06 2.19343e-05 7.9294e-06 2.24159e-05 0.000528483 0.000287273 -3.27587e-06 -0.000279436 -0.000571235 2.59264e-05 4.35976e-05 -1.66223e-05 0.000245035 -1.57331e-05 0.000432901 0.000548714 0.000310346 -0.000316045 -0.000170932 6.45544e-05 2.22035e-05 5.9496e-05 -5.29334e-05 -0.000142788 -6.61104e-05 -0.000141121 -1.30347e-05
internal_weight=1076 1021 68 953 932 910 890 43 55 847 81 59 766 743 572 171 92 49 79 59 122 102 450 419 399 273 227 202 182 144
internal_count=1076 1021 68 953 932 910 890 43 55 847 81 59 766 743 572 171 92 49 79 59 122 102 450 419 399 273 227 202 182 144
is_linear=0
shrinkage=0.05


Tree=146
num_leaves=31
num_cat=0
split_feature=22 34 44 67 61 33 44 61 29 39 45 56 39 41 60 43 4 31 41 16 41 17 41 14 20 23 25 54 21 30
split_gain=0.00185785 0.00246553 0.00638976 0.00559093 0.00609991 0.00604392 0.00543072 0.00487318 0.00291925 0.00298859 0.00464755 0.00439276 0.00352479 0.00465721 0.00664085 0.0055477 0.00535382 0.00514818 0.00495642 0.00383756 0.00364119 0.00379914 0.00441434 0.00548739 0.00475744 0.00535994 0.00465982 0.0066621 0.00462655 0.00438721
threshold=2.4991457462310795 0.92759153246879589 1.7410651445388796 -0.031122577376663681 -0.047171397134661668 0.41906099021434789 1.809983015060425 0.72394967079162609 -2.0698031187057491 1.5433806777000429 1.1360871195793154 0.40206249058246618 0.81390506029129039 0.58569839596748363 0.23395811766386035 0.47780920565128332 0.14516088366508487 -1.6035736203193662 0.95695465803146373 -0.40915276110172266 0.34587952494621282 1.3162944316864016 -1.3288599848747251 -0.15888109058141706 -0.17940852791070935 -0.60612553358077992 0.57378706336021434 0.42118382453918463 -0.231701485812664 -0.081856749951839433
decision_type=2 2 2 2 2 2 2 2 2 2 2 2 2 2 2 2 2 2 2 2 2 2 2 2 2 2 2 2 2 2
left_child=1 2 8 5 -5 6 -3 -6 -1 10 12 -12 13 15 19 17 -17 -10 -16 -15 21 22 23 -19 25 -24 27 28 -26 -27
right_child=-2 3 -4 4 7 -7 -8 -9 9 -11 11 -13 -14 14 18 16 -18 20 -20 -21 -22 -23 24 -25 26 29 -28 -29 -30 -31
leaf_value=0.00056622248732971707 -0.00047740391753904989 -9.8109101889683504e-05 -0.00088502711760589771 0.0012015954504022376 -0.00032489944953175093 -0.00072211488163884509 0.00087960090051637969 0.00075348701910115789 -0.00053590835404715377 -0.00046297320877783935 0.00013230517129572531 0.0010259957325979485 0.00026712061956239832 -0.00043340294046331491 -0.0013122649009649954 -0.0001244648483407218 -0.0010522479125622498 0.001072387120075291 -0.00031583473252025075 0.00036072182610951136 0.00050524014138015152 0.00048862371484066777 -0.00079759517153861991 -7.1942830585281959e-05 0.00087398089829851728 1.5486799911880254e-05 0.00072389156126080026 -0.00050195505117209488 -4.4377401263773211e-05 -0.00067403551163027137
leaf_weight=22 20 49 21 23 22 25 20 20 35 36 44 20 87 29 24 48 23 20 26 32 48 43 34 22 24 131 29 39 32 28
leaf_count=22 20 49 21 23 22 25 20 20 35 36 44 20 87 29 24 48 23 20 26 32 48 43 34 22 24 131 29 39 32 28
internal_value=9.1034e-13 9.04174e-06 -2.31242e-05 0.000190506 0.000547056 -5.60447e-05 0.000185285 0.000188618 -2.4621e-06 -1.71121e-05 2.5102e-06 0.000411583 -3.22122e-05 -7.12556e-05 -0.000366952 -1.22227e-05 -0.000425014 4.82065e-05 -0.000794121 -1.68129e-05 9.36377e-05 4.44911e-05 -8.70581e-06 0.000472976 -7.25249e-05 -0.000227785 0.00016913 -2.18761e-07 0.000349205 -0.000105939
internal_weight=1076 1056 897 159 65 94 69 42 876 854 818 64 754 667 111 556 71 485 50 61 450 402 359 42 317 193 124 95 56 159
internal_count=1076 1056 897 159 65 94 69 42 876 854 818 64 754 667 111 556 71 485 50 61 450 402 359 42 317 193 124 95 56 159
is_linear=0
shrinkage=0.05


Tree=147
num_leaves=31
num_cat=0
split_feature=4 45 45 19 10 23 23 8 45 6 13 49 31 4 64 6 70 26 19 49 20 68 54 61 10 5 45 17 69 9
split_gain=0.00180546 0.00252491 0.00567099 0.00560245 0.00338147 0.0024663 0.00447793 0.00407053 0.00302628 0.00702329 0.00485733 0.00549846 0.00416505 0.00386636 0.00557488 0.00404187 0.00433746 0.00669544 0.00397784 0.00466868 0.00404999 0.00509998 0.00566546 0.00379255 0.00378552 0.00400908 0.00354035 0.00415389 0.00747675 0.00454444
threshold=2.2169686555862431 1.3750964999198916 1.146797299385071 -0.11596014723181723 2.0551315546035771 -2.3471097946166988 -1.3176247477531431 -0.1111105941236019 0.23783035576343539 -0.91933611035346974 -0.53963062167167652 0.9963151514530183 0.24037935584783557 0.83489614725112926 -0.38054843246936793 0.98687517642974865 -0.028585315681993958 -1.0653789043426511 0.2630451768636704 0.46874374151229864 -0.34189812839031214 -0.76051202416419972 0.30755203962326055 0.59362518787384044 0.37105721235275274 1.0624042749404909 -1.0543516874313352 -0.66869616508483876 -0.24212934821844098 -0.98490899801254261
decision_type=2 2 2 2 2 2 2 2 2 2 2 2 2 2 2 2 2 2 2 2 2 2 2 2 2 2 2 2 2 2
left_child=1 2 4 -3 5 -1 7 -7 13 -10 11 24 -12 15 -15 16 18 -18 19 20 21 -8 -23 -14 -11 -26 -19 -28 -29 -30
right_child=-2 3 -4 -5 -6 6 8 -9 9 10 12 -13 23 14 -16 -17 17 26 -20 -21 -22 22 -24 -25 25 -27 27 28 29 -31
leaf_value=0.00054968631680822003 0.00043823544806598322 0.00018612233013094915 0.00060953696753897118 -0.00073086687318411555 -0.0006566434109117836 -9.7517480095294081e-05 -0.00097201862779911603 -0.00089356446386196133 -0.00086179264947402003 0.00028690297442067063 -0.00011582983281417474 -0.00080435696932802203 0.00076211296620432489 0.0011230551250004542 0.00012917507444589596 -0.00065430222733994011 0.00094079771214247959 -0.0003122177819769161 -0.00038204347735948185 0.00064328978707115837 0.00038218333338591037 0.00039334026946415823 -0.00068604557833168661 6.4815370084640256e-05 -0.00081458239186152554 0.00013140046402917332 -0.00026888686171938994 0.00081960585347248946 0.00074106749380007395 -0.00010601142765536727
leaf_weight=20 23 31 38 36 20 42 20 26 28 42 71 34 39 21 43 20 28 39 77 28 32 31 20 39 24 21 36 51 20 76
leaf_count=20 23 31 38 36 20 42 20 26 28 42 71 34 39 21 43 20 28 39 77 28 32 31 20 39 24 21 36 51 20 76
internal_value=-3.19993e-13 -9.57209e-06 1.06105e-05 -0.000306588 -1.33971e-05 4.66016e-07 -1.16313e-05 -0.000401888 1.99609e-05 -0.000108029 -2.98611e-05 -0.000265197 0.00016125 9.03318e-05 0.000455292 4.14668e-05 7.18498e-05 0.000212201 -9.68418e-05 7.07958e-05 -8.48337e-05 -0.00029532 -2.99483e-05 0.000413464 -5.44901e-05 -0.000373124 0.000120306 0.000212483 0.00033037 7.04633e-05
internal_weight=1076 1053 986 67 948 928 908 68 840 298 270 121 149 542 64 478 458 250 208 131 103 71 51 78 87 45 222 183 147 96
internal_count=1076 1053 986 67 948 928 908 68 840 298 270 121 149 542 64 478 458 250 208 131 103 71 51 78 87 45 222 183 147 96
is_linear=0
shrinkage=0.05


Tree=148
num_leaves=31
num_cat=0
split_feature=57 57 47 34 28 40 28 43 10 43 38 38 64 33 73 34 46 66 68 47 42 69 75 73 38 27 12 69 52 2
split_gain=0.0016689 0.00334819 0.00260655 0.00265464 0.00253052 0.00646588 0.00736876 0.00469022 0.00423622 0.00528827 0.00303079 0.00614289 0.00533448 0.00361356 0.00309096 0.00429565 0.00329308 0.00638543 0.00551314 0.00516808 0.00430654 0.00388393 0.00499187 0.0045701 0.00385879 0.00363316 0.0042305 0.00352809 0.00428765 0.00486612
threshold=2.2939158678054814 1.8170149326324465 1.8312059044837954 1.8908958435058596 0.70487713813781749 0.11459748446941377 0.94010984897613536 0.098009891808033003 0.16021986305713656 0.15945670753717425 0.57508221268653881 0.45150071382522589 0.090565368533134474 -0.49054133892059321 0.95668870210647594 -0.2003185227513313 -0.19525610655546186 -0.10909540206193923 1.2289382219314577 0.60652378201484691 0.1861013472080231 -0.51799547672271717 1.0000000180025095e-35 -0.81972396373748768 -0.11830165237188338 -0.45684519410133356 -0.5960865020751952 0.49303029477596289 0.53097692131996166 0.16940035670995715
decision_type=2 2 2 2 2 2 2 2 2 2 2 2 2 2 2 2 2 2 2 2 2 2 2 2 2 2 2 2 2 2
left_child=1 2 3 4 10 7 -7 -6 -8 -10 11 14 13 -12 16 -16 18 19 20 24 21 22 -1 -23 -18 26 -25 28 29 -19
right_child=-2 -3 -4 -5 5 6 8 -9 9 -11 12 -13 -14 -15 15 -17 17 27 -20 -21 -22 23 -24 25 -26 -27 -28 -29 -30 -31
leaf_value=-0.0002241824653797916 0.00045247611007653176 -0.00054803150514349652 -0.00044539187684647678 0.00043574779305640115 0.00081210219068452718 -0.0011523000544305737 -0.00062356703180258216 -0.00015720034582325472 -0.00035411565905258828 0.00056497541713881601 -0.0005502823312417605 -0.00079619621847877684 0.00074470530135386072 0.00033644374106424276 0.00010724290667141797 0.00083423497473212108 0.0011981151171942027 -0.00015224747243337334 -0.00091624648834113035 -0.00011334973899647594 -0.00077155806192422463 0.00060984342167752666 0.00076791603860328907 -0.0010830177188230058 0.00037214244141303482 -6.8140938839870234e-05 -6.6925412102136758e-05 0.00046154537424445151 0.00011944769524874304 -0.0011299204087117686
leaf_weight=21 20 28 31 37 24 24 34 26 34 29 20 23 40 27 93 26 26 35 20 25 20 21 32 21 31 189 20 25 54 20
leaf_count=21 20 28 31 37 24 24 34 26 34 29 20 23 40 27 93 26 26 35 20 25 20 21 32 21 31 189 20 25 54 20
internal_value=1.07973e-12 -8.56962e-06 6.12389e-06 2.0163e-05 4.14567e-06 -0.000170227 -0.000367869 0.000308065 -0.000173783 6.8958e-05 4.19375e-05 7.439e-06 0.000320305 -4.08865e-05 3.46608e-05 0.000266082 -1.45161e-05 0.000138497 -0.000110594 0.00048602 -6.08626e-05 -1.41063e-05 0.00037482 -9.62303e-05 0.000748902 -0.000160698 -0.000587363 -7.41661e-05 -0.000197036 -0.000507765
internal_weight=1076 1056 1028 997 960 171 121 50 97 63 789 702 87 47 679 119 560 216 344 82 324 304 53 251 57 230 41 134 109 55
internal_count=1076 1056 1028 997 960 171 121 50 97 63 789 702 87 47 679 119 560 216 344 82 324 304 53 251 57 230 41 134 109 55
is_linear=0
shrinkage=0.05


Tree=149
num_leaves=31
num_cat=0
split_feature=11 73 60 12 26 62 69 67 62 36 26 39 5 60 60 35 28 28 57 69 49 25 70 35 28 24 21 59 15 24
split_gain=0.00170894 0.00229868 0.00769384 0.00554331 0.00320843 0.00294881 0.00883956 0.00489298 0.00481607 0.00438576 0.00665591 0.00286339 0.00729884 0.00435207 0.00458256 0.00531699 0.00415215 0.00766449 0.00343958 0.00311627 0.00631509 0.00376321 0.00340724 0.00332712 0.00617204 0.00570945 0.00562021 0.00674095 0.00461855 0.00401479
threshold=-2.5845007896423335 -1.2716102004051206 1.233056426048279 -0.71155437827110279 -0.41095450520515436 0.72950744628906261 0.73009750247001659 -0.043490579351782792 0.92280662059783947 0.28996272385120397 -0.21642782539129254 -1.4017884135246275 -0.67714688181877125 -0.65264442563056935 -1.2028020620346067 0.14901712536811831 1.0000000180025095e-35 -0.52215206623077381 0.55394107103347789 0.77091661095619213 0.44436784088611608 -1.1369926929473875 -1.2642000913619993 -0.21401831507682798 -0.72556057572364796 -0.22859147936105725 -0.51959657669067372 0.31064455211162573 -0.074572179466485963 -0.45564992725849146
decision_type=2 2 2 2 2 2 2 2 2 2 2 2 2 2 2 2 2 2 2 2 2 2 2 2 2 2 2 2 2 2
left_child=-1 2 3 -2 -5 11 7 9 -9 10 -7 12 -3 14 15 -13 17 18 -16 21 -21 -15 -23 26 -25 29 -24 -28 -27 -26
right_child=1 5 -4 4 -6 6 -8 8 -10 -11 -12 13 -14 19 16 -17 -18 -19 -20 20 -22 22 23 24 25 28 27 -29 -30 -31
leaf_value=-0.00045787281851517037 -0.00017115892396759593 -0.0002765191954297378 -0.00061387736350297932 0.0012447424556012267 0.0004508740096935071 -0.00050008187380929791 -0.0011302042067241431 -0.00034852756010271459 0.00050775299571866462 -0.00062910341881797661 0.00058202117431425937 -0.00034769132624419666 0.00091619267678369996 0.00063109512304198808 -0.00097441376274218791 0.00051298095181425058 -0.00089683287397718009 0.0005801068592435596 -0.00019725621140553683 0.00010237870739083814 0.00095888811234284995 0.00060678204637952147 -0.00095853947885916565 0.00046051601488475825 -0.00019399923176559457 0.00051661405697814191 0.00027818216400666407 -0.00071706568328577477 -0.00012486343344170699 -0.0010608504674482074
leaf_weight=20 24 23 21 20 35 30 22 24 52 50 27 34 29 23 24 38 31 22 35 93 28 20 25 63 34 40 46 27 94 22
leaf_count=20 24 23 21 20 35 30 22 24 52 50 27 34 29 23 24 38 31 22 35 93 28 20 25 63 34 40 46 27 94 22
internal_value=9.74072e-13 8.67183e-06 0.000236762 0.000462881 0.000739553 -1.5187e-05 -0.000183264 -6.94238e-05 0.000237349 -0.000287318 1.24933e-05 3.06928e-05 0.000388647 4.0639e-06 -0.000204661 0.000106552 -0.000404726 -0.000216389 -0.000513388 7.86374e-05 0.000300579 1.04776e-05 -2.79973e-05 -6.41671e-05 3.16412e-05 -0.000110565 -0.000311509 -8.99232e-05 6.66224e-05 -0.000534548
internal_weight=1076 1056 100 79 55 956 205 183 76 107 57 751 52 699 184 72 112 81 59 515 121 394 371 351 253 190 98 73 134 56
internal_count=1076 1056 100 79 55 956 205 183 76 107 57 751 52 699 184 72 112 81 59 515 121 394 371 351 253 190 98 73 134 56
is_linear=0
shrinkage=0.05


end of trees

feature_importances:
Column_11=160
Column_12=115
Column_9=106
Column_21=100
Column_45=96
Column_37=88
Column_54=86
Column_15=85
Column_31=85
Column_23=84
Column_29=83
Column_41=83
Column_62=83
Column_39=81
Column_27=78
Column_25=77
Column_34=76
Column_52=76
Column_28=75
Column_2=72
Column_17=70
Column_19=70
Column_64=70
Column_30=69
Column_35=69
Column_70=69
Column_49=68
Column_20=66
Column_26=64
Column_33=63
Column_43=63
Column_56=62
Column_4=60
Column_10=59
Column_69=59
Column_47=56
Column_1=55
Column_68=55
Column_72=55
Column_51=54
Column_16=53
Column_22=53
Column_73=53
Column_63=52
Column_71=52
Column_13=50
Column_42=49
Column_3=48
Column_14=47
Column_61=47
Column_74=47
Column_8=46
Column_24=46
Column_38=46
Column_40=45
Column_46=44
Column_55=44
Column_60=43
Column_32=42
Column_50=42
Column_58=41
Column_0=40
Column_36=40
Column_67=40
Column_66=38
Column_59=36
Column_65=35
Column_48=33
Column_18=31
Column_7=30
Column_53=30
Column_5=29
Column_57=28
Column_44=23
Column_6=19
Column_75=13

parameters:
[boosting: gbdt]
[objective: regression]
[metric: l2]
[tree_learner: serial]
[device_type: cpu]
[data_sample_strategy: bagging]
[data: ]
[valid: ]
[num_iterations: 150]
[learning_rate: 0.05]
[num_leaves: 31]
[num_threads: 4]
[seed: 42]
[deterministic: 0]
[force_col_wise: 0]
[force_row_wise: 0]
[histogram_pool_size: -1]
[max_depth: -1]
[min_data_in_leaf: 20]
[min_sum_hessian_in_leaf: 0.001]
[bagging_fraction: 0.8]
[pos_bagging_fraction: 1]
[neg_bagging_fraction: 1]
[bagging_freq: 0]
[bagging_seed: 400]
[bagging_by_query: 0]
[feature_fraction: 0.8]
[feature_fraction_bynode: 1]
[feature_fraction_seed: 30056]
[extra_trees: 0]
[extra_seed: 12879]
[early_stopping_round: 0]
[early_stopping_min_delta: 0]
[first_metric_only: 0]
[max_delta_step: 0]
[lambda_l1: 0]
[lambda_l2: 0]
[linear_lambda: 0]
[min_gain_to_split: 0]
[drop_rate: 0.1]
[max_drop: 50]
[skip_drop: 0.5]
[xgboost_dart_mode: 0]
[uniform_drop: 0]
[drop_seed: 17869]
[top_rate: 0.2]
[other_rate: 0.1]
[min_data_per_group: 100]
[max_cat_threshold: 32]
[cat_l2: 10]
[cat_smooth: 10]
[max_cat_to_onehot: 4]
[top_k: 20]
[monotone_constraints: ]
[monotone_constraints_method: basic]
[monotone_penalty: 0]
[feature_contri: ]
[forcedsplits_filename: ]
[refit_decay_rate: 0.9]
[cegb_tradeoff: 1]
[cegb_penalty_split: 0]
[cegb_penalty_feature_lazy: ]
[cegb_penalty_feature_coupled: ]
[path_smooth: 0]
[interaction_constraints: ]
[verbosity: -1]
[saved_feature_importance_type: 0]
[use_quantized_grad: 0]
[num_grad_quant_bins: 4]
[quant_train_renew_leaf: 0]
[stochastic_rounding: 1]
[linear_tree: 0]
[max_bin: 255]
[max_bin_by_feature: ]
[min_data_in_bin: 3]
[bin_construct_sample_cnt: 200000]
[data_random_seed: 175]
[is_enable_sparse: 1]
[enable_bundle: 1]
[use_missing: 1]
[zero_as_missing: 0]
[feature_pre_filter: 1]
[pre_partition: 0]
[two_round: 0]
[header: 0]
[label_column: ]
[weight_column: ]
[group_column: ]
[ignore_column: ]
[categorical_feature: ]
[forcedbins_filename: ]
[precise_float_parser: 0]
[parser_config_file: ]
[objective_seed: 16083]
[num_class: 1]
[is_unbalance: 0]
[scale_pos_weight: 1]
[sigmoid: 1]
[boost_from_average: 1]
[reg_sqrt: 0]
[alpha: 0.9]
[fair_c: 1]
[poisson_max_delta_step: 0.7]
[tweedie_variance_power: 1.5]
[lambdarank_truncation_level: 30]
[lambdarank_norm: 1]
[label_gain: ]
[lambdarank_position_bias_regularization: 0]
[eval_at: ]
[multi_error_top_k: 1]
[auc_mu_weights: ]
[num_machines: 1]
[local_listen_port: 12400]
[time_out: 120]
[machine_list_filename: ]
[machines: ]
[gpu_platform_id: -1]
[gpu_device_id: -1]
[gpu_device_id_list: ]
[gpu_use_dp: 0]
[num_gpu: 1]

end of parameters

pandas_categorical:null
