tree
version=v4
num_class=1
num_tree_per_iteration=1
label_index=0
max_feature_idx=75
objective=regression
feature_names=Column_0 Column_1 Column_2 Column_3 Column_4 Column_5 Column_6 Column_7 Column_8 Column_9 Column_10 Column_11 Column_12 Column_13 Column_14 Column_15 Column_16 Column_17 Column_18 Column_19 Column_20 Column_21 Column_22 Column_23 Column_24 Column_25 Column_26 Column_27 Column_28 Column_29 Column_30 Column_31 Column_32 Column_33 Column_34 Column_35 Column_36 Column_37 Column_38 Column_39 Column_40 Column_41 Column_42 Column_43 Column_44 Column_45 Column_46 Column_47 Column_48 Column_49 Column_50 Column_51 Column_52 Column_53 Column_54 Column_55 Column_56 Column_57 Column_58 Column_59 Column_60 Column_61 Column_62 Column_63 Column_64 Column_65 Column_66 Column_67 Column_68 Column_69 Column_70 Column_71 Column_72 Column_73 Column_74 Column_75
feature_infos=[-3.4910809993743896:3.6421170234680176] [-2.0743534564971924:3.7268681526184082] [-1.9453905820846558:3.2155454158782959] [-2.5638816356658936:2.5950932502746582] [-2.0140652656555176:3.8645877838134766] [-2.4368534088134766:2.1338546276092529] [-2.1018660068511963:3.4374635219573975] [-3.3175230026245117:1.7649435997009277] [-2.0930023193359375:3.5962677001953125] [-2.0914657115936279:5.4598641395568848] [-1.7367871999740601:5.1549530029296875] [-3.867809534072876:1.6479737758636475] [-2.1245198249816895:5.0397806167602539] [-2.0520529747009277:3.8924732208251953] [-2.1320607662200928:5.0292243957519531] [-4.763094425201416:3.2194173336029053] [-2.091541051864624:4.3576340675354004] [-5.7790040969848633:3.56490159034729] [-2.1324088573455811:7.5198178291320801] [-5.4366416931152344:4.7486796379089355] [-2.0103385448455811:7.4516611099243164] [-7.037510871887207:3.857313871383667] [-1.9515752792358398:7.0551352500915527] [-4.2141404151916504:4.6223435401916504] [-1.8115484714508057:8.3438882827758789] [-3.8895845413208008:3.4676554203033447] [-1.8334419727325439:7.1214594841003418] [-6.6570191383361816:3.1061904430389404] [-1.9033646583557129:7.4233198165893555] [-4.177039623260498:3.3508937358856201] [-1.9919264316558838:8.2700834274291992] [-4.2853536605834961:2.8990755081176758] [-2.043386697769165:5.7368669509887695] [-6.3104677200317383:2.9188997745513916] [-1.9788129329681396:6.2296500205993652] [-4.3206934928894043:3.4895660877227783] [-2.1276071071624756:5.8040614128112793] [-4.5263261795043945:3.3946921825408936] [-2.0267586708068848:6.19207763671875] [-4.6289772987365723:2.9591717720031738] [-2.0514259338378906:6.480473518371582] [-4.0208964347839355:2.8371493816375732] [-2.0406887531280518:5.9694395065307617] [-3.4495716094970703:3.3185372352600098] [-1.9216214418411255:5.6090812683105469] [-3.7060887813568115:3.6048321723937988] [-1.9691544771194458:5.5236496925354004] [-3.6993751525878906:4.419520378112793] [-2.1448452472686768:4.7762751579284668] [-4.2188458442687988:3.7265827655792236] [-2.0108914375305176:4.9194884300231934] [-3.0653743743896484:3.3205978870391846] [-4.4531526565551758:2.9331109523773193] [-3.2434818744659424:2.8838727474212646] [-4.5709033012390137:2.7583410739898682] [-3.3900551795959473:3.8995790481567383] [-5.0855369567871094:2.8867616653442383] [-3.4275901317596436:3.0397286415100098] [-5.1278042793273926:3.4352521896362305] [-3.1932158470153809:3.2669341564178467] [-4.3628940582275391:3.2909555435180664] [-2.8207056522369385:3.0709969997406006] [-4.296806812286377:3.0133090019226074] [-2.9868762493133545:3.1218667030334473] [-4.2112698554992676:3.4493460655212402] [-2.9712283611297607:4.404388427734375] [-3.9915263652801514:3.5902631282806396] [-3.2289092540740967:4.1844792366027832] [-3.5195057392120361:3.7327315807342529] [-3.1168415546417236:3.6795134544372559] [-3.666067361831665:3.1098117828369141] [-3.0512609481811523:2.7747769355773926] [-3.4495847225189209:3.5517013072967529] [-3.3186366558074951:2.8943612575531006] [-4.3812780380249023:3.2124485969543457] [-0.95456230640411377:1.0475995540618896]
tree_sizes=2705 2865 2880 2881 2877 2880 2864 2885 2896 2882 2895 2883 2895 2893 2901 2895 2901 2895 2905 2897 2900 2898 2904 2921 2914 2915 2920 2907 2912 2911 2909 2916 2929 2909 2921 2912 2904 2924 2926 2919 2928 2918 2927 2932 2932 2924 2922 2931 2940 2931 2931 2938 2930 2947 2943 2936 2932 2934 2941 2944 2935 2917 2938 2940 2929 2942 2934 2937 2950 2937 2928 2942 2941 2936 2940 2949 2950 2943 2955 2946 2938 2936 2944 2945 2925 2938 2944 2937 2960 2949 2949 2940 2939 2958 2945 2947 2947 2942 2962 2950 2946 2947 2960 2945 2952 2975 2966 2961 2963 2978 2965 2943 2962 2979 2969 2973 2981 2985 2965 2976 2968 2979 2968 2978 2966 2997 2983 2976 2995 2986 2995 2980 2993 2994 2984 2995 2981 2990 2977 2999 2976 2991 2988 2987 2991 2973 2987 2993 2989 2988

Tree=0
num_leaves=31
num_cat=0
split_feature=11 5 9 14 5 3 11 15 11 74 28 50 69 31 10 42 41 15 11 41 0 0 56 0 2 22 11 10 3 0
split_gain=10.4125 2.35091 1.17871 0.898479 0.534631 0.492156 0.399609 0.366965 0.332899 0.311534 0.28482 0.327846 0.260488 0.239922 0.251015 0.196625 0.196206 0.19519 0.188484 0.185435 0.179858 0.179385 0.174306 0.1725 0.156992 0.133294 0.132974 0.132075 0.12987 0.121539
threshold=0.43478898704051977 0.16054579615592959 -0.55228823423385609 -0.13320995867252347 -0.36241486668586725 0.82543152570724498 0.11031809821724893 0.30781820416450506 -0.98847633600234974 -0.0092044626362621767 0.12935166805982592 0.42930245399475103 0.90760961174964916 0.19393627345561984 -0.80871063470840443 -0.50853055715560902 0.1850421875715256 -0.16049323230981824 0.87661156058311474 0.54895120859146129 -0.82009482383728016 0.16609807033091786 0.38370804488658911 -0.60506513714790333 0.95485559105873119 -0.60901325941085804 -0.10202245041728018 0.88502788543701183 -1.1947790980339048 0.16609807033091786
decision_type=2 2 2 2 2 2 2 2 2 2 2 2 2 2 2 2 2 2 2 2 2 2 2 2 2 2 2 2 2 2
left_child=2 4 8 5 -2 18 13 27 17 15 11 28 -7 14 -4 -8 -6 -1 -3 29 -19 -11 -15 -12 -9 -20 -25 -5 -10 -16
right_child=1 3 6 7 16 12 9 24 10 21 23 -13 -14 22 19 -17 -18 20 25 -21 -22 -23 -24 26 -26 -27 -28 -29 -30 -31
leaf_value=0.56043505746678179 0.55720870586236182 0.56984885757276427 0.56610075147342842 0.57017745586728596 0.56364691630794839 0.5777390089179244 0.55933370588190445 0.56385440411113785 0.55777688778711199 0.5709793671474549 0.56237174943324875 0.56820870605140517 0.57155245582881897 0.56224776851256608 0.55987141262309625 0.56582477729336278 0.56955870610609705 0.55945008539664642 0.57231508891425564 0.55589620593836586 0.5547366910205267 0.56529819482712673 0.56746651842538554 0.55571722859222283 0.56910329857084119 0.57667299165092201 0.56028370592271959 0.57542299163673039 0.56232234246464496 0.56345133504372946
leaf_weight=37 23 45 22 28 32 114 20 28 22 33 23 20 20 32 66 28 25 29 47 20 67 24 32 44 29 28 25 21 55 37
leaf_count=37 23 45 22 28 32 114 20 28 22 33 23 20 20 32 66 28 25 29 47 20 67 24 32 44 29 28 25 21 55 37
internal_value=0.565483 0.571396 0.561392 0.573119 0.563643 0.574733 0.563572 0.569253 0.559266 0.566088 0.560615 0.562505 0.576816 0.562307 0.561182 0.56312 0.56624 0.55735 0.572407 0.560302 0.556161 0.568587 0.564857 0.558622 0.566525 0.573942 0.557372 0.572426 0.561024 0.561157
internal_weight=1076 440 636 360 80 254 314 106 322 105 189 97 134 209 145 48 57 133 120 123 96 57 64 92 57 75 69 49 77 103
internal_count=1076 440 636 360 80 254 314 106 322 105 189 97 134 209 145 48 57 133 120 123 96 57 64 92 57 75 69 49 77 103
is_linear=0
shrinkage=1


Tree=1
num_leaves=31
num_cat=0
split_feature=11 5 9 14 5 3 12 11 11 47 74 28 50 15 31 30 29 67 50 15 12 0 0 0 27 40 11 11 22 2
split_gain=9.39728 2.1217 1.06378 0.810877 0.482504 0.457921 0.416475 0.360647 0.300441 0.284926 0.28116 0.25705 0.297065 0.246365 0.21653 0.237905 0.196388 0.193913 0.179037 0.176159 0.17029 0.162322 0.161895 0.155681 0.154484 0.123947 0.120009 0.110224 0.107378 0.103581
threshold=0.43478898704051977 0.16054579615592959 -0.55228823423385609 -0.13320995867252347 -0.36241486668586725 0.97160565853118908 -0.25363065302371973 0.11031809821724893 -0.98847633600234974 0.072870884090662016 -0.0092044626362621767 0.12935166805982592 0.31730656325817114 0.17177501320838931 0.19393627345561984 -0.5593435764312743 0.06284614093601705 0.50098690390586864 -0.40238669514656061 -0.16049323230981824 1.1420021057128908 -0.82009482383728016 0.16609807033091786 -0.60506513714790333 -1.2130456566810606 -0.073389854282140718 -0.10202245041728018 0.9244971275329591 -0.71874180436134327 0.16940035670995715
decision_type=2 2 2 2 2 2 2 2 2 2 2 2 2 2 2 2 2 2 2 2 2 2 2 2 2 2 2 2 2 2
left_child=2 4 8 5 -2 16 -5 14 19 -6 18 12 29 -8 15 -4 -3 -7 -9 -1 -16 -21 -12 -13 -17 -15 -25 -18 -29 -10
right_child=1 3 7 6 9 17 13 10 11 -11 22 23 -14 25 20 24 27 -19 -20 21 -22 -23 -24 26 -26 -27 -28 28 -30 -31
leaf_value=-0.0047954014436392169 -0.0078604355130506599 0.0045793535429801717 0.0002468096575914667 -0.0025428448761390015 -0.0027544831343252084 0.012736376606532047 0.0086369487820775245 -0.0057070766786290784 -0.0031687265779409141 0.0043167604532624989 0.0052216927506819819 -0.0029555441730696221 0.0022800604802217673 0.0060268562730579154 -0.0026593836143803903 -0.002402516969442858 0.0066362465107813479 0.0073897280814972793 0.00044852615230613286 -0.0057311249274664142 0.0026269238470122223 -0.010208849553991832 -0.00017542099764492985 -0.0092773387986446985 -0.0062666438439470023 0.0010517884166009964 -0.0049391855606809266 0.0078652439699057608 0.012222353483621891 -0.0073071344755589965
leaf_weight=37 23 51 26 22 29 74 32 21 54 28 33 23 22 21 39 38 50 22 27 29 25 67 24 44 81 31 25 31 26 21
leaf_count=37 23 51 26 22 29 74 32 21 54 28 33 23 22 21 39 38 50 22 27 29 25 67 24 44 81 31 25 31 26 21
internal_value=1.25936e-11 0.00561781 -0.00388654 0.00725455 -0.00174751 0.00878752 0.00358122 -0.00181577 -0.00590585 0.00071911 0.000574927 -0.00462465 -0.00282886 0.00518514 -0.00301684 -0.00408605 0.00713268 0.0115111 -0.00224455 -0.00772651 -0.00059442 -0.0088562 0.00294922 -0.00651804 -0.00503272 0.00306095 -0.00770554 0.00834968 0.0098527 -0.00432748
internal_weight=1076 440 636 360 80 254 106 314 322 57 105 189 97 84 209 145 158 96 48 133 64 96 57 92 119 52 69 107 57 75
internal_count=1076 440 636 360 80 254 106 314 322 57 105 189 97 84 209 145 158 96 48 133 64 96 57 92 119 52 69 107 57 75
is_linear=0
shrinkage=0.05


Tree=2
num_leaves=31
num_cat=0
split_feature=11 3 5 11 14 3 9 62 56 12 59 35 33 22 3 73 40 68 75 39 71 31 39 12 43 11 56 51 67 14
split_gain=8.49592 1.83797 1.35035 0.496003 0.405146 0.402299 0.35816 0.298911 0.269629 0.247727 0.245387 0.205788 0.214164 0.205665 0.191937 0.184793 0.166885 0.188477 0.186521 0.164149 0.161793 0.183651 0.214336 0.160907 0.135171 0.1324 0.190374 0.199077 0.120386 0.116285
threshold=0.54264548420906078 0.18922072649002078 -0.20593778789043424 0.11031809821724893 -0.13320995867252347 0.97160565853118908 -0.55228823423385609 -0.38390530645847315 0.89833632111549389 0.079595774412155165 0.56067854166030895 0.031110349111258987 -0.78239575028419484 1.0000000180025095e-35 -1.9807898998260496 0.76353451609611522 -0.22359152883291242 -0.25699679553508753 1.0000000180025095e-35 -0.33610261976718897 -0.3453098982572555 0.73304674029350292 0.80718767642974865 -0.62767958641052235 0.41521203517913824 -0.45784913003444666 0.070565637201070799 0.13578193634748462 0.50098690390586864 -1.0053364038467405
decision_type=2 2 2 2 2 2 2 2 2 2 2 2 2 2 2 2 2 2 2 2 2 2 2 2 2 2 2 2 2 2
left_child=2 7 6 20 5 23 13 -2 11 -6 -5 12 -8 14 -1 -12 17 -16 -18 -10 -4 24 -23 29 -22 26 27 -15 -7 -3
right_child=1 4 3 10 9 28 8 -9 19 -11 15 -13 -14 25 16 -17 18 -19 -20 -21 21 22 -24 -25 -26 -27 -28 -29 -30 -31
leaf_value=-0.0095332766883075241 0.0021983595543133561 0.0068985102773719545 -1.3586037125237085e-05 0.0026971376860643378 0.0012992580248309034 0.012104671882235841 -0.0064836635021492846 -0.0043604211495748089 -0.0032735417399089787 0.0071295789173363077 -0.0045028649109344074 -0.0081024052165769821 -0.00023543597399111604 -0.0028615614480804654 -0.003538974136380213 0.0016497589991954359 -0.0047882290690072944 -0.0087279271347714318 0.00048017301763008747 0.0028037561951205136 -0.0072471608297058898 0.0024413898517377675 -0.0048787226586136968 0.0084056820252001105 -0.002388921608640389 -0.004827354019680233 -0.01123256306829197 -0.0097540948783386167 0.0077261933777481324 0.002582924420669399
leaf_weight=21 32 37 37 101 35 73 24 38 20 38 26 29 32 20 35 23 42 35 28 25 41 20 20 84 22 27 42 22 20 27
leaf_count=21 32 37 37 101 35 73 24 38 20 38 26 29 32 20 35 23 42 35 28 25 41 20 20 84 22 27 42 22 20 27
internal_value=2.94555e-11 0.00596426 -0.00330965 -0.000709167 0.00759753 0.008586 -0.00518561 -0.00136212 -0.00302684 0.00433422 0.00128854 -0.00468367 -0.00291325 -0.00621738 -0.00507578 -0.0016149 -0.00440716 -0.00613345 -0.00268087 0.000102735 -0.00284957 -0.00386832 -0.00121867 0.00696663 -0.00555063 -0.00787322 -0.00885225 -0.00647194 0.0111631 0.00507787
internal_weight=1076 384 692 290 314 241 402 70 130 73 150 85 56 272 161 49 140 70 70 45 140 103 40 148 63 111 84 42 93 64
internal_count=1076 384 692 290 314 241 402 70 130 73 150 85 56 272 161 49 140 70 70 45 140 103 40 148 63 111 84 42 93 64
is_linear=0
shrinkage=0.05


Tree=3
num_leaves=31
num_cat=0
split_feature=3 16 2 3 5 68 15 32 16 40 10 2 15 72 41 50 3 6 16 0 61 15 47 7 41 16 3 29 53 12
split_gain=7.23526 1.55708 1.01485 0.565283 0.389991 0.376537 0.344093 0.251166 0.244939 0.242316 0.221876 0.219764 0.214988 0.242895 0.211671 0.211528 0.264522 0.179217 0.173036 0.160397 0.158803 0.145695 0.131508 0.131331 0.127189 0.119344 0.119111 0.115982 0.113528 0.101037
threshold=0.022897627204656604 0.13784842938184741 -0.31046769022941584 0.53647440671920787 -0.82710954546928395 -0.94879862666130055 0.18283376097679141 0.02158771920949221 0.95442962646484386 -0.73392933607101429 0.37698104977607733 0.11130736395716669 1.0000000180025095e-35 0.40277189016342169 -0.64476290345191944 0.35280647873878485 -0.1835495978593826 0.091138143092393889 -0.72580710053443898 1.0000000180025095e-35 0.17713283002376559 -0.8398911952972411 0.15217803418636325 0.56819200515747081 0.027937535196542743 -0.26353843510150904 0.97160565853118908 0.80254593491554271 -0.070332843810319887 -0.33384540677070612
decision_type=2 2 2 2 2 2 2 2 2 2 2 2 2 2 2 2 2 2 2 2 2 2 2 2 2 2 2 2 2 2
left_child=4 2 5 29 12 -2 11 9 20 21 24 -3 13 14 25 16 -9 26 -11 -14 -8 -6 -17 -13 -7 -1 -5 -10 -20 -4
right_child=1 6 3 17 7 10 8 15 27 18 -12 23 19 -15 -16 22 -18 -19 28 -21 -22 -23 -24 -25 -26 -27 -28 -29 -30 -31
leaf_value=-0.0061896059196442366 -0.0034795515071600678 -0.001157142425654456 0.0017482250144894352 0.0085580954733969917 -0.0076350405317498378 0.0029666291402665797 0.0038541051953171306 -0.0087157934899144678 -0.0054375043290201576 0.0032444862900301817 -0.0008574617984281346 0.0023895639060677186 -0.0054785994502739854 -0.0011079212767072023 -0.0087432578037906859 -0.004936516944966887 -0.0018502643704414368 0.0062048879274516373 -0.0033127274292166389 -0.0091659897938370701 -0.0010542479354060357 -0.0023820688168846326 0.00041032758156728488 0.0070137018146592053 0.0074160324891322646 -0.00072737268405035141 0.011496299110791263 -0.00066444535274058593 0.00045907784890579549 0.005609573841664113
leaf_weight=20 25 24 32 70 22 36 26 47 35 25 22 34 58 39 36 23 20 40 42 60 45 33 23 28 29 20 68 20 38 36
leaf_count=20 25 24 32 70 22 36 26 47 35 25 22 34 58 39 36 23 20 40 42 60 45 33 23 28 29 20 68 20 38 36
internal_value=-6.66906e-12 0.00386304 0.00587405 0.00767032 -0.00435164 0.00192867 0.000467082 -0.00306925 -0.00119711 -0.00179473 0.00348275 0.00290532 -0.00585418 -0.0043157 -0.0059618 -0.00487389 -0.00666638 0.00915174 -0.000386452 -0.00735354 0.000743177 -0.00448326 -0.00226309 0.00447788 0.00495175 -0.00345849 0.0100059 -0.00370185 -0.00152112 0.00379247
internal_weight=1076 570 358 246 506 112 212 273 126 160 87 86 233 115 76 113 67 178 105 118 71 55 46 62 65 40 138 55 80 68
internal_count=1076 570 358 246 506 112 212 273 126 160 87 86 233 115 76 113 67 178 105 118 71 55 46 62 65 40 138 55 80 68
is_linear=0
shrinkage=0.05


Tree=4
num_leaves=31
num_cat=0
split_feature=11 3 3 11 17 62 15 47 38 7 0 13 21 20 1 6 12 15 61 28 60 6 64 2 17 50 54 11 53 34
split_gain=7.01423 1.36406 1.18216 0.668175 0.348864 0.325181 0.296902 0.313585 0.319462 0.285974 0.263249 0.231963 0.229877 0.29429 0.181061 0.173288 0.1708 0.16784 0.159981 0.139554 0.195129 0.135623 0.13233 0.130575 0.121721 0.148915 0.106167 0.105325 0.093236 0.0852416
threshold=0.66560316085815441 -0.2379229664802551 0.34086462855339056 0.11031809821724893 0.28791655600070959 -0.77701550722122181 -0.26879511773586268 0.54703426361083995 -0.80584648251533497 0.039466483518481262 0.16609807033091786 -0.57947248220443714 0.067251343280076994 0.67157915234565746 -1.2407465577125547 -0.39619013667106623 1.8327422738075259 0.44196106493473059 0.095890011638402953 -0.17934746295213697 -0.34314167499542231 -1.1318055987358091 0.054939605295658119 -0.54336851835250843 -0.81731849908828724 0.10506557300686838 -0.25099930167198176 0.90066850185394298 0.34527184069156652 -0.40798658132553095
decision_type=2 2 2 2 2 2 2 2 2 2 2 2 2 2 2 2 2 2 2 2 2 2 2 2 2 2 2 2 2 2
left_child=1 6 5 16 11 -2 7 8 -1 -7 26 27 24 22 21 -6 19 18 -12 -3 -21 -10 29 -16 -8 -26 -5 28 -4 -14
right_child=2 3 4 10 15 9 12 -9 14 -11 17 -13 13 -15 23 -17 -18 -19 -20 20 -22 -23 -24 -25 25 -27 -28 -29 -30 -31
leaf_value=-0.0061254730372614155 0.0055062493071256378 -0.0011880267283736936 0.0097232108190655718 0.00064616313466103747 0.0065242004326798711 -0.0062504585383326887 -0.0047227468341588981 -0.0077649287444849814 -0.0060747353958764249 0.0013064572574465628 0.004066599366255105 0.0055005025834058566 -0.0021755610677328978 -0.0085723503557001736 0.0030972798039917565 0.0010054512564092876 0.00062520143645222693 -0.0031941005468575493 -0.0018531486148103363 -0.008950444734231993 -0.0034455233009066432 -0.00045715586906722324 -0.00038454087634038714 -0.0015601182321983355 -0.010324539712873167 -0.0061804571385614621 0.0040477883119573012 0.010474752862842716 0.0057114403175156829 -0.0064429603144526481
leaf_weight=37 22 36 30 32 33 21 31 30 21 31 25 48 22 29 34 25 27 36 21 22 60 22 35 27 46 41 81 98 28 25
leaf_count=37 22 36 30 32 33 21 31 30 21 31 25 48 22 29 34 25 27 36 21 22 60 22 35 27 46 41 81 98 28 25
internal_value=1.47646e-11 -0.00272024 0.00599101 -0.000391825 0.00756718 0.000410514 -0.0046994 -0.003123 -0.00213535 -0.00174537 0.00151953 0.00854003 -0.00587653 -0.00424318 -0.000715794 0.00414543 -0.00296227 -0.000637058 0.00136411 -0.00378314 -0.00492245 -0.00320062 -0.00271214 0.00103581 -0.00741299 -0.00837158 0.0030845 0.00947527 0.00778649 -0.00444545
internal_weight=1076 740 336 340 262 74 400 171 141 52 195 204 229 111 104 58 145 82 46 118 82 43 82 61 118 87 113 156 58 47
internal_count=1076 740 336 340 262 74 400 171 141 52 195 204 229 111 104 58 145 82 46 118 82 43 82 61 118 87 113 156 58 47
is_linear=0
shrinkage=0.05


Tree=5
num_leaves=31
num_cat=0
split_feature=11 3 11 40 9 17 62 22 52 13 13 6 15 31 10 19 0 41 36 74 62 11 12 34 8 45 0 0 17 6
split_gain=6.33328 1.34533 1.08284 0.464346 0.354294 0.322572 0.286566 0.268021 0.274837 0.24808 0.244707 0.233751 0.221981 0.205648 0.173852 0.155456 0.154247 0.151397 0.144211 0.142933 0.131064 0.142175 0.120267 0.111057 0.135299 0.10701 0.106023 0.0997174 0.111067 0.0962071
threshold=0.60786521434783947 0.19663191586732867 0.11031809821724893 -0.98832377791404713 -0.53019142150878895 0.19773089885711673 -0.77701550722122181 1.0000000180025095e-35 -0.66918018460273732 0.22159971296787265 -0.55617746710777272 -0.20141192525625226 0.30070577561855322 0.35381098091602331 -0.80871063470840443 0.39428533613681799 -0.60506513714790333 0.54895120859146129 0.4439838975667954 -0.71920028328895558 0.080183945596218123 -0.88163360953330983 1.3441089391708376 0.34601664543151861 0.72348791360855114 -1.4572263360023496 0.16609807033091786 0.16609807033091786 -0.29473046958446497 -0.39619013667106623
decision_type=2 2 2 2 2 2 2 2 2 2 2 2 2 2 2 2 2 2 2 2 2 2 2 2 2 2 2 2 2 2
left_child=2 6 4 -4 7 10 -2 8 15 12 18 -8 -5 14 -6 -1 -9 25 -3 -7 -10 -22 -15 24 -18 -16 -14 28 -27 -21
right_child=1 5 3 9 13 19 11 16 20 -11 -12 -13 26 22 17 -17 23 -19 -20 29 21 -23 -24 -25 -26 27 -28 -29 -30 -31
leaf_value=-0.0087430982314275971 0.0037815888567517201 0.009478508826834835 -0.0067791008581739995 0.003699977028409194 0.00067391266297225081 0.00089142313227057461 -0.0066628712675689417 -0.0042903090138376376 -0.0041751260621512827 -0.003120495070082446 0.0049739107989113449 0.0005604636302345105 0.0015646456957177221 -0.0015374175937134117 -0.006576323891058564 -0.0038122076954272008 -0.0090906499626726145 -0.0079289656908561792 0.0053466747272759678 0.0076393448230293072 -0.0030492542989668438 0.001860365345431813 0.0033489469681808257 -0.0096704240119003734 -0.0034084549353627321 -0.000969668184989132 -0.0020870871682252203 -0.00041033215024713983 -0.0057194508932298053 0.0034184292734911049
leaf_weight=33 21 136 21 80 23 24 24 42 47 30 55 21 46 34 20 31 20 21 25 27 30 29 20 46 22 20 35 34 32 27
leaf_count=33 21 136 21 80 23 24 24 42 47 30 55 21 46 34 20 31 20 21 25 27 30 29 20 46 22 20 35 34 32 27
internal_value=1.21728e-11 0.00540983 -0.00272002 0.000278056 -0.00398112 0.00685804 -0.0010413 -0.0050743 -0.0037674 0.00105397 0.00785328 -0.00329198 0.00183182 -0.00237351 -0.00332601 -0.0063547 -0.00678332 -0.00405041 0.00883692 0.00410198 -0.00220526 -0.000636051 0.000272347 -0.00797316 -0.00611426 -0.00328201 -1.32636e-05 -0.0025159 -0.00389261 0.00552889
internal_weight=1076 360 716 212 504 294 66 300 170 191 216 45 161 204 150 64 130 127 161 78 106 59 54 88 42 106 81 86 52 54
internal_count=1076 360 716 212 504 294 66 300 170 191 216 45 161 204 150 64 130 127 161 78 106 59 54 88 42 106 81 86 52 54
is_linear=0
shrinkage=0.05


Tree=6
num_leaves=31
num_cat=0
split_feature=11 5 5 11 15 40 40 25 7 17 41 24 12 21 20 23 74 33 15 24 22 32 15 50 66 73 3 61 50 62
split_gain=5.72799 1.22814 1.06475 0.50668 0.25922 0.257168 0.248852 0.234686 0.232372 0.224435 0.19126 0.171177 0.165706 0.163143 0.239581 0.161657 0.188016 0.160297 0.15586 0.164884 0.138398 0.136134 0.190593 0.116722 0.1427 0.119593 0.10574 0.107461 0.104419 0.103214
threshold=0.66560316085815441 -0.2773147970438003 0.37872390449047094 0.11031809821724893 -0.26879511773586268 -0.2584413588047027 0.12477859482169153 0.65891996026039135 -0.91687723994255055 0.26309683918952947 -0.74413946270942677 -0.25523842871189112 -0.71734839677810658 0.067251343280076994 0.73120990395545971 -0.35915352404117579 0.64840179681777965 -1.1765415668487547 0.46593607962131506 -0.024453409016132351 -0.29523634910583491 0.60378223657608043 0.57301196455955516 -0.45467916131019587 1.1747297644615176 -0.4225183874368667 0.65065589547157299 0.26884496212005621 -0.240510419011116 -0.64601537585258473
decision_type=2 2 2 2 2 2 2 2 2 2 2 2 2 2 2 2 2 2 2 2 2 2 2 2 2 2 2 2 2 2
left_child=1 4 7 21 5 8 -7 29 10 12 -1 -11 -4 23 -15 16 -5 -8 26 -20 -19 28 -23 -6 25 -25 27 -17 -3 -2
right_child=2 3 9 15 13 6 17 -9 -10 11 -12 -13 -14 14 -16 18 -18 20 19 -21 -22 22 -24 24 -26 -27 -28 -29 -30 -31
leaf_value=-0.0042393533098511399 0.0048338889832729888 -0.0028805834595631396 0.0049948805204887946 -0.0038919529308461482 -0.010309326509013773 0.003256694726102675 -0.005748057646605258 -0.0037363814341876168 -0.0022361775712025438 0.0063741484850955502 -0.010557202575728298 0.0005119796982035041 0.0085645677726478523 -0.0026184913162271388 -0.0084802466343440446 0.0043439957422806942 0.0025042127096094194 0.0021056215810988633 0.0033422131203459924 -0.0017680408502009845 -0.0037060720710724126 -0.00096085318152920357 -0.0065469182326106006 -0.0025622418305526178 -0.0093493718877434729 -0.0067384478857275103 0.006420473715600868 7.3836218619432591e-05 0.00056498178123864668 0.00061070974087879925
leaf_weight=25 23 45 41 27 20 24 26 23 44 33 23 20 157 72 23 34 20 21 27 38 20 26 37 30 25 40 24 26 43 39
leaf_count=25 23 45 41 27 20 24 26 23 44 33 23 20 157 72 23 34 20 21 27 38 20 26 37 30 25 40 24 26 43 39
internal_value=2.0467e-11 -0.00245821 0.00541391 -0.000290454 -0.00437223 -0.00299663 -0.001112 0.000577181 -0.00486078 0.00705185 -0.00726666 0.00416201 0.00782539 -0.00557097 -0.00403765 0.00138654 -0.00117018 -0.00267691 0.00219303 0.00035468 -0.000729351 -0.00246722 -0.00424156 -0.00683762 -0.00610673 -0.00494865 0.00361556 0.00249359 -0.00119695 0.00217737
internal_weight=1076 740 336 347 393 183 91 85 92 251 48 53 198 210 95 196 47 67 149 65 41 151 63 115 95 70 84 60 88 62
internal_count=1076 740 336 347 393 183 91 85 92 251 48 53 198 210 95 196 47 67 149 65 41 151 63 115 95 70 84 60 88 62
is_linear=0
shrinkage=0.05


Tree=7
num_leaves=31
num_cat=0
split_feature=11 5 5 11 8 15 47 40 8 29 18 12 59 7 50 1 32 20 18 32 15 8 23 11 33 37 12 25 62 15
split_gain=5.16951 1.1084 0.960938 0.457279 0.258902 0.233946 0.237915 0.266335 0.232962 0.196284 0.1525 0.147917 0.157192 0.147063 0.129507 0.230966 0.150353 0.128821 0.125568 0.122861 0.17201 0.119918 0.115762 0.109128 0.106128 0.10228 0.0914386 0.089126 0.0833228 0.0822318
threshold=0.66560316085815441 -0.2773147970438003 0.37872390449047094 0.11031809821724893 -0.46858483552932734 -0.26879511773586268 0.60284939408302318 -0.66596430540084828 0.14309229701757434 0.026140028610825542 0.065884474664926543 0.60131114721298229 0.61228662729263317 -0.87404212355613697 0.4193739145994187 -0.71111896634101857 0.24513515084981921 -0.29564832150936121 0.4500883966684342 0.60378223657608043 0.57301196455955516 -0.030987536534667012 -0.35267525911331171 -0.22995102405548093 0.14814730733633044 -0.70609158277511586 -0.71734839677810658 0.28835892677307134 -0.40518420934677118 0.3133810311555863
decision_type=2 2 2 2 2 2 2 2 2 2 2 2 2 2 2 2 2 2 2 2 2 2 2 2 2 2 2 2 2 2
left_child=1 5 4 19 -2 6 7 13 9 -4 17 12 22 -1 16 -16 24 28 -12 21 -21 -3 -5 -23 25 -7 -11 -6 -9 -24
right_child=2 3 8 11 27 14 -8 10 -10 26 18 -13 -14 -15 15 -17 -18 -19 -20 20 -22 23 29 -25 -26 -27 -28 -29 -30 -31
leaf_value=-0.0082225542195374143 0.0036913493811782149 -0.0034632099032237684 0.0044973344103289908 -0.00070014044807370133 0.00028009572221587099 -0.0036068351214958564 -0.0069181699523081387 0.0011587930993603853 0.002014541856866951 0.0058963372505968434 -0.0059525607852265244 0.0040731487550939886 -0.001863340746300916 -0.0024412510546178304 -0.0056157832618291478 0.00017473818185792951 -0.0084382970835205785 0.0037900724784855778 -0.00047853115776723084 -0.00091281055776142668 -0.0062195723392604223 0.0025751874812326775 0.0043437649251129003 -0.0019202357508927689 -0.001773994789691642 -0.0076541930877578428 0.0086181418777926382 -0.0040289536603571232 -0.0032109666324686261 0.0010532517544610577
leaf_weight=22 37 34 52 36 24 27 30 24 24 40 20 39 45 22 51 26 49 23 22 26 37 27 39 27 20 37 135 24 20 37
leaf_count=22 37 34 52 36 24 27 30 24 24 40 20 39 45 22 51 26 49 23 22 26 37 27 39 27 20 37 135 24 20 37
internal_value=-4.06534e-12 -0.0023353 0.00514322 -0.000275931 0.000548322 -0.00415362 -0.0028468 -0.00204849 0.00669926 0.00719456 -0.000723078 0.00131722 0.000632623 -0.0053319 -0.00529242 -0.00366054 -0.00623719 0.000757662 -0.00308521 -0.00234386 -0.00402948 -0.00113711 0.00163547 0.000327476 -0.00495321 -0.00594671 0.00799602 -0.00187443 -0.000827461 0.0027418
internal_weight=1076 740 336 347 85 393 183 153 251 227 109 196 157 44 210 77 133 67 42 151 63 88 112 54 84 64 175 48 44 76
internal_count=1076 740 336 347 85 393 183 153 251 227 109 196 157 44 210 77 133 67 42 151 63 88 112 54 84 64 175 48 44 76
is_linear=0
shrinkage=0.05


Tree=8
num_leaves=31
num_cat=0
split_feature=11 5 5 11 9 8 0 9 56 47 29 48 53 40 28 38 46 72 39 10 34 28 60 47 72 60 56 51 6 39
split_gain=4.66548 1.00033 0.867247 0.412694 0.251941 0.210248 0.202594 0.188107 0.305715 0.179756 0.177146 0.133993 0.124427 0.112519 0.130052 0.121357 0.177205 0.132695 0.123672 0.109243 0.107758 0.107456 0.125234 0.0990672 0.140392 0.0925719 0.0910747 0.0899816 0.0880759 0.0945342
threshold=0.66560316085815441 -0.2773147970438003 0.37872390449047094 0.11031809821724893 0.21782685071229937 0.14309229701757434 0.16609807033091786 -0.55228823423385609 0.89833632111549389 0.010809687431901695 0.026140028610825542 -0.38535729050636286 0.23369976133108142 1.1207448244094851 0.12935166805982592 0.06134158372879029 0.20693742483854297 0.33346201479434973 -0.78952655196189869 0.023113251663744453 -0.14285705983638761 -0.17934746295213697 -0.31681232154369349 0.089534357190132155 0.29849085211753851 -1.0277783870697019 0.46639792621135717 -0.47710777819156641 -0.90325507521629322 0.36375240981578832
decision_type=2 2 2 2 2 2 2 2 2 2 2 2 2 2 2 2 2 2 2 2 2 2 2 2 2 2 2 2 2 2
left_child=1 7 4 21 12 10 27 13 9 20 -4 -8 -2 15 -15 16 17 28 -17 -13 -9 -3 -23 -24 -25 -12 -20 -5 -1 -30
right_child=2 3 5 6 -6 -7 11 8 -10 -11 25 19 -14 14 -16 18 -18 -19 26 -21 -22 22 23 24 -26 -27 -28 -29 29 -31
leaf_value=-0.0062425863539703709 -0.0050194659022963608 -0.00011281621561867598 0.0042724676470522983 -0.00041346667218022053 0.0033408727820553792 0.0019138147570023042 -0.0039695394919941791 -0.00020766393883667634 0.0013357751223688516 -0.0070449440364515588 0.0044820524353001807 0.0033993953881277282 0.00032043746711375812 0.00035266685722903771 -0.0051483416264610634 -0.0037599355340245423 0.00014952762197935956 -0.0078138453761736545 -0.0063733183537036751 -0.0010070421422521273 -0.0047905021898812898 -0.00581369746340594 -0.003888132321849667 -0.0031749225642886906 0.0026784868491813545 0.0080208728071030043 -0.010396689261225138 0.0032833653829427894 -0.0014693878612160917 -0.0056121484587146418
leaf_weight=29 20 43 52 20 41 24 22 29 39 31 21 22 24 22 21 27 20 30 39 39 23 30 37 21 20 154 22 93 40 21
leaf_count=29 20 43 52 20 41 24 22 29 39 31 21 22 24 22 21 27 20 30 39 39 23 30 37 21 20 154 22 93 40 21
internal_value=2.29301e-12 -0.00221853 0.00488605 -0.000262135 0.000520905 0.00636429 0.00125136 -0.00394594 -0.00231559 -0.00403129 0.00683483 -0.000624311 -0.00210679 -0.0046799 -0.00233387 -0.00512235 -0.00420779 -0.00493401 -0.00657733 0.000582165 -0.00223469 -0.00222667 -0.00306829 -0.00201237 -0.000319601 0.00759621 -0.00782437 0.00262906 -0.00397406 -0.00289558
internal_weight=1076 740 336 347 85 251 196 393 122 83 227 83 44 271 43 228 140 120 88 61 52 151 108 78 41 175 61 113 90 61
internal_count=1076 740 336 347 85 251 196 393 122 83 227 83 44 271 43 228 140 120 88 61 52 151 108 78 41 175 61 113 90 61
is_linear=0
shrinkage=0.05


Tree=9
num_leaves=31
num_cat=0
split_feature=11 3 5 63 15 11 62 11 47 40 34 59 13 21 20 31 64 64 7 54 71 31 39 43 50 15 61 42 53 66
split_gain=4.21506 0.97367 0.646817 0.285498 0.244304 0.232731 0.215967 0.213275 0.203033 0.202325 0.203391 0.167067 0.16694 0.141652 0.17363 0.132677 0.129412 0.127773 0.139203 0.123038 0.115782 0.143705 0.147901 0.11434 0.106644 0.104452 0.103762 0.103279 0.100652 0.0979778
threshold=0.54264548420906078 0.19663191586732867 -0.20593778789043424 0.94794791936874401 -0.26879511773586268 0.11031809821724893 -0.38390530645847315 1.0528118610382082 0.60284939408302318 -0.5023796260356902 0.60151338577270519 0.56067854166030895 -0.77151411771774281 0.067251343280076994 0.73120990395545971 -0.5281221568584441 0.097892787307500853 0.054939605295658119 -0.87404212355613697 -0.17229713499546048 -0.3453098982572555 0.73304674029350292 0.80718767642974865 0.41521203517913824 -0.30889452993869776 0.3217980563640595 -1.1705973148345945 -0.27444370090961451 0.17567744106054309 1.1747297644615176
decision_type=2 2 2 2 2 2 2 2 2 2 2 2 2 2 2 2 2 2 2 2 2 2 2 2 2 2 2 2 2 2
left_child=2 6 4 7 8 20 -2 15 9 17 -11 25 -9 27 16 -3 -15 18 -1 -13 -4 23 -23 28 -17 -7 -12 -6 -22 -29
right_child=1 3 5 -5 13 11 -8 12 -10 10 26 19 -14 14 -16 24 -18 -19 -20 -21 21 22 -24 -25 -26 -27 -28 29 -30 -31
leaf_value=-0.0080856579980304981 0.0019368756939939253 0.0013359548330878501 0.00040152313772154769 0.0012870442148178464 -0.0083557048652437519 0.0034697786083614287 -0.0035590437212541029 0.0099243440957530876 -0.0060596624237950897 0.0020368948433886046 -0.0051477421740336081 -0.0039151969715021549 0.0056554799092673634 -0.0039864965352795221 -0.0070554894366068772 0.0038914256057069 0.00023409098321280908 -0.00056442123674233218 -0.002322065888438374 0.0011051866185405981 -0.0083255112847490688 0.0025248403288424016 -0.0035558926837984473 -0.001439613120799715 0.0065209332990373682 0.00024106258060783148 -0.00011554725700989367 -0.0040277041967783592 -0.0033693087694700811 -0.0078325720018018862
leaf_weight=22 33 22 37 37 32 55 39 49 30 51 21 26 43 42 24 64 32 21 20 23 21 20 20 22 97 46 20 64 20 23
leaf_count=22 33 22 37 37 32 55 39 49 30 51 21 26 43 42 24 64 32 21 20 23 21 20 20 22 97 46 20 64 20 23
internal_value=5.30009e-12 0.00420101 -0.00233119 0.00541049 -0.00362955 -0.000531404 -0.00104008 0.00596528 -0.0022946 -0.00156587 -7.09988e-05 0.000837006 0.00792911 -0.00476764 -0.00335994 0.00497799 -0.00216138 -0.00374887 -0.00534109 -0.00155869 -0.00199756 -0.00285936 -0.000515526 -0.00434751 0.00547566 0.00199927 -0.00269301 -0.00592693 -0.00590785 -0.00503359
internal_weight=1076 384 692 312 402 290 72 275 185 155 92 150 92 217 98 183 74 63 42 49 140 103 40 63 161 101 41 119 41 87
internal_count=1076 384 692 312 402 290 72 275 185 155 92 150 92 217 98 183 74 63 42 49 140 103 40 63 161 101 41 119 41 87
is_linear=0
shrinkage=0.05


Tree=10
num_leaves=31
num_cat=0
split_feature=11 9 7 33 13 56 11 63 4 50 11 28 50 3 18 68 26 74 68 11 9 15 63 72 13 0 15 0 8 23
split_gain=3.81692 0.76997 0.69208 0.333912 0.313205 0.279937 0.259326 0.222773 0.217335 0.165615 0.162988 0.180606 0.213374 0.151036 0.146217 0.155171 0.130579 0.121038 0.117917 0.110072 0.105864 0.103819 0.125192 0.103151 0.102898 0.101375 0.100461 0.0897515 0.0882401 0.0864072
threshold=0.67451930046081554 -0.55228823423385609 0.031912857666611678 -0.49054133892059321 -0.57947248220443714 0.89833632111549389 0.18807169049978259 0.89998176693916332 -0.80039298534393299 -0.67091146111488331 -0.98847633600234974 0.12935166805982592 0.4626233726739884 -1.1947790980339048 -0.59658911824226368 0.20755752176046374 1.3048974871635439 -0.75405481457710255 0.77203747630119335 1.0528118610382082 0.091437291353940978 0.30070577561855322 -0.14999803155660626 -0.64235088229179371 -0.24011097103357312 0.16609807033091786 -0.36703014373779291 -0.60506513714790333 0.10072199627757074 -0.078290600329637514
decision_type=2 2 2 2 2 2 2 2 2 2 2 2 2 2 2 2 2 2 2 2 2 2 2 2 2 2 2 2 2 2
left_child=1 10 -2 5 7 8 9 19 -3 -5 23 12 13 -12 -11 20 -17 -8 24 -4 -16 22 -19 -1 -6 -23 -24 -13 -10 -25
right_child=2 3 4 6 18 -7 17 -9 28 14 11 27 -14 -15 15 16 -18 21 -20 -21 -22 25 26 29 -26 -27 -28 -29 -30 -31
leaf_value=-0.0026983470740643417 -0.0020879840769339355 -0.0083336822276648421 0.0059637772354796913 -0.0048299917042291226 0.0031910197670286938 0.0010055716679010901 -0.0019243785110302271 0.0014358610843191854 -0.00011926947045139969 0.0034743758506374438 -0.0057193454892302941 -0.001796943593459825 0.0031990840332582595 -0.0011682231506800562 -0.0054188267560675747 0.0028291078164086989 -0.0022423920089336621 0.0060673695127881171 0.0059176127090512856 0.0085225695773670576 -0.00070615411469506482 0.0023681397047384009 -0.00067689086066647665 -0.0073628493301643467 -0.00086568077412349249 -0.0017314733415842059 0.0040141265843994921 -0.0053275939028632514 -0.0045010936187787195 -0.0044227514282933304
leaf_weight=33 36 26 103 26 54 31 20 20 20 20 26 24 20 61 26 30 22 29 26 71 22 38 21 51 22 25 25 72 27 49
leaf_count=33 36 26 103 26 54 31 20 20 20 20 26 24 20 61 26 30 22 29 26 71 22 38 21 51 22 25 25 72 27 49
internal_value=1.05741e-12 -0.00198931 0.00445798 -0.000529626 0.00525411 -0.00297517 0.000307008 0.00643345 -0.00466563 -0.00121217 -0.00376179 -0.00287043 -0.00145778 -0.00252833 -0.000428306 -0.00120884 0.000683473 0.0017108 0.00301106 0.00700788 -0.00325885 0.00223764 0.00349456 -0.0051223 0.00201671 0.000741309 0.00187258 -0.00444493 -0.00263649 -0.0059222
internal_weight=1076 744 332 408 296 104 304 194 73 146 336 203 107 87 120 100 52 158 102 174 48 138 75 133 76 63 46 96 47 100
internal_count=1076 744 332 408 296 104 304 194 73 146 336 203 107 87 120 100 52 158 102 174 48 138 75 133 76 63 46 96 47 100
is_linear=0
shrinkage=0.05


Tree=11
num_leaves=31
num_cat=0
split_feature=11 5 7 11 13 34 69 18 36 7 15 9 11 17 72 69 20 31 34 52 32 62 20 41 32 15 8 13 2 18
split_gain=3.44639 0.812832 0.54265 0.329508 0.214704 0.19664 0.183141 0.181468 0.187257 0.241177 0.227436 0.165953 0.131169 0.128722 0.144262 0.126731 0.127567 0.118538 0.118102 0.11854 0.104747 0.15522 0.104598 0.100817 0.098037 0.140169 0.107968 0.0970364 0.0960852 0.0956106
threshold=0.71849864721298229 -0.2773147970438003 0.031912857666611678 0.11031809821724893 -0.57947248220443714 -1.0231679677963255 1.0500221848487856 -0.15236600488424298 -0.74881741404533375 -0.87404212355613697 1.0000000180025095e-35 0.2362390533089638 1.0611671805381777 1.3350600004196169 0.69356751441955578 0.77091661095619213 0.18538689613342288 -0.5281221568584441 -0.44350869953632349 0.039791399613022811 -0.46406228840351099 0.28615847229957586 1.1058704853057864 0.61299586296081554 0.60378223657608043 0.57301196455955516 -0.030987536534667012 0.99312371015548717 0.86448463797569286 -0.42973126471042628
decision_type=2 2 2 2 2 2 2 2 2 2 2 2 2 2 2 2 2 2 2 2 2 2 2 2 2 2 2 2 2 2
left_child=1 7 -2 24 6 -5 12 8 9 -1 20 18 -4 14 15 16 27 -16 -7 -20 -10 -22 28 29 26 -26 -3 -9 -13 -6
right_child=2 3 4 5 23 11 -8 13 10 -11 -12 22 -14 -15 17 -17 -18 -19 19 -21 21 -23 -24 -25 25 -27 -28 -29 -30 -31
leaf_value=-0.0077453367274332181 -0.0016951999517914374 -0.00304319373675325 0.0055926851754223832 -0.0036118370038457216 0.0029717414781074737 0.0035844137692557913 0.0020052656971687533 -0.002437571477743664 0.0027490874495485736 -0.0012930714138617207 -0.0040227372302089207 0.0027906890500013774 0.0085076061217114335 -0.0015919099371839206 -0.0047356129979432031 -0.0032709750184628373 -0.0086091242847032845 0.00030431909020990134 -0.0027812820898058515 0.00099758834540083705 -0.0030106245184184188 0.0023490256857423286 0.00016894921376977277 0.00051172458101063963 -0.00060628010183930983 -0.0053967548817446505 0.00055365842853023891 -0.0073039368540048603 0.0067081313479043867 0.0070298056606025927
leaf_weight=30 32 34 95 20 47 21 23 21 29 28 47 49 65 34 28 34 48 20 36 49 35 22 23 25 26 37 54 20 23 21
leaf_count=30 32 34 95 20 47 21 23 21 29 28 47 49 65 34 28 34 48 20 36 49 35 22 23 25 26 37 54 20 23 21
internal_value=-3.42176e-12 -0.00179201 0.00446839 -0.000113726 0.00518301 0.00111633 0.00617716 -0.00336858 -0.00225971 -0.00463045 -0.00122585 0.00158679 0.00677687 -0.00440173 -0.00496041 -0.00586763 -0.00685961 -0.00263564 0.000226683 -0.000602874 0.000302677 -0.000941988 0.00310439 0.00322678 -0.001914 -0.00341973 -0.000836034 -0.00481141 0.00404209 0.00422497
internal_weight=1076 768 308 372 276 221 183 396 191 58 133 201 160 205 171 123 89 48 106 85 86 57 95 93 151 63 88 41 72 68
internal_count=1076 768 308 372 276 221 183 396 191 58 133 201 160 205 171 123 89 48 106 85 86 57 95 93 151 63 88 41 72 68
is_linear=0
shrinkage=0.05


Tree=12
num_leaves=31
num_cat=0
split_feature=11 5 7 11 63 13 34 18 47 36 7 14 0 4 17 10 14 27 1 47 39 70 26 67 11 50 0 60 9 45
split_gain=3.11037 0.733581 0.489741 0.297381 0.223311 0.236466 0.177467 0.163827 0.172354 0.155617 0.166566 0.153111 0.150351 0.154638 0.140593 0.117788 0.113738 0.105124 0.194829 0.0996273 0.116481 0.0915491 0.0950634 0.0976371 0.0869817 0.08394 0.0815175 0.0774473 0.0765314 0.0763034
threshold=0.71849864721298229 -0.2773147970438003 0.031912857666611678 0.11031809821724893 1.1160389780998232 -0.57947248220443714 -1.0231679677963255 -0.10033871605992316 0.60284939408302318 -0.74881741404533375 -0.87404212355613697 1.9745752811431887 0.16609807033091786 0.15121876448392871 1.3350600004196169 1.0000000180025095e-35 0.3786387443542481 -0.64685493707656849 -1.1421197056770322 -0.3929923921823501 -0.89341765642166127 0.74654561281204235 1.5548978447914126 -0.24663277715444562 1.0528118610382082 -0.56961002945899952 -0.3708945289254188 -0.75447398424148548 0.15558160841464999 1.0640305280685427
decision_type=2 2 2 2 2 2 2 2 2 2 2 2 2 2 2 2 2 2 2 2 2 2 2 2 2 2 2 2 2 2
left_child=1 7 -2 21 5 24 -5 8 9 10 -1 14 29 -14 15 17 19 18 -9 20 -11 22 23 -3 -4 -25 -7 -26 -15 -8
right_child=2 3 4 6 -6 26 12 11 -10 16 -12 -13 13 28 -16 -17 -18 -19 -20 -21 -22 -23 -24 25 27 -27 -28 -29 -30 -31
leaf_value=-0.006763517925476966 -0.0016104399261166692 -0.0040200281462728464 0.0054195004259948902 -0.0034312451968435201 -0.00016446738620288671 0.0058691397797138922 0.0032987658624714388 -0.0060445085773244501 -0.0051220349469804213 0.001612000401249903 -0.00098713479551056841 -7.5499110971577471e-05 0.0037776631838642065 -0.0027952934679989186 -0.00169118266071564 -0.008142988104373217 -0.0036026852363482418 -0.0057289934242144231 0.00093454817775636919 0.0026955011841510576 -0.0029604025293762486 0.00060394546918330662 -0.0048815596167696637 -0.0030558597041471375 0.0054427170623093848 0.00084787038860667974 0.0022790500687619899 0.0088746908508862063 0.00062410579625672355 -3.4863572745096116e-05
leaf_weight=24 32 29 98 20 20 21 94 20 40 26 26 20 20 36 32 30 22 75 20 31 30 31 30 21 25 40 64 48 30 21
leaf_count=24 32 29 98 20 20 21 94 20 40 26 26 20 20 36 32 30 22 75 20 31 30 31 30 21 25 40 64 48 30 21
internal_value=1.20165e-11 -0.00170241 0.00424497 -0.00010804 0.00492386 0.00532139 0.00106051 -0.00320015 -0.00218829 -0.00145024 -0.0037598 -0.00422229 0.00150745 -7.38852e-05 -0.00469085 -0.00535285 -0.000390813 -0.00462499 -0.00255498 0.000421385 -0.000837501 -0.0018183 -0.00244405 -0.00163155 0.00639277 -0.000496037 0.00316601 0.00769936 -0.00124102 0.00269002
internal_weight=1076 768 308 372 276 256 221 396 199 159 50 197 201 86 177 145 109 115 40 87 56 151 120 90 171 61 85 73 66 115
internal_count=1076 768 308 372 276 256 221 396 199 159 50 197 201 86 177 145 109 115 40 87 56 151 120 90 171 61 85 73 66 115
is_linear=0
shrinkage=0.05


Tree=13
num_leaves=31
num_cat=0
split_feature=11 5 7 11 63 13 21 9 56 56 14 0 21 14 54 56 71 35 8 9 51 35 31 71 5 57 33 11 41 17
split_gain=2.80711 0.662057 0.441992 0.268386 0.201538 0.21341 0.139816 0.140747 0.206406 0.187474 0.141167 0.13862 0.129013 0.163869 0.135346 0.11393 0.104382 0.0972717 0.0921362 0.122296 0.0915908 0.0863568 0.125204 0.101169 0.129023 0.086114 0.0851883 0.078501 0.0756494 0.0749905
threshold=0.71849864721298229 -0.2773147970438003 0.031912857666611678 0.11031809821724893 1.1160389780998232 -0.57947248220443714 1.5959092974662783 -0.5637066364288329 -0.080876387655735002 -1.2057644128799436 0.52832457423210155 0.16609807033091786 0.049288922920823104 -0.082674030214548097 -0.34391525387763971 0.070565637201070799 -0.28937081992626185 0.37984360754489904 -0.20984999090433118 0.3798943310976029 -0.52370095252990712 1.0004323720932009 0.35381098091602331 -0.3453098982572555 0.51847010850906383 0.43497365713119512 0.56424650549888622 1.0528118610382082 0.07398299872875215 0.98141202330589306
decision_type=2 2 2 2 2 2 2 2 2 2 2 2 2 2 2 2 2 2 2 2 2 2 2 2 2 2 2 2 2 2
left_child=1 6 -2 21 5 27 7 12 9 -9 -10 20 14 -14 16 -16 -1 -7 -13 25 -5 22 23 -3 -25 -20 -24 28 -4 -15
right_child=2 3 4 11 -6 17 -8 8 10 -11 -12 18 13 29 15 -17 -18 -19 19 -21 -22 -23 26 24 -26 -27 -28 -29 -30 -31
leaf_value=-0.0010611705792446932 -0.0015299179721296242 -0.00043158464585289812 0.0031062405150864398 -0.0010572928417241201 -0.00015624413383193316 0.001822229867991011 -0.0071137552475556733 -0.00078458463590916089 0.0019304659053096145 -0.0071017087220146399 -0.0025724562949367932 0.0024154937560004848 0.00032557105566477886 -0.0049122829523565639 -0.0036524622227788271 -0.0073004918743153017 -0.0051999412078876052 0.0054210171045269819 -0.0051208450719492423 0.0019437924941303208 0.0026210850077702415 -0.0047875905316323046 0.0023702384349113953 -0.0065807990079823258 -0.0012142556891333136 -0.00091664745905918306 -0.0016743419079474457 0.0073143894069713283 0.0060934631593539314 -0.0012063779946765863
leaf_weight=39 32 33 31 20 20 57 20 23 46 24 28 21 41 43 38 49 25 28 21 20 110 20 30 24 21 29 23 73 67 20
leaf_count=39 32 33 31 20 20 57 20 23 46 24 28 21 41 43 38 49 25 28 21 20 110 20 30 24 21 29 23 73 67 20
internal_value=-6.46282e-13 -0.00161729 0.00403272 -0.000102638 0.00467767 0.00505532 -0.00304015 -0.00282347 -0.00141912 -0.00401035 0.000226658 0.00100749 -0.00348984 -0.00213469 -0.00442319 -0.0057071 -0.00267788 0.00300771 -0.000489223 -0.00136064 0.00205518 -0.00172739 -0.00126018 -0.00253437 -0.00407641 -0.00268241 0.000615043 0.00607313 0.00514853 -0.00373581
internal_weight=1076 768 308 372 276 256 396 376 121 47 74 221 255 104 151 87 64 85 91 70 130 151 131 78 45 50 53 171 98 63
internal_count=1076 768 308 372 276 256 396 376 121 47 74 221 255 104 151 87 64 85 91 70 130 151 131 78 45 50 53 171 98 63
is_linear=0
shrinkage=0.05


Tree=14
num_leaves=31
num_cat=0
split_feature=11 5 7 11 63 29 34 18 26 14 41 15 34 47 17 4 72 41 37 4 12 11 40 75 30 27 31 39 71 5
split_gain=2.53341 0.597506 0.398897 0.242219 0.182835 0.165858 0.161195 0.139719 0.154992 0.13725 0.168347 0.133236 0.13554 0.12662 0.116102 0.111364 0.13091 0.110001 0.130088 0.106429 0.094801 0.122823 0.0878038 0.156767 0.0974764 0.0839116 0.0928863 0.106421 0.0930067 0.0985666
threshold=0.71849864721298229 -0.2773147970438003 0.031912857666611678 0.11031809821724893 0.94794791936874401 0.050054423511028297 -1.0231679677963255 -0.10033871605992316 -1.2558155059814451 1.9745752811431887 0.24595548957586291 0.30070577561855322 -0.30411233007907862 0.59906086325645458 1.3350600004196169 0.081857267767190947 0.61523130536079418 0.25566610693931585 0.071849156171083464 -0.1987505108118057 0.33869306743144995 1.0528118610382082 -0.22359152883291242 1.0000000180025095e-35 -0.6879238188266753 0.76942330598831188 0.35381098091602331 0.77144762873649608 -0.3453098982572555 0.51847010850906383
decision_type=2 2 2 2 2 2 2 2 2 2 2 2 2 2 2 2 2 2 2 2 2 2 2 2 2 2 2 2 2 2
left_child=1 7 -2 25 5 -4 -5 8 -1 10 14 -8 -13 17 15 16 -9 18 22 -12 21 -7 24 -24 -10 26 28 -28 -3 -30
right_child=2 3 4 6 -6 20 11 9 13 -11 19 12 -14 -15 -16 -17 -18 -19 -20 -21 -22 -23 23 -25 -26 -27 27 -29 29 -31
leaf_value=-0.0061282365256920459 -0.0014534220787027154 -6.2793626960727468e-05 0.0025670394749613482 -0.0033237632934469729 0.00045327724656090145 0.0038090212431026969 0.0027028070106580905 -0.0043544820245439587 0.00017498661660023834 9.4055150402709851e-05 -0.0094732521944457596 0.0031704550535694045 -0.0009536924444929403 -0.0040924384988643035 -0.00041959507264740142 -0.0063926867136199564 0.00047533252043649557 0.0018804456033103636 -0.0051834321429487318 -0.0047272317628354633 0.0081119110236965841 0.0065977005657982344 -0.0020496086256268126 0.0037270558203327596 -0.004489573859609664 -0.0042254232282105553 0.0026125851812366821 -0.0021628122504262141 -0.0058220918193304296 -0.0011887234794399279
leaf_weight=20 32 31 60 20 26 86 98 47 21 20 21 27 76 37 27 35 20 30 20 27 31 73 24 23 24 26 28 20 24 22
leaf_count=20 32 31 60 20 26 86 98 47 21 20 21 27 76 37 27 35 20 30 20 27 31 73 24 23 24 26 28 20 24 22
internal_value=1.09149e-11 -0.00153643 0.00383109 -9.75057e-05 0.00444379 0.0048588 0.000957111 -0.00288814 -0.00195369 -0.00383208 -0.00427571 0.00138307 0.000127395 -0.00148726 -0.00333509 -0.00410684 -0.00291275 -0.000808441 -0.00152868 -0.00680362 0.00558251 0.00508936 -0.000734167 0.00077727 -0.00231278 -0.00164102 -0.00110346 0.000622836 -0.00217959 -0.00360613
internal_weight=1076 768 308 372 276 250 221 396 199 197 177 201 103 179 129 102 67 142 112 48 190 159 92 47 45 151 125 48 77 46
internal_count=1076 768 308 372 276 250 221 396 199 197 177 201 103 179 129 102 67 142 112 48 190 159 92 47 45 151 125 48 77 46
is_linear=0
shrinkage=0.05


Tree=15
num_leaves=31
num_cat=0
split_feature=11 5 9 9 33 56 12 6 50 30 31 4 69 26 11 28 50 11 11 59 45 14 16 23 31 5 71 56 10 30
split_gain=2.28988 0.572882 0.435994 0.233315 0.202164 0.190965 0.142715 0.237342 0.141979 0.175215 0.149682 0.140687 0.13798 0.128065 0.122542 0.150125 0.172942 0.111711 0.0990022 0.102572 0.0935042 0.0862806 0.0769653 0.0878754 0.0759172 0.0944141 0.0744749 0.0887773 0.0727727 0.13284
threshold=0.60786521434783947 0.37872390449047094 -0.55228823423385609 0.21782685071229937 -0.49054133892059321 0.89833632111549389 -0.40131193399429316 -0.037676488980650895 -0.68162044882774342 -0.35228103399276728 0.19393627345561984 -0.80039298534393299 0.20924162864685061 1.3871991634368899 -0.98847633600234974 0.12935166805982592 0.4626233726739884 0.11031809821724893 0.21841063350439074 -0.29422470927238459 0.17475543916225436 -0.71615391969680775 -0.61186376214027394 -0.096002288162708269 0.05956163443624974 -0.054473718628287308 -0.076831884682178483 0.29744540154933935 -0.72061491012573231 -0.56969612836837757
decision_type=2 2 2 2 2 2 2 2 2 2 2 2 2 2 2 2 2 2 2 2 2 2 2 2 2 2 2 2 2 2
left_child=2 3 14 12 5 11 7 -3 17 -10 18 -4 -2 26 28 16 20 -6 19 -11 -16 -8 -23 -24 -17 -26 -12 -28 29 -1
right_child=1 6 4 -5 8 -7 21 -9 9 10 13 -13 -14 -15 15 24 -18 -19 -20 -21 -22 22 23 -25 25 -27 27 -29 -30 -31
leaf_value=-0.0056165395316814908 0.00069946683686880748 0.0043629783671658906 -0.0068145760241895923 0.0026569430670905407 -0.0048426240804308861 0.00096398555559668855 0.0071605255212634812 -0.0008814039307513408 0.0033047890577458578 -0.00045904119139198558 0.0003947882850367863 -0.0021721622255194855 -0.0045848912695267549 -0.0015722725022998122 -0.0030784986963077578 -0.0014679026500932103 0.0033138864208012821 -0.00018392825769560954 0.00061709235964841475 -0.0050583144294149762 0.0003916901955381036 0.0073588698264211412 0.0010278817580547184 0.0048888954059553465 -0.0059782362577693897 -0.002097347266506404 0.0013888221117667856 0.0059915919438935823 -0.0058844147194865469 -0.0017578461780902691
leaf_weight=38 21 94 25 41 22 30 50 28 52 22 26 47 30 27 55 29 20 31 31 27 30 20 20 56 42 25 20 22 41 54
leaf_count=38 21 94 25 41 22 30 50 28 52 22 26 47 30 27 55 29 20 31 31 27 30 20 20 56 42 25 20 22 41 54
internal_value=3.75801e-13 0.00325294 -0.00163555 -0.00015134 -0.000481848 -0.00238761 0.00442157 0.00315935 0.000212395 0.000756432 -7.93885e-07 -0.00378411 -0.00240898 0.0013411 -0.00295506 -0.00217601 -0.000869419 -0.00211773 -0.00159429 -0.00299333 -0.00185373 0.0054763 0.0045991 0.00387284 -0.00360509 -0.00453014 0.00249788 0.0037998 -0.00413243 -0.00335165
internal_weight=1076 360 716 92 382 102 268 122 280 227 175 72 51 95 334 201 105 53 80 49 85 146 96 76 96 67 68 42 133 92
internal_count=1076 360 716 92 382 102 268 122 280 227 175 72 51 95 334 201 105 53 80 49 85 146 96 76 96 67 68 42 133 92
is_linear=0
shrinkage=0.05


Tree=16
num_leaves=31
num_cat=0
split_feature=11 5 3 63 11 3 12 18 5 40 15 53 14 41 10 34 45 12 8 51 63 68 16 64 48 57 47 4 12 4
split_gain=2.06939 0.491378 0.329437 0.206792 0.19762 0.163296 0.150238 0.123671 0.139279 0.14271 0.132111 0.126013 0.121387 0.146109 0.123942 0.113057 0.136523 0.103956 0.136534 0.0994685 0.100968 0.0988931 0.0975179 0.0891051 0.0863651 0.0850809 0.0844635 0.081253 0.0755318 0.0823506
threshold=0.71849864721298229 -0.2773147970438003 -0.071726076304912553 1.0963446497917178 0.11031809821724893 0.98683574795722973 0.60131114721298229 -0.10033871605992316 -1.8829408288002012 -0.22359152883291242 1.0000000180025095e-35 -0.92315489053726185 1.9745752811431887 0.24595548957586291 -0.060477521270513528 -0.97352477908134449 1.1928016543388369 -0.35809026658534998 -0.43816791474819178 0.55874282121658336 0.25394260883331304 0.35558022558689123 -0.59877574443817128 -0.63749152421951283 -0.33842289447784418 -0.80970293283462513 0.23611402511596682 0.35334253311157232 2.0404719114303593 1.7702867984771731
decision_type=2 2 2 2 2 2 2 2 2 2 2 2 2 2 2 2 2 2 2 2 2 2 2 2 2 2 2 2 2 2
left_child=1 7 -2 5 28 17 15 8 -1 11 -11 -10 13 14 19 -6 22 18 -4 20 25 -15 -17 -13 -24 -9 -19 -7 29 -3
right_child=2 4 3 -5 6 27 -8 12 9 10 -12 23 -14 21 -16 16 -18 26 -20 -21 -22 -23 24 -25 -26 -27 -28 -29 -30 -31
leaf_value=-0.0048748267193635311 -0.0027427918420289644 -0.0012442908666068407 0.0035667817089556444 -0.00055019616508313149 -0.0031273945478129794 0.0068289468384630583 0.0035212758969147364 -6.3772439075957828e-05 -0.0059938026946924983 0.0016113719158276016 -0.0026226464169600084 -0.0034936167773169779 0.00018980036067659968 -0.0043566325604583005 -0.0056868069565318754 0.0044431366359016728 -0.0028555641649290922 0.0028732125496710925 -0.00054214606032473975 -0.0052721297065727417 0.001740425510215573 -0.0089600422384683055 -0.0012871853421529524 0.00027146097237357137 0.0016857814804289344 -0.0040252679352168787 0.0062255463616262812 0.0035556179345943607 0.001229975819164379 -0.0042346276156604292
leaf_weight=30 20 99 62 24 22 70 43 23 21 58 27 30 20 28 33 21 23 34 30 20 20 20 36 33 76 33 42 26 22 30
leaf_count=30 20 99 62 24 22 70 43 23 21 58 27 30 20 28 33 21 23 34 30 20 20 20 36 33 76 33 42 26 22 30
internal_value=-2.79002e-12 -0.00138861 0.0034625 0.00389342 -8.37187e-05 0.00429739 0.000868872 -0.00261441 -0.00173526 -0.00117794 0.000266448 -0.00263953 -0.00350249 -0.00391969 -0.00304341 0.000228123 0.000701337 0.00335737 0.00222691 -0.00213474 -0.00130911 -0.00627472 0.00131644 -0.00152143 0.000730185 -0.00239823 0.00472582 0.00594242 -0.00147791 -0.00193972
internal_weight=1076 768 308 288 372 264 221 396 199 169 85 84 197 177 129 178 156 168 92 96 76 48 133 63 112 56 76 96 151 129
internal_count=1076 768 308 288 372 264 221 396 199 169 85 84 197 177 129 178 156 168 92 96 76 48 133 63 112 56 76 96 151 129
is_linear=0
shrinkage=0.05


Tree=17
num_leaves=31
num_cat=0
split_feature=11 5 5 14 25 62 15 32 17 15 47 40 32 61 24 11 12 64 34 8 17 61 50 1 32 8 0 1 70 31
split_gain=1.87061 0.476661 0.329456 0.213253 0.140424 0.140194 0.13341 0.212915 0.12923 0.12472 0.153776 0.14904 0.143269 0.125205 0.121341 0.111352 0.107487 0.0974978 0.0953566 0.0926879 0.0895738 0.0865871 0.100318 0.117463 0.11462 0.0823408 0.0879316 0.0809778 0.100661 0.0800261
threshold=0.60786521434783947 0.37872390449047094 -0.2773147970438003 -0.53498247265815724 0.25358600914478308 -0.93025031685829151 0.207519605755806 0.60378223657608043 0.26309683918952947 -0.26879511773586268 0.57863527536392223 -0.5023796260356902 -0.07655663043260573 -1.1705973148345945 -0.23787400871515271 0.42090144753456121 -0.71734839677810658 0.082209598273038878 0.44884462654590612 -0.66051924228668202 0.41692666709423071 -1.5034006834030149 0.4193739145994187 -0.53070226311683644 -0.10715083405375479 0.73913398385047924 1.0000000180025095e-35 0.18074118345975879 -0.17407628893852231 0.82664665579795849
decision_type=2 2 2 2 2 2 2 2 2 2 2 2 2 2 2 2 2 2 2 2 2 2 2 2 2 2 2 2 2 2
left_child=2 3 9 20 -5 -4 15 29 16 10 11 17 -13 -14 -10 -7 19 -1 -18 -3 -2 -11 24 -24 25 26 -23 -9 -29 -8
right_child=1 8 5 4 -6 6 7 27 14 21 -12 12 13 -15 -16 -17 18 -19 -20 -21 -22 22 23 -25 -26 -27 -28 28 -30 -31
leaf_value=-0.0041142976905287404 0.0042902673621429133 0.0045679421082075516 -0.0038234570887512886 0.00027114534927734542 -0.0051961257879156626 0.00046715814417123573 -0.00043575244575937388 -0.0047261858210814276 0.0036880613581554314 -0.0064144501811824739 -0.0046390089810302015 0.0028119578665944957 -0.0039719037254816727 0.001048285984951589 -0.0010010197356512601 0.0040935863507911563 0.0057171716393875707 0.00014389487158041446 0.0026048628046798209 -0.00013511072378605604 -0.00019906514469766992 -0.0016017128293321508 -0.0028457377442812669 0.001581002156705257 -0.0055090937820601871 -3.7517722534096762e-06 -0.0061348395422101028 -0.0039524637317905819 0.00083553050543465053 0.0025369776438714728
leaf_weight=41 25 22 26 23 24 98 61 33 37 20 32 38 23 27 22 27 137 20 30 20 20 23 47 22 55 23 20 21 23 36
leaf_count=41 25 22 26 23 24 98 61 33 37 20 32 38 23 27 22 27 137 20 30 20 20 23 47 22 55 23 20 21 23 36
internal_value=-7.91835e-13 0.00294009 -0.00147826 -0.000165166 -0.00252065 -0.000301846 4.38113e-06 -0.000890795 0.00400607 -0.00245609 -0.00149421 -0.000818819 0.000497777 -0.001261 0.00193959 0.00125047 0.00458943 -0.00271817 0.00515807 0.00232839 0.00229501 -0.00328514 -0.00295574 -0.00143431 -0.00382333 -0.00241852 -0.00371014 -0.00285388 -0.00144965 0.000667529
internal_weight=1076 360 716 92 47 325 299 174 268 391 181 149 88 50 59 125 209 61 167 42 45 210 190 69 121 66 43 77 44 97
internal_count=1076 360 716 92 47 325 299 174 268 391 181 149 88 50 59 125 209 61 167 42 45 210 190 69 121 66 43 77 44 97
is_linear=0
shrinkage=0.05


Tree=18
num_leaves=31
num_cat=0
split_feature=11 5 3 63 11 3 12 41 19 21 21 14 37 0 12 8 50 59 5 36 10 51 6 63 35 27 59 32 73 64
split_gain=1.68846 0.400055 0.276793 0.179309 0.164925 0.138431 0.132198 0.105592 0.12017 0.14241 0.145283 0.177655 0.105217 0.105178 0.0914037 0.119938 0.090055 0.0858941 0.0851055 0.0827311 0.117507 0.132446 0.0783747 0.0747048 0.072024 0.0703639 0.0761783 0.0767845 0.0831217 0.0729578
threshold=0.71849864721298229 -0.2773147970438003 -0.071726076304912553 1.0963446497917178 0.11031809821724893 0.98683574795722973 0.60131114721298229 1.0775896906852724 -1.901491045951843 -0.23433090001344678 1.4146980047225954 -0.23371022939682004 0.20285935699939731 0.16609807033091786 0.052890544757246978 -0.47852353751659388 -0.46430435776710505 0.74665123224258434 -1.1685900688171384 -0.45379011332988733 -0.74794957041740406 -1.0133571624755857 0.69269391894340526 -0.83115026354789723 0.14901712536811831 0.76942330598831188 -0.92873239517211903 0.67957326769828807 0.059646461158990867 0.34372821450233465
decision_type=2 2 2 2 2 2 2 2 2 2 2 2 2 2 2 2 2 2 2 2 2 2 2 2 2 2 2 2 2 2
left_child=1 7 -2 5 25 14 13 8 -1 12 11 -11 19 17 15 -4 -15 -6 -13 -10 21 -21 -8 -22 -7 26 -3 29 -29 -28
right_child=2 4 3 -5 6 24 22 -9 9 10 -12 18 -14 16 -16 -17 -18 -19 -20 20 23 -23 -24 -25 -26 -27 27 28 -30 -31
leaf_value=0.001560838753634709 -0.0025602906773565339 -0.0036051686853170398 0.003489951667710912 -0.00061519253164685032 0.002111024304254291 0.0033820596562388044 0.0054662591068162809 -0.0050244660294779088 -0.0049633355543483052 0.0014695323235719116 -0.0051549449208488857 -0.0044667841193990572 -0.0063839956191368398 -0.0041146766720339661 0.0050533174304291609 0.00025401827073107022 -0.00018707128539164036 -0.0010933171941673963 -0.0011812528024414837 -0.0028419725325269005 -0.0053830275905408691 0.0022629330645637918 0.0011958322186149996 -0.0015733343168077144 0.0063367471254120282 -0.0037171536555083901 -0.00058775281190480064 0.00031915713101625447 -0.004184802295640111 0.0028901240332052116
leaf_weight=21 20 21 82 24 75 30 21 34 35 55 22 27 25 20 42 44 54 29 73 27 31 24 22 22 66 26 38 20 21 25
leaf_count=21 20 21 82 24 75 30 21 34 35 55 22 27 25 20 42 44 54 29 73 27 31 24 22 22 66 26 38 20 21 25
internal_value=3.08366e-12 -0.00125431 0.00312763 0.00352262 -7.69053e-05 0.00389879 0.000793326 -0.00236035 -0.00211013 -0.0023362 -0.00135265 -0.00081297 -0.00339772 0.000192277 0.00303329 0.00235994 -0.00124859 0.00121751 -0.00206835 -0.00286062 -0.00215298 -0.000439664 0.00328139 -0.00380165 0.00541341 -0.00135055 -0.000858302 -0.000303646 -0.00198775 0.000792357
internal_weight=1076 768 308 288 372 264 221 396 362 341 177 155 164 178 168 126 74 104 100 139 104 51 43 53 96 151 125 104 41 63
internal_count=1076 768 308 288 372 264 221 396 362 341 177 155 164 178 168 126 74 104 100 139 104 51 43 53 96 151 125 104 41 63
is_linear=0
shrinkage=0.05


Tree=19
num_leaves=31
num_cat=0
split_feature=5 16 1 33 9 15 61 73 13 41 58 12 17 27 12 56 15 70 27 63 74 24 6 64 50 42 28 2 31 14
split_gain=1.48314 0.399428 0.222276 0.21302 0.206858 0.184589 0.176101 0.167175 0.139446 0.138412 0.136801 0.126468 0.124091 0.123571 0.112123 0.107501 0.102613 0.0939111 0.115615 0.0934103 0.124637 0.0892235 0.124232 0.0885943 0.0876516 0.179509 0.0895627 0.081318 0.0776393 0.0974302
threshold=0.16054579615592959 0.10372145101428033 -0.40166619420051569 -0.39089044928550715 -0.55228823423385609 0.34356109797954565 -0.12463953346014021 -0.94573450088500965 -0.80238008499145497 0.25233855843544012 0.04880522936582566 -0.33384540677070612 0.079765629023313536 0.57820934057235729 -0.25363065302371973 -0.43009679019451136 0.20144622772932055 0.38284906744956976 -0.14213945716619489 -0.85984447598457325 0.43062235414981848 -0.70506051182746876 -0.90577858686447132 0.064834304153919234 0.4626233726739884 -0.61731040477752674 0.12935166805982592 0.76498252153396618 0.77174666523933422 0.751692295074463
decision_type=2 2 2 2 2 2 2 2 2 2 2 2 2 2 2 2 2 2 2 2 2 2 2 2 2 2 2 2 2 2
left_child=3 2 23 7 24 8 10 21 -4 17 -3 15 -11 19 -8 -7 -16 18 -6 -9 -21 -1 -23 -2 25 -5 -26 -12 29 -18
right_child=1 6 5 4 9 11 14 13 -10 12 27 -13 -14 -15 16 -17 28 -19 -20 20 -22 22 -24 -25 26 -27 -28 -29 -30 -31
leaf_value=0.00089051657299878031 -0.0027260526105584134 0.0056512203688422842 0.0059752232039739436 -0.00037483028938165974 0.0033057077975668526 -0.0030606363015249372 -0.00420540328736284 -0.005136748571119204 0.0032714144827082239 0.0050338749772587711 -0.0015867622499354185 0.0036427065812555761 0.00039236074980079954 -0.0066692110989606595 0.0024667525353531047 0.0019027965015917898 -0.00030448880633744208 -0.0026571163735934536 -0.0015379345925144404 -0.0045456962454516218 -0.00060570283830926126 -0.0047851305161775264 0.0001063035884872079 0.0019238114811014385 0.0021971709004719744 -0.0043693659727772078 -0.0025347079889615999 0.0029220630833879115 0.00036981648089304725 -0.005015015588807209
leaf_weight=33 21 21 76 45 22 20 21 41 128 24 20 36 36 32 27 24 23 40 28 34 49 27 25 20 20 75 20 20 47 21
leaf_count=33 21 21 76 45 22 20 21 41 128 24 20 36 36 32 27 24 23 40 28 34 49 27 25 20 20 75 20 20 47 21
internal_value=3.6581e-12 0.00190174 0.00298363 -0.001812 -0.000945174 0.00348046 0.000143666 -0.00292701 0.00427872 0.000388778 0.00238331 0.0014449 0.00224897 -0.00389907 -0.000839197 -0.000353309 -0.000240126 -0.000851347 0.000593268 -0.00318419 -0.00221968 -0.00114299 -0.00243348 -0.000457826 -0.00219575 -0.00287142 -0.000168769 0.00066765 -0.00104327 -0.00255269
internal_weight=1076 525 325 551 310 284 200 241 204 150 61 80 60 156 139 44 118 90 50 124 83 85 52 41 160 120 40 40 91 44
internal_count=1076 525 325 551 310 284 200 241 204 150 61 80 60 156 139 44 118 90 50 124 83 85 52 41 160 120 40 40 91 44
is_linear=0
shrinkage=0.05


Tree=20
num_leaves=31
num_cat=0
split_feature=11 9 3 33 12 48 11 35 13 33 17 51 24 12 0 55 11 67 5 66 7 32 49 35 18 36 15 18 15 11
split_gain=1.38221 0.330762 0.233075 0.18652 0.169161 0.158023 0.130982 0.156355 0.126307 0.115649 0.101806 0.100858 0.0988625 0.170787 0.130987 0.0965475 0.095366 0.0934433 0.100726 0.0876659 0.0865225 0.0833485 0.0799722 0.077721 0.0901711 0.0776512 0.074306 0.0735706 0.0712145 0.0678666
threshold=0.71849864721298229 -0.55228823423385609 -0.071726076304912553 -0.82969152927398671 1.1420021057128908 -1.2523234486579893 0.32184275984764105 -0.37623192369937891 -0.84569606184959401 -0.17330603301525113 -0.11849538981914519 -0.62304022908210743 -0.32364474236965174 -0.78649413585662831 -0.60506513714790333 0.70045927166938793 -0.62624534964561451 -0.15886351466178891 0.37872390449047094 -0.19971573352813718 -1.3673950433731077 -0.044654358178377145 0.15197370946407321 0.3782553523778916 -0.32348202168941492 -0.67000809311866749 0.82538944482803356 -0.24906197935342786 0.41016423702239996 -0.6857241392135619
decision_type=2 2 2 2 2 2 2 2 2 2 2 2 2 2 2 2 2 2 2 2 2 2 2 2 2 2 2 2 2 2
left_child=1 12 -2 19 6 -4 7 22 25 -9 -6 -8 13 29 26 23 21 -13 -19 -3 -15 -16 -5 24 -10 -7 -14 -11 -18 -1
right_child=2 3 5 4 10 8 11 9 15 27 -12 17 14 20 16 -17 28 18 -20 -21 -22 -23 -24 -25 -26 -27 -28 -29 -30 -31
leaf_value=-0.0057529121722010058 -0.0023896337380938347 -0.0049308063052594664 -0.00088026243981651278 0.0025969751677621389 0.00476644225990943 0.0073903597295284272 -0.0020356301800347866 -0.0054422923282760639 0.0010147956444151614 0.000708293746639457 0.00049176928452932488 0.0038232781214901481 -3.2030766305979341e-05 -0.0022170497461800175 -0.0030126068628710022 -0.00021808848250657321 -0.0045732046943157915 -0.0020101588270626963 0.0017864574224623884 -0.001252349547196544 0.0011092000351830696 -0.0065733192302840984 -0.0012683131023431603 0.0045883003474834066 0.0043208245258552561 0.0041378886884321335 -0.0034640237208805047 -0.0024692037612632188 -0.0012968774522156565 -0.0017790642633501972
leaf_weight=22 20 25 22 32 30 25 24 23 55 27 26 32 46 29 27 24 27 25 58 46 60 42 23 60 33 69 24 56 43 21
leaf_count=22 20 25 22 32 30 25 24 23 55 27 26 32 46 29 27 24 27 25 58 46 60 42 23 60 33 69 24 56 43 21
internal_value=7.05011e-12 -0.00113487 0.0028298 -0.00020759 0.000259094 0.00319227 -0.000211806 -0.00118256 0.00352909 -0.00230495 0.00278177 0.000912592 -0.00229601 -0.00122475 -0.00297259 0.00272363 -0.00386088 0.00152787 0.000642898 -0.00254758 2.53658e-05 -0.00518 0.000980582 0.00320067 0.00225456 0.00500291 -0.00120871 -0.00143556 -0.0025606 -0.0038122
internal_weight=1076 768 308 427 356 288 300 161 266 106 56 139 341 132 209 172 139 115 83 71 89 69 55 148 88 94 70 83 70 43
internal_count=1076 768 308 427 356 288 300 161 266 106 56 139 341 132 209 172 139 115 83 71 89 69 55 148 88 94 70 83 70 43
is_linear=0
shrinkage=0.05


Tree=21
num_leaves=31
num_cat=0
split_feature=5 15 1 61 7 61 9 18 37 17 9 14 54 62 12 41 24 12 0 71 32 62 38 68 21 23 56 40 41 40
split_gain=1.20989 0.336441 0.25474 0.201951 0.166632 0.162545 0.141945 0.135008 0.113119 0.165236 0.118866 0.138581 0.117028 0.110183 0.106666 0.105288 0.0923989 0.141003 0.123404 0.0822538 0.0820277 0.0765927 0.0765543 0.084299 0.070234 0.0677332 0.0667036 0.063138 0.0640741 0.0599611
threshold=0.16054579615592959 0.30781820416450506 -1.0799897313117979 1.329030513763428 0.7864685356616975 0.56350821256637584 -0.55228823423385609 0.058082692325115211 -0.5210486352443694 0.18417616188526156 -0.017809423618018624 0.33893480896949774 -0.85070890188217152 -0.61001908779144276 -0.33384540677070612 0.47643148899078375 -0.32364474236965174 -0.78649413585662831 -0.60506513714790333 -0.81329646706581105 0.073806226253509535 0.47905962169170385 -0.29783897101879114 -0.46561557054519648 -0.053693365305662148 -0.16920923441648481 0.070565637201070799 0.2545743882656098 0.58222481608390819 0.035591660067439086
decision_type=2 2 2 2 2 2 2 2 2 2 2 2 2 2 2 2 2 2 2 2 2 2 2 2 2 2 2 2 2 2
left_child=6 2 -2 7 5 19 16 14 10 13 11 -8 -11 -10 -3 -7 17 25 -18 -4 26 -15 23 -19 -6 -1 -20 -9 -29 -22
right_child=1 3 4 -5 24 15 8 27 9 12 -12 -13 -14 21 -16 -17 18 22 20 -21 29 -23 -24 -25 -26 -27 -28 28 -30 -31
leaf_value=-0.0054720795996811081 -0.002733007653441746 0.00050046949669025665 0.0058589986481127291 -0.0035817642561009814 0.0030651447830181994 0.0018743044818707165 0.001758781101047394 0.00096753342763687938 0.0048947730821303354 -0.0043781883447714482 -0.0043999064148270662 -0.0034189491028276588 -0.00020215205112171752 -0.0016155991581312959 0.0040649565161779387 -0.0031947468849830331 -0.0012809450489462157 0.001071041002869606 -0.00035201711474325173 0.0024790376075803319 -0.0073731213691644376 0.0026059999017888913 0.0016419264758563185 -0.003179143435720887 0.0056288729531094282 -0.0014935183552734089 -0.0040609534536660821 -0.0032485906227395452 0.00032978634540499615 -0.004160102674263126
leaf_weight=23 20 43 21 31 44 21 28 39 22 23 35 24 62 21 41 20 65 20 22 126 20 22 36 28 68 20 27 29 22 53
leaf_count=23 20 43 21 31 44 21 28 39 22 23 35 24 62 21 41 20 65 20 22 126 20 22 36 28 68 20 27 29 22 53
internal_value=7.12285e-12 0.00171764 0.00273073 0.000136238 0.00309498 0.00218544 -0.00163659 0.00079864 -0.000712861 0.000119051 -0.00214719 -0.000630941 -0.00133214 0.00201676 0.00224028 -0.000598404 -0.0023338 -0.00129302 -0.00304064 0.00296189 -0.00397818 0.000544289 -0.000101022 -0.00140823 0.00462169 -0.00362159 -0.00239572 -0.000546889 -0.00170498 -0.00504038
internal_weight=1076 525 320 205 300 188 551 174 237 150 87 52 85 65 84 41 314 127 187 147 122 43 84 48 112 43 49 90 51 73
internal_count=1076 525 320 205 300 188 551 174 237 150 87 52 85 65 84 41 314 127 187 147 122 43 84 48 112 43 49 90 51 73
is_linear=0
shrinkage=0.05


Tree=22
num_leaves=31
num_cat=0
split_feature=11 9 25 8 12 33 12 48 18 12 34 4 15 37 69 3 12 24 0 11 10 17 66 11 16 28 37 50 12 46
split_gain=1.13096 0.257756 0.243739 0.171414 0.225741 0.156205 0.142429 0.111573 0.108582 0.152181 0.145823 0.136017 0.112848 0.0980265 0.104924 0.0971139 0.0813386 0.128198 0.117571 0.0831444 0.0814765 0.0808557 0.0800041 0.0732389 0.0710417 0.0676457 0.0650492 0.089963 0.0748301 0.0590733
threshold=0.66560316085815441 -0.55228823423385609 1.1477078795433047 -0.43816791474819178 -0.058194531127810471 -0.82969152927398671 1.1420021057128908 -0.5722464621067046 -0.39377894997596735 -0.27981825172901148 -0.94031423330306996 1.3547337055206301 -0.85859632492065419 0.3658034354448319 0.46929523348808294 0.22791252285242083 -1.1898190975189207 -0.32364474236965174 -0.60506513714790333 -0.69825768470764149 -0.97463747859001149 -0.11849538981914519 -0.19971573352813718 1.1594006419181826 -0.55971473455429066 0.12935166805982592 0.37814286351203924 0.28763519227504736 0.28010736405849462 -0.36590026319026941
decision_type=2 2 2 2 2 2 2 2 2 2 2 2 2 2 2 2 2 2 2 2 2 2 2 2 2 2 2 2 2 2
left_child=1 16 3 13 7 22 8 -5 10 15 -7 26 -12 14 -2 -10 -1 20 -19 -20 29 -8 -3 -15 -14 -21 28 -28 -11 -18
right_child=2 5 -4 4 -6 6 21 -9 9 11 12 -13 24 23 -16 -17 17 18 19 25 -22 -23 -24 -25 -26 -27 27 -29 -30 -31
leaf_value=-0.0045581251893553046 0.003647525547190555 -0.0046500807124539283 -0.0028099920046294018 -0.0026479599320075732 0.0037244918413177532 -0.0024935844977418044 0.0043498690968684466 0.0013023031718964774 -0.0058938954385336154 0.001294947768011215 -0.00054289430487327857 -0.002911205984213773 0.0053290353729747815 0.0039017115142752435 -7.7907509963821495e-05 -0.0011402816677998221 -0.0033143375359941277 -0.00089439369682500617 -0.0048017977482583867 8.4469888714097804e-05 0.0011932239183806816 0.00050995864462143243 -0.0011360431881494942 0.0068742580090959864 0.0015566211698266367 -0.0032873295012441485 -0.00011972737099443163 0.0044555263233963744 -0.0022193382593936155 -0.00014599820274123623
leaf_weight=31 63 25 21 33 56 22 29 39 22 33 26 34 26 67 27 21 28 67 62 21 44 26 46 30 24 51 21 22 28 31
leaf_count=31 63 25 21 33 56 22 29 39 22 33 26 34 26 67 27 21 28 67 62 21 44 26 46 30 24 51 21 22 28 31
internal_value=8.30244e-12 -0.0010923 0.00240566 0.00275337 0.00134358 -0.000243602 0.000209136 -0.000508234 -0.000249297 -0.000975102 0.00109122 -0.000165811 0.00212893 0.00371836 0.0025299 -0.00357236 -0.00211834 -0.00186954 -0.00260456 -0.00345964 -0.000435199 0.00253464 -0.00237338 0.00482106 0.00351828 -0.00230389 0.000731722 0.0022211 -0.000318167 -0.00164962
internal_weight=1076 740 336 315 128 405 334 72 279 181 98 138 76 187 90 43 335 304 201 134 103 55 71 97 50 72 104 43 61 59
internal_count=1076 740 336 315 128 405 334 72 279 181 98 138 76 187 90 43 335 304 201 134 103 55 71 97 50 72 104 43 61 59
is_linear=0
shrinkage=0.05


Tree=23
num_leaves=31
num_cat=0
split_feature=11 9 25 33 9 34 12 11 35 33 52 73 59 66 17 56 17 11 48 23 49 65 24 4 52 52 11 72 23 25
split_gain=1.02345 0.240254 0.194394 0.145744 0.137993 0.160982 0.137348 0.102815 0.139078 0.0996873 0.0982929 0.112348 0.0930529 0.0929202 0.0855048 0.0809244 0.0788177 0.0774889 0.0932971 0.0760182 0.0748931 0.0732419 0.0725187 0.0990155 0.0720954 0.0783713 0.0717713 0.0676135 0.0623408 0.0697648
threshold=0.71849864721298229 -0.55228823423385609 1.1014961004257204 -0.82969152927398671 0.48538050055503851 -0.51194080710411061 1.1420021057128908 0.3454194068908692 -0.37623192369937891 -0.17330603301525113 0.53097692131996166 -0.072354476898908601 -0.24384099245071408 -0.41872701048851008 0.19773089885711673 0.73168745636940014 -0.11849538981914519 -0.98847633600234974 0.82197344303131115 -0.1531904265284538 0.15197370946407321 -0.39076659083366388 -0.32364474236965174 -0.99484497308731068 -0.66918018460273732 0.67356821894645702 0.87318474054336559 -0.64235088229179371 -0.078290600329637514 -1.1715017557144163
decision_type=2 2 2 2 2 2 2 2 2 2 2 2 2 2 2 2 2 2 2 2 2 2 2 2 2 2 2 2 2 2
left_child=1 17 4 15 5 -2 7 8 20 -10 11 -9 -11 -13 -6 21 -8 27 22 -16 -5 -3 23 -19 -24 -26 -7 -1 29 -29
right_child=2 3 -4 6 14 26 16 10 9 12 -12 13 -14 -15 19 -17 -18 18 -20 -21 -22 -23 24 -25 25 -27 -28 28 -30 -31
leaf_value=-0.00094625439360794246 -0.00062184083574223076 -0.0051149096820693185 -0.0023316809115931391 0.0025172764491854295 0.0042443450967725969 0.0010496798250824214 0.0042456804929922026 -0.002156470445557856 -0.005000149612517461 0.0011369710270729329 0.0026746281942828225 0.0036563719360856342 -0.0024068866256561319 -0.00074344323026404415 -0.00046711551535519818 0.00034997859897668523 0.00048446064096284457 -0.0032678954988527536 0.0015015823617577553 0.0034290728262520486 -0.0011535650468431414 -0.0012752823713842942 -0.0051816654746376332 0.0007828854625889412 -0.0010922887577233243 -0.0044624760119325443 0.0049430847200083328 -0.003232808210498964 -0.0022827141160948433 -0.0069903428355852773
leaf_weight=33 53 27 20 33 134 20 30 39 23 27 47 24 59 24 21 21 26 22 25 31 24 23 21 48 69 23 29 30 49 21
leaf_count=33 53 27 20 33 134 20 30 39 23 27 47 24 59 24 21 21 26 22 25 31 24 23 21 48 69 23 29 30 49 21
internal_value=5.5961e-12 -0.000976544 0.00243502 -0.000186252 0.00276604 0.00128809 0.000226278 -0.000198038 -0.00102968 -0.00207625 0.000832205 -0.000163127 -0.00129428 0.00145646 0.00357653 -0.00225471 0.0024994 -0.00196615 -0.00136344 0.00185561 0.000971659 -0.00334868 -0.00175484 -0.000490217 -0.00253823 -0.00193484 0.00335394 -0.00290873 -0.00355634 -0.00478003
internal_weight=1076 768 308 427 288 102 356 300 166 109 134 87 86 48 186 71 56 341 208 52 57 50 183 70 113 92 49 133 100 51
internal_count=1076 768 308 427 288 102 356 300 166 109 134 87 86 48 186 71 56 341 208 52 57 50 183 70 113 92 49 133 100 51
is_linear=0
shrinkage=0.05


Tree=24
num_leaves=31
num_cat=0
split_feature=11 5 25 9 34 45 65 21 68 64 21 25 52 9 61 74 2 64 11 11 34 31 73 24 38 61 11 27 17 66
split_gain=0.923663 0.229512 0.175441 0.124539 0.145286 0.106375 0.101908 0.0881143 0.10072 0.108094 0.115011 0.102892 0.0902316 0.0890926 0.131876 0.0833683 0.0815766 0.0766593 0.075523 0.0724812 0.0886091 0.0848607 0.107432 0.0714053 0.078105 0.0831944 0.0647736 0.0622534 0.072902 0.0617048
threshold=0.71849864721298229 -0.2773147970438003 1.1014961004257204 0.48538050055503851 -0.51194080710411061 1.3511129021644595 -1.1917648315429685 1.5959092974662783 -1.0887100696563718 -0.35458351671695704 0.40811671316623693 0.14833573251962665 -0.27400250732898707 -0.53019142150878895 -1.0366262197494505 -0.20540461689233777 -0.029592239297926422 -0.75377765297889698 -1.7013252377510069 0.11031809821724893 -0.99798917770385731 0.87313583493232738 0.059646461158990867 -0.23787400871515271 -0.27143122255802149 0.11265311762690546 0.87318474054336559 0.56283649802207958 0.060503374785184867 -0.59840384125709523
decision_type=2 2 2 2 2 2 2 2 2 2 2 2 2 2 2 2 2 2 2 2 2 2 2 2 2 2 2 2 2 2
left_child=1 7 3 4 -2 6 -3 8 18 12 13 -12 -10 27 -15 -14 17 -5 -1 21 -21 22 -8 -22 -25 -26 -6 28 -11 -19
right_child=2 5 -4 16 26 -7 19 -9 9 10 11 -13 15 14 -16 -17 -18 29 -20 20 23 -23 -24 24 25 -27 -28 -29 -30 -31
leaf_value=-0.0025571630911491367 -0.00059074878924359343 -0.0030307626605711202 -0.0022150967805646361 -0.00054271801840513948 0.0009971958352252841 -0.0024718038583523595 0.00062303194049904552 -0.0049993533891392874 -0.005394309582853956 -0.0041446448979719037 0.0031987121786780496 -0.0013522251858914926 -0.00042203436096315276 -0.0035114752757363019 0.0016961792236073845 -0.0039777581429328119 0.0042393255709934222 0.00098425199920755069 0.00095043577878784987 -0.0019057424045802855 0.0030334935270195061 0.0022216001723553867 -0.0027806942921359927 -0.0020518185384571556 0.0028464741529706794 -2.4821438217678895e-05 0.0046959305037583771 -0.005414073462598026 -0.00099356457338823636 0.0044723014347255235
leaf_weight=21 53 22 20 20 20 40 44 20 35 31 23 27 32 20 31 34 113 21 57 22 51 23 49 20 49 52 29 20 45 32
leaf_count=21 53 22 20 20 20 40 44 20 35 31 23 27 32 20 31 34 113 21 57 22 51 23 49 20 49 52 29 20 45 32
internal_value=6.04256e-12 -0.000927717 0.00231327 0.00262774 0.00122369 -3.5916e-05 0.000257564 -0.00176547 -0.00159345 -0.00201212 -0.00133027 0.000741206 -0.00334208 -0.00203486 -0.000346038 -0.00225377 0.0033977 0.00209491 6.08224e-06 0.00049093 0.00108212 -0.000497791 -0.00117033 0.00146429 0.000802894 0.00136818 0.00318624 -0.00293204 -0.00227887 0.00309024
internal_weight=1076 768 308 288 102 372 332 396 376 298 197 50 101 147 51 66 186 73 78 310 194 116 93 172 121 101 49 96 76 53
internal_count=1076 768 308 288 102 372 332 396 376 298 197 50 101 147 51 66 186 73 78 310 194 116 93 172 121 101 49 96 76 53
is_linear=0
shrinkage=0.05


Tree=25
num_leaves=31
num_cat=0
split_feature=11 5 3 48 29 45 31 11 70 46 37 61 11 4 50 8 49 44 28 66 23 11 31 51 58 51 71 40 54 53
split_gain=0.833606 0.207134 0.162919 0.120782 0.104897 0.0960034 0.0971789 0.0960279 0.09456 0.093905 0.0822724 0.0995745 0.0869805 0.112061 0.132225 0.131246 0.120217 0.0774827 0.0882596 0.0729455 0.0734172 0.0703141 0.0676218 0.0703159 0.0662493 0.0655716 0.0620694 0.0604602 0.0585544 0.0566527
threshold=0.71849864721298229 -0.2773147970438003 -0.071726076304912553 -1.2523234486579893 0.026140028610825542 1.3511129021644595 0.35381098091602331 0.4022697657346726 1.0114049315452578 -0.12135161459445952 0.29992601275444036 -0.23141652345657346 -1.1760622859001157 0.08542231842875482 -1.0272590517997739 1.2293161749839785 0.22162497043609622 -0.2998278141021728 1.1739758849143984 -0.21040790528059003 -0.84765663743019093 1.169717073440552 -0.96771195530891407 -1.5815488696098325 -0.3742069005966186 0.38728202879428869 -0.3453098982572555 -0.54231294989585865 -0.16134527325630185 1.0000000180025095e-35
decision_type=2 2 2 2 2 2 2 2 2 2 2 2 2 2 2 2 2 2 2 2 2 2 2 2 2 2 2 2 2 2
left_child=1 10 -2 -4 -5 6 7 8 26 -9 12 -12 22 14 -14 -15 19 27 -19 -16 -21 24 -1 -24 -6 -13 -3 -8 -25 -28
right_child=2 5 3 4 21 -7 17 9 -10 -11 11 25 13 15 16 -17 -18 18 -20 20 -22 -23 23 28 -26 -27 29 -29 -30 -31
leaf_value=-0.00086526440906554189 -0.0021661616815254092 -1.0399669108371581e-05 -0.0010598075099882078 0.001031125258685961 0.0013118107088606243 -0.0023482136642996921 0.0016370716467499734 -0.0011004124770876774 0.0018560188892297446 0.0029174645156176252 -0.00069727312705557178 -0.0065081030045720661 -0.0032931621625231439 -0.0048969336257626613 -0.00031662393448641526 8.3395056426525121e-06 -0.002750832927201621 0.0031151180945016678 -0.00038825202133739367 8.6105360305341691e-05 0.0036003903313983412 0.0051217443172142593 -0.0058415036552538543 -0.00031085834954865278 0.0035380512075922029 -0.0028603735546182309 -0.0046734297570462024 -0.0016227338406624215 -0.0038803131586906538 -0.0017275154280165833
leaf_weight=41 20 31 22 64 48 40 25 26 20 33 27 22 26 30 42 25 22 64 25 23 42 44 21 20 110 28 24 33 27 51
leaf_count=41 20 31 22 64 48 40 25 26 20 33 27 22 26 30 42 25 22 64 25 23 42 44 21 20 110 28 24 33 27 51
internal_value=1.749e-12 -0.000881331 0.0021976 0.00250064 0.00279512 -3.41202e-05 0.000244686 -0.000517849 -0.00129736 0.00114687 -0.0016772 -0.00314409 -0.00132312 -0.000728293 -4.02705e-05 -0.00266726 0.000615351 0.00120434 0.00213103 0.00130746 0.00235687 0.00335401 -0.00246911 -0.00343614 0.00286172 -0.00446537 -0.00189234 -0.000217645 -0.0023614 -0.00267021
internal_weight=1076 768 308 288 266 372 332 185 126 59 396 77 319 210 155 55 129 147 89 107 65 202 109 68 158 50 106 58 47 75
internal_count=1076 768 308 288 266 372 332 185 126 59 396 77 319 210 155 55 129 147 89 107 65 202 109 68 158 50 106 58 47 75
is_linear=0
shrinkage=0.05


Tree=26
num_leaves=31
num_cat=0
split_feature=11 5 3 63 12 45 13 51 47 15 11 34 68 10 21 68 21 19 19 15 54 37 58 1 2 18 72 30 61 58
split_gain=0.75233 0.186939 0.147034 0.120243 0.105965 0.0997039 0.0995542 0.0851362 0.0810313 0.0998323 0.0805717 0.104662 0.0804605 0.0822863 0.076224 0.0887881 0.093762 0.128941 0.0709327 0.0680605 0.0795318 0.0674388 0.0704866 0.0728323 0.0759572 0.0650377 0.0782215 0.0615444 0.0607868 0.0582543
threshold=0.71849864721298229 -0.2773147970438003 -0.071726076304912553 1.0963446497917178 2.1952847242355351 1.3511129021644595 -0.78920823335647572 -1.0353810787200926 0.15833972394466403 -0.26879511773586268 0.095630686730146422 -0.99798917770385731 -0.39891660213470453 0.31187793612480169 1.5959092974662783 -1.0887100696563718 0.077017903327941908 -1.1952266097068784 0.60522022843360912 0.01781011559069157 -1.160825729370117 0.23373484611511233 -0.71930044889450062 -0.16693779826164243 -0.59591826796531666 0.07721129804849626 -0.20506568253040311 -0.25601971149444575 0.22150303423404696 0.15609421581029895
decision_type=2 2 2 2 2 2 2 2 2 2 2 2 2 2 2 2 2 2 2 2 2 2 2 2 2 2 2 2 2 2
left_child=1 14 -2 6 5 7 -4 -3 28 -10 27 -12 -13 -14 15 19 17 -17 -15 20 -1 22 -19 24 -24 26 -18 -9 -8 -11
right_child=2 4 3 -5 -6 -7 8 10 9 29 11 12 13 18 -16 16 25 21 -20 -21 -22 -23 23 -25 -26 -27 -28 -29 -30 -31
leaf_value=-0.0010298493112294146 -0.0020578535844106229 -0.0028144072275608778 0.0038975782008633672 -0.0010128326772246511 0.0032548090443015099 -0.0026667476300836395 0.0016530797018536499 0.0012516915996524471 0.0054980407486221305 0.00018776671536865512 -0.0022245979027660646 0.0035814253327606082 0.0023509781474393664 0.00071512025842478252 -0.0046011245530098678 0.00073188479683057486 -0.0017477501688214641 -0.004780886104396944 -0.0027185723828595312 -0.0022879602517853282 0.0027483707527911367 -0.005201754313117514 -0.0012742335998336787 0.00075582567806122827 -0.0044055158087490673 -0.0019281341245264878 0.0019583701382258111 -0.0015134773153039523 -0.0013999446892462995 0.0034427923616021875
leaf_weight=26 20 24 103 24 23 38 56 27 27 28 23 33 51 53 20 26 24 28 21 22 30 30 45 20 34 56 35 79 23 27
leaf_count=26 20 24 103 24 23 38 56 27 27 28 23 33 51 53 20 26 24 28 21 22 30 30 45 20 34 56 35 79 23 27
internal_value=1.55324e-12 -0.000837265 0.00208772 0.00237561 -3.24142e-05 -0.000249051 0.00268365 4.63592e-05 0.00190704 0.00300805 0.000285587 0.000926699 0.00138543 0.00080569 -0.00159334 -0.00143335 -0.00182644 -0.00252951 -0.000259306 6.84604e-05 0.000994197 -0.00306961 -0.00256596 -0.00193951 -0.00262187 -0.00070764 0.000450796 -0.000809142 0.000764224 0.00178569
internal_weight=1076 768 308 288 372 349 264 311 161 82 287 181 158 125 396 376 298 183 74 78 56 157 127 99 79 115 59 106 79 55
internal_count=1076 768 308 288 372 349 264 311 161 82 287 181 158 125 396 376 298 183 74 78 56 157 127 99 79 115 59 106 79 55
is_linear=0
shrinkage=0.05


Tree=27
num_leaves=31
num_cat=0
split_feature=5 11 15 33 73 29 7 11 41 11 37 16 53 3 70 63 9 52 16 1 4 18 57 12 14 68 18 43 12 31
split_gain=0.679295 0.289364 0.173929 0.133084 0.1362 0.130018 0.119687 0.11963 0.103092 0.0974284 0.0958537 0.0950539 0.0940049 0.0939728 0.0912313 0.0889978 0.0840929 0.0797041 0.0744486 0.100438 0.0709164 0.0646015 0.0642846 0.0607866 0.0815185 0.0562799 0.0555169 0.0647079 0.0554776 0.0552232
threshold=0.16054579615592959 0.43478898704051977 0.30781820416450506 -0.39089044928550715 -0.94573450088500965 0.93236052989959728 -0.87404212355613697 -1.6812093853950498 0.25233855843544012 0.17901013791561129 -0.70609158277511586 0.38219758868217474 1.2773037552833559 1.0742799639701845 0.73915961384773265 -0.85195085406303395 -0.62765708565711964 -0.41246974468231196 -0.33003054559230799 -0.34178398549556727 0.62353485822677623 0.5499178171157838 1.0000000180025095e-35 0.079595774412155165 -0.76938375830650318 0.95588821172714245 -0.48922564089298243 0.51630035042762767 -0.20763263106346128 0.11863994225859643
decision_type=2 2 2 2 2 2 2 2 2 2 2 2 2 2 2 2 2 2 2 2 2 2 2 2 2 2 2 2 2 2
left_child=3 14 13 4 7 6 17 -1 18 10 11 -6 20 23 25 -12 -10 -5 -8 -20 28 -7 -17 24 -3 -2 -26 -28 -4 -18
right_child=1 2 12 5 9 21 8 -9 16 -11 15 -13 -14 -15 -16 22 29 -19 19 -21 -22 -23 -24 -25 26 -27 27 -29 -30 -31
leaf_value=-0.0025344942747137678 -0.0015030942866343733 0.0029054261403091784 0.00076793112530140208 -0.0045202025318179621 0.00046260228010419852 -0.0050386775440225996 0.00087165168401869865 0.0012298401905750126 -0.0003757008801524838 -0.005989789439026145 -0.006414400375003672 -0.0033557941103676322 -0.0026306384190684187 0.0045770485857817332 0.0019975360092376513 -0.00051942438197632632 0.0010240853847632103 -0.00063491298139772639 0.00026346143468150075 -0.0035814190854911105 -0.00061694211552902655 -0.0012769225500524044 -0.0043456994777838903 0.0037544815234415345 -0.0016707745408417567 0.0011272689766483382 0.0032742999463706564 -0.00061439551995135845 0.0038154793903231623 0.004215652749972475
leaf_weight=39 109 70 32 22 39 21 55 46 30 23 22 28 20 59 31 21 23 33 35 33 36 25 23 51 21 25 23 20 28 33
leaf_count=39 109 70 32 22 39 21 55 46 30 23 22 28 20 59 31 21 23 33 35 33 36 25 23 51 21 25 23 20 28 33
internal_value=3.9017e-13 0.00128703 0.00208173 -0.0012263 -0.00210761 -0.000541152 -0.000113719 -0.000497325 0.000432415 -0.00298501 -0.00246539 -0.00113315 0.000487798 0.0028395 -0.00044686 -0.00381782 0.00176046 -0.00218903 -0.000496137 -0.00160244 0.00113747 -0.00299425 -0.00251952 0.00228537 0.00172623 -0.00101235 0.00043648 0.0014656 0.00219012 0.00290483
internal_weight=1076 525 360 551 241 310 264 85 209 156 133 67 116 244 165 66 86 55 123 68 96 46 44 185 134 134 64 43 60 56
internal_count=1076 525 360 551 241 310 264 85 209 156 133 67 116 244 165 66 86 55 123 68 96 46 44 185 134 134 64 43 60 56
is_linear=0
shrinkage=0.05


Tree=28
num_leaves=31
num_cat=0
split_feature=5 11 33 41 14 12 73 21 70 9 54 69 40 50 51 41 17 50 13 19 60 49 73 14 28 60 37 33 9 52
split_gain=0.613064 0.261553 0.120108 0.127731 0.113491 0.13582 0.106733 0.102397 0.0948161 0.092329 0.0890014 0.086947 0.0809604 0.112574 0.0924125 0.0795792 0.0972695 0.0764879 0.0740658 0.0737743 0.0736957 0.0698776 0.0698709 0.0669192 0.0668096 0.0623459 0.0713643 0.0495785 0.0479166 0.047697
threshold=0.16054579615592959 0.37197530269622808 -0.39089044928550715 0.35280326008796697 -0.76151242852210987 -0.37124527990818018 -1.0381599664688108 1.485876798629761 -0.16615697741508481 -0.55228823423385609 0.18313544988632205 0.31715808808803564 -0.53842288255691517 0.10506557300686838 0.38728202879428869 0.25233855843544012 0.079765629023313536 -0.69855931401252735 0.8277730941772462 -0.21939216554164884 -0.65264442563056935 -0.015023511834442614 0.087261587381362929 -0.12930537760257718 0.68219938874244701 -1.0204070806503294 0.61474183201789867 0.5781230926513673 1.2822410464286806 0.37418091297149664
decision_type=2 2 2 2 2 2 2 2 2 2 2 2 2 2 2 2 2 2 2 2 2 2 2 2 2 2 2 2 2 2
left_child=2 8 3 6 25 23 10 9 -2 12 29 22 -4 14 -14 19 -17 -7 -15 -11 -8 -22 -10 -6 27 -3 28 -19 -27 -1
right_child=1 4 7 -5 5 17 20 -9 11 15 -12 -13 13 18 -16 16 -18 24 -20 -21 21 -23 -24 -25 -26 26 -28 -29 -30 -31
leaf_value=-9.6280974748483663e-05 -0.001954512599918213 0.00068121380754746505 0.00088282672610754764 -0.0048921352407584589 0.00044143067878481122 -0.00092415521037764843 -0.004307704746800786 -0.0035823129480704666 0.00086155065894542675 0.0012033584751983788 -0.0021276974837809545 0.0026139987065107563 -0.0054109029812804826 0.00165163930333047 -0.0013837811095511606 0.0045934526811596812 0.00043081058861894742 0.0040631007260169116 -0.0023628550046123566 -0.0017287072288389835 -0.00092675263555352819 -0.0040215105613848811 -0.003007860090583563 -0.0029626462545076556 0.0007883335735760224 0.0018059102897365978 0.0052331921525108514 0.001842997348867357 0.0043702528191109499 0.0032423677947372199
leaf_weight=23 67 24 36 33 42 20 36 25 28 41 29 32 28 27 29 23 36 57 20 45 76 24 20 22 46 56 39 45 27 20
leaf_count=23 67 24 36 33 42 20 36 25 28 41 29 32 28 27 29 23 36 57 20 45 76 24 20 22 46 56 39 45 27 20
internal_value=-3.18154e-13 0.00122268 -0.00116499 -0.00200223 0.00191864 0.00123135 -0.00154374 -0.000514095 -0.000566926 -0.000244953 1.2912e-05 0.000595177 -0.00116083 -0.00186825 -0.00336202 0.000639341 0.00205354 0.00197805 -5.66561e-05 -0.000330862 -0.00236784 -0.00166949 -0.000750704 -0.000728721 0.00237024 0.00301076 0.00346904 0.00308364 0.00264009 0.00145658
internal_weight=1076 525 551 241 378 232 208 310 147 285 72 80 140 104 57 145 59 168 47 86 136 100 48 64 148 146 122 102 83 43
internal_count=1076 525 551 241 378 232 208 310 147 285 72 80 140 104 57 145 59 168 47 86 136 100 48 64 148 146 122 102 83 43
is_linear=0
shrinkage=0.05


Tree=29
num_leaves=31
num_cat=0
split_feature=5 11 15 33 29 73 11 53 7 5 25 28 64 28 74 49 52 3 12 28 56 67 37 9 16 18 22 15 15 72
split_gain=0.55329 0.236052 0.141746 0.108398 0.111499 0.111428 0.10792 0.102585 0.101517 0.0890483 0.0866907 0.0837615 0.0754077 0.0751694 0.0747454 0.072923 0.0702234 0.0687611 0.0671474 0.0669053 0.0663604 0.117107 0.0654436 0.0573661 0.0640331 0.0571289 0.056098 0.0602029 0.0551488 0.0546882
threshold=0.16054579615592959 0.37197530269622808 0.17177501320838931 -0.39089044928550715 0.93236052989959728 -0.94573450088500965 -1.6812093853950498 1.2036664485931399 -0.87404212355613697 1.0419164299964907 0.17555347084999087 0.54876717925071727 0.097892787307500853 1.0134250521659853 0.38917665183544164 0.015976299531757835 -0.41246974468231196 -0.60783815383911122 -0.094034761190414415 0.094913572072982802 0.50549605488777172 0.32569085061550146 -1.1060278415679929 0.2802234292030335 -0.93346962332725514 0.5499178171157838 -0.35981811583042139 0.67050498723983776 -0.51857849955558766 0.36036725342273718
decision_type=2 2 2 2 2 2 2 2 2 2 2 2 2 2 2 2 2 2 2 2 2 2 2 2 2 2 2 2 2 2
left_child=3 14 9 5 8 6 -1 19 16 -3 12 23 22 -13 20 -16 -5 -14 -12 26 21 -2 -7 24 -10 -6 -4 -28 -26 -24
right_child=1 2 7 4 25 10 -8 -9 11 -11 18 13 17 -15 15 -17 -18 -19 -20 -21 -22 -23 29 -25 28 -27 27 -29 -30 -31
leaf_value=-0.0023805151365731713 -0.0053376539249993154 0.0020968028718043848 0.00072832725533327576 -0.0041920114890672266 -0.0046826267659309364 -0.00095520842481743203 0.0011948473297272123 -0.0023123941636489084 0.0030765842535488662 0.0044872688182045284 -0.0067431659623980525 -0.0031612111186539687 0.00097433873141805334 0.00068460180967425306 0.0033106389306703935 -0.00043670774148022004 -0.00054511115939187061 -0.002705857898598135 -0.0026950588982020108 -0.00027811468377573573 0.00081564457310984531 -0.0008157907804060314 -0.0024644313717726621 0.0030776650230917666 -0.0018993365009211832 -0.0011451209913939237 0.0047675667296129248 0.0011482155794510617 0.00070210033820813011 -0.006117721274495125
leaf_weight=39 21 165 43 22 21 22 46 24 21 51 20 27 30 24 20 37 33 22 21 48 24 45 20 27 27 25 27 20 83 21
leaf_count=39 21 165 43 22 21 22 46 24 21 51 20 27 30 24 20 37 33 22 21 48 24 45 20 27 27 25 27 20 83 21
internal_value=9.92364e-12 0.00116155 0.00182271 -0.00110674 -0.00048839 -0.00190212 -0.000445613 0.00070469 -9.25671e-05 0.00266122 -0.00269573 0.000410408 -0.00199195 -0.00135142 -0.00053858 0.000878151 -0.00200387 -0.000582668 -0.00466975 0.0012294 -0.00143584 -0.00225457 -0.00315516 0.000979098 0.000546569 -0.00276007 0.00203341 0.00322742 6.35658e-05 -0.00433563
internal_weight=1076 525 378 551 310 241 85 162 264 216 156 209 115 51 147 57 55 52 41 138 90 66 63 158 131 46 90 47 110 41
internal_count=1076 525 378 551 310 241 85 162 264 216 156 209 115 51 147 57 55 52 41 138 90 66 63 158 131 46 90 47 110 41
is_linear=0
shrinkage=0.05


Tree=30
num_leaves=31
num_cat=0
split_feature=5 11 30 24 48 11 7 52 61 9 35 12 37 70 7 12 23 37 0 34 12 61 25 7 69 67 30 37 21 41
split_gain=0.499344 0.213037 0.0993497 0.100434 0.0993201 0.102024 0.0978125 0.113371 0.0966325 0.10106 0.100649 0.129272 0.0829836 0.0826552 0.0731322 0.0687499 0.0665328 0.0663429 0.0611102 0.0577098 0.0551025 0.0806721 0.0558197 0.0497273 0.069986 0.0794062 0.0494669 0.0494478 0.0799257 0.0714024
threshold=0.16054579615592959 0.37197530269622808 -1.4353845715522764 -0.31934739649295801 -1.2523234486579893 0.9244971275329591 -0.8067980408668517 -0.04621490649878978 -1.6588758230209348 -1.01102077960968 0.53996300697326671 0.88870644569396984 -0.65975442528724659 0.73915961384773265 -0.65734124183654774 0.079595774412155165 0.070424515753984465 0.60808745026588451 -0.60506513714790333 0.02239418309181929 1.1529689431190493 1.2262254953384402 0.30265344679355627 1.0610188245773318 0.18858162313699725 -0.23566157370805738 0.67903319001197826 -0.33654882013797754 0.21551509946584704 -1.0331647396087644
decision_type=2 2 2 2 2 2 2 2 2 2 2 2 2 2 2 2 2 2 2 2 2 2 2 2 2 2 2 2 2 2
left_child=2 13 -1 6 -3 15 7 12 -5 18 11 14 -4 20 -11 23 -17 -7 -10 -20 21 22 -2 24 25 -6 -12 29 -29 -8
right_child=1 4 3 8 5 17 27 -9 9 10 26 -13 -14 -15 -16 16 -18 -19 19 -21 -22 -23 -24 -25 -26 -27 -28 28 -30 -31
leaf_value=-0.0041975331104670962 -0.0019543124357652335 -0.0015287192242050714 -0.0013175281726064223 -0.0042480786258740164 0.00019012696285634385 0.0020931097966163082 0.0021011866722255947 0.00067023591354403549 -0.00071269028786835934 -3.6406730809672316e-05 0.0034220275422558195 0.0014384847030871444 -0.0054485302441753449 0.0018799481809075023 -0.0028443056688560414 0.00018121596210851122 0.0032170971995614216 0.0042434698639132471 -0.0013830507709644735 -0.0047012456197990105 0.00083770462577896466 -0.0045026338042225686 0.00099239269457757485 -0.0016068762595144411 -0.00068581998631811871 0.003955718332768551 -9.4608803046867257e-05 0.0033369629297937669 8.3887733081809996e-05 -0.001557767328922637
leaf_weight=24 45 22 31 29 28 94 20 38 28 33 20 36 20 29 78 26 59 58 20 38 28 20 25 24 39 28 20 35 41 40
leaf_count=24 45 22 31 29 28 94 20 38 28 33 20 36 20 29 78 26 59 58 20 38 28 20 25 24 39 28 20 35 41 40
internal_value=1.12284e-12 0.00110347 -0.0010514 -0.000908122 0.00173157 0.00193305 -0.000108439 -0.00139713 -0.00150391 -0.00121241 -0.000560018 -0.00116511 -0.00293753 -0.000511651 -0.00200952 0.00120241 0.00228847 0.00291364 -0.00263097 -0.00355704 -0.00109942 -0.00170208 -0.000901918 0.000426653 0.000940386 0.00207292 0.00166371 0.000734898 0.00158201 -0.000338116
internal_weight=1076 525 551 527 378 356 225 89 302 273 187 147 51 147 111 204 85 152 86 58 118 90 70 119 95 56 40 136 76 60
internal_count=1076 525 551 527 378 356 225 89 302 273 187 147 51 147 111 204 85 152 86 58 118 90 70 119 95 56 40 136 76 60
is_linear=0
shrinkage=0.05


Tree=31
num_leaves=31
num_cat=0
split_feature=3 20 2 11 30 18 68 50 12 40 1 14 70 1 49 54 58 47 9 52 10 24 30 32 36 49 12 6 61 12
split_gain=0.452555 0.162296 0.136104 0.113063 0.108691 0.133439 0.1019 0.0931131 0.113387 0.0986816 0.0934387 0.0976348 0.0846971 0.0822975 0.110708 0.0647325 0.103488 0.0627711 0.0744906 0.0583281 0.0582754 0.0560854 0.0540802 0.052908 0.0480995 0.0438588 0.043301 0.0547279 0.0432958 0.0406244
threshold=0.5116538703441621 0.93255954980850231 -0.32056534290313715 -1.1760622859001157 -1.3989309072494505 -0.46873396635055536 -0.62117418646812428 0.4193739145994187 -0.43899776041507715 0.067810501903295531 -0.035614628344774239 0.33893480896949774 0.69933244585990917 0.80037641525268566 -0.72017648816108693 -0.8194020390510558 -1.1525232195854185 -0.61040687561035145 0.25114315748214727 1.566906809806824 -0.81736499071121205 -0.16818742454051969 0.54677271842956554 -0.13660524040460584 -0.47528210282325739 0.80785632133483898 -0.33998906612396235 -0.50412645936012257 -0.3029064536094665 -0.82205075025558461
decision_type=2 2 2 2 2 2 2 2 2 2 2 2 2 2 2 2 2 2 2 2 2 2 2 2 2 2 2 2 2 2
left_child=3 2 6 19 -5 15 -2 8 12 13 11 -9 -7 14 -10 16 -6 -4 23 29 24 -16 -11 -19 -17 -3 27 -20 -8 -1
right_child=1 25 17 4 5 7 28 10 9 22 -12 -13 -14 -15 21 20 -18 18 26 -21 -22 -23 -24 -25 -26 -27 -28 -29 -30 -31
leaf_value=-0.0043634126312099399 -0.0026154103782027962 2.8630651707085326e-05 0.00021730343306184557 -0.0038099614336438805 0.0017756227282986333 -0.0018818091258949341 -0.00042767625345732088 0.00092280823487921482 0.0018631199793890118 -0.00075644901720806957 0.0020868449294737176 -0.0035282882025719367 -0.0059824033768381933 0.002552897806540218 -0.00026881087604644044 0.0012922643532510849 -0.0024712407248443924 0.0027589316153898836 0.0037636712992874287 0.00038195109504851561 0.00069825549218832043 -0.0033803076192270966 -0.0032702418945162841 -0.00075736836651745052 0.0047599538927897813 -0.0026863698581499713 0.0038416788881966988 0.00085337965549635037 0.0026416637826952392 -0.0020190298073043292
leaf_weight=23 25 51 28 23 26 34 20 28 30 40 46 22 20 27 28 20 32 20 30 21 82 30 46 23 20 21 104 35 27 94
leaf_count=23 25 51 28 23 26 34 20 28 30 40 46 22 20 27 28 20 32 20 30 21 82 30 46 23 20 21 104 35 27 94
internal_value=-9.26112e-12 0.00137653 0.00187033 -0.000763857 -0.000444879 -0.000299122 -3.63036e-05 -0.000866728 -0.0013664 -0.000819916 0.000460533 -0.00103567 -0.00340055 0.000138138 -0.000602754 0.00080771 -0.000567474 0.00244232 0.00273619 -0.00204439 0.00146149 -0.00187821 -0.00210104 0.00087812 0.00302611 -0.000763244 0.00320895 0.00219659 0.00133556 -0.00247989
internal_weight=1076 384 312 692 554 531 72 351 255 201 96 50 54 115 88 180 58 240 212 138 122 58 86 43 40 72 169 65 47 117
internal_count=1076 384 312 692 554 531 72 351 255 201 96 50 54 115 88 180 58 240 212 138 122 58 86 43 40 72 169 65 47 117
is_linear=0
shrinkage=0.05


Tree=32
num_leaves=31
num_cat=0
split_feature=5 11 29 33 7 11 48 11 19 37 1 53 33 50 30 70 9 37 12 74 49 37 53 6 37 37 23 22 26 25
split_gain=0.40854 0.176901 0.0962092 0.109996 0.0983197 0.0969556 0.0851886 0.0868097 0.0814109 0.0880426 0.0999501 0.0812744 0.0740008 0.0759772 0.12274 0.0737787 0.0644185 0.0633345 0.0837937 0.0633285 0.0585304 0.0570717 0.0543784 0.0515699 0.0510475 0.079228 0.0504885 0.046394 0.0526625 0.043942
threshold=0.16054579615592959 0.37197530269622808 1.4701937437057497 -0.27230122685432429 -0.87404212355613697 1.0000000180025095e-35 -1.2523234486579893 0.9244971275329591 -1.6705219745635984 -0.61801633238792408 -0.67112833261489857 -0.23524557799100873 0.49958650767803198 0.53911712765693676 0.37905374169349676 0.73915961384773265 0.10094818100333215 -0.31009316444396967 0.57405564188957225 -0.56903755664825428 -0.49142356216907496 0.60808745026588451 0.70230814814567577 0.35271142423152929 0.9750344753265382 1.0000000180025095e-35 -0.27873390913009638 0.17590431869030002 -0.47435082495212549 -0.21195352822542188
decision_type=2 2 2 2 2 2 2 2 2 2 2 2 2 2 2 2 2 2 2 2 2 2 2 2 2 2 2 2 2 2
left_child=2 15 3 5 19 8 -3 17 -1 10 23 -7 16 14 22 24 20 -8 29 -5 -6 -9 -14 -10 25 -2 -11 28 -22 -19
right_child=1 6 -4 4 12 11 7 21 9 26 -12 -13 13 -15 -16 -17 -18 18 -20 -21 27 -23 -24 -25 -26 -27 -28 -29 -30 -31
leaf_value=0.001933849307242781 -0.0017528788146737497 -0.001448988637209616 -0.0043553645921110733 -0.0041971498357486871 0.0028917002170124936 -0.0056446573614569694 0.0033387906487203308 0.0019005482814889625 -0.00070794125960674139 -0.0045501293373052722 0.0021904002382361798 -0.0014373046695254745 -0.0018198379200127777 0.0018106024352494967 -0.004641471752388911 0.0017858627958801288 0.0032978004706954514 0.0021124532508950394 0.0031471791972580835 -0.00059181253740901198 -0.00057978651923898221 0.0038950027982254734 0.0016183874817848531 -0.0033095836453139781 -0.0028508287469117808 0.0012538006947113154 -0.0017656310893050056 -0.0017134542360768786 0.0026643223086880012 -0.00015317672360419058
leaf_weight=20 50 22 20 21 21 24 27 94 80 27 25 22 23 22 22 29 27 26 30 29 29 58 23 25 29 39 41 28 22 121
leaf_count=20 50 22 20 21 21 24 27 94 80 27 25 22 23 22 22 29 27 26 30 29 29 58 23 25 29 39 41 28 22 121
internal_value=-3.43867e-12 0.000998107 -0.00095101 -0.000822785 -0.000107207 -0.0015465 0.00157047 0.00175706 -0.00110634 -0.00141343 -0.000650884 -0.00363245 0.000353357 -0.000743472 -0.00156979 -0.000473672 0.00113064 0.0010831 0.00073901 -0.00210605 0.000545503 0.00266159 -0.000100725 -0.00132738 -0.00102898 -0.000435345 -0.00287124 -7.81701e-05 0.000819633 0.000247547
internal_weight=1076 525 551 531 267 264 378 356 218 198 130 46 217 90 68 147 127 204 177 50 100 152 46 105 118 89 68 79 51 147
internal_count=1076 525 551 531 267 264 378 356 218 198 130 46 217 90 68 147 127 204 177 50 100 152 46 105 118 89 68 79 51 147
is_linear=0
shrinkage=0.05


Tree=33
num_leaves=31
num_cat=0
split_feature=3 20 2 33 37 9 68 43 37 39 24 20 52 46 31 39 43 45 46 24 23 23 23 71 60 39 9 16 49 41
split_gain=0.372213 0.139064 0.114818 0.098242 0.111183 0.107137 0.0911414 0.0868946 0.0785552 0.105117 0.0732985 0.073777 0.0719137 0.0614664 0.0592602 0.0739876 0.0885056 0.0573148 0.072326 0.0548689 0.0688854 0.0496123 0.100114 0.089047 0.0718227 0.0541115 0.0489651 0.0541158 0.0478695 0.0574016
threshold=0.5116538703441621 0.93255954980850231 -0.32056534290313715 -1.1765415668487547 -0.62567192316055287 -0.55228823423385609 -0.62117418646812428 0.63103061914443981 -2.0289376974105831 -0.50933876633644093 -0.3406385332345962 -0.78655096888542164 -0.34021985530853266 0.36557929217815405 0.9106939733028413 0.85700029134750377 0.3701073825359345 0.018386676907539371 0.2575590461492539 0.13025319576263431 0.65672591328620922 0.3807347714900971 -0.35915352404117579 -0.3453098982572555 -0.15313413739204404 -0.49172632396221155 0.25114315748214727 -0.027595987543463704 -0.36891099810600275 1.1320786476135256
decision_type=2 2 2 2 2 2 2 2 2 2 2 2 2 2 2 2 2 2 2 2 2 2 2 2 2 2 2 2 2 2
left_child=3 2 6 4 8 10 -2 14 -1 -10 11 -5 -13 -9 15 16 21 18 -12 -19 -21 22 23 25 -24 -7 27 -4 -28 -30
right_child=1 -3 26 5 -6 7 -8 13 9 -11 17 12 -14 -15 -16 -17 -18 19 -20 20 -22 -23 24 -25 -26 -27 28 -29 29 -31
leaf_value=-0.003511268201749772 -0.0024848989630118015 -0.00073233581493291745 0.002366068014331783 -0.0017961065905789536 -0.004767637906063881 -0.0011225205300087553 0.0012516880833340731 -0.002857009519190927 0.0013356630166526885 -0.002967225235294212 -0.0039127616896294055 -0.0010641759261488914 0.0025558345490614611 0.00051571603398770094 0.0025817298688431919 -0.0025900688720867041 0.0030549433202512804 -0.0029144657636061312 -0.00086862515308894217 -0.0015473894255522353 0.0016703931646871156 -0.0011727113141678275 0.00062695339022736472 -0.0031834481555217116 0.0043544566557102374 0.0023879675113636515 0.00073668258364098928 -0.0011094775161750261 0.0032832806301139245 0.00059071713451134124
leaf_weight=25 25 72 24 36 28 21 47 35 40 22 50 23 34 22 33 20 31 25 32 39 29 50 28 22 24 23 30 21 142 23
leaf_count=25 25 72 24 36 28 21 47 35 40 22 50 23 34 22 33 20 31 25 32 39 29 50 28 22 24 23 30 21 142 23
internal_value=5.14794e-12 0.00124838 0.00170547 -0.000692743 -0.0020272 -0.000426777 -4.5738e-05 0.000207734 -0.00114522 -0.000191168 -0.00115836 -2.40592e-05 0.00109513 -0.00155526 0.000606506 0.000308869 0.00060022 -0.00176116 -0.00272481 -0.000911488 -0.0001751 0.000147265 0.000706577 -0.000586145 0.00234734 0.000712507 0.00223083 0.000744147 0.00257391 0.00290795
internal_weight=1076 384 312 692 115 577 72 309 87 62 268 93 57 57 252 219 199 175 82 93 68 168 118 66 52 44 240 45 195 165
internal_count=1076 384 312 692 115 577 72 309 87 62 268 93 57 57 252 219 199 175 82 93 68 168 118 66 52 44 240 45 195 165
is_linear=0
shrinkage=0.05


Tree=34
num_leaves=31
num_cat=0
split_feature=11 2 9 15 32 41 1 15 21 59 45 47 28 64 24 66 65 21 30 23 48 33 17 8 17 4 15 29 38 38
split_gain=0.327971 0.168088 0.170364 0.137839 0.0968807 0.0773156 0.0721508 0.0703017 0.148399 0.0784919 0.0780796 0.0755537 0.0654542 0.063606 0.0744353 0.0641249 0.0649524 0.0627832 0.0604839 0.0758578 0.0661968 0.0599795 0.0515385 0.0504212 0.0630335 0.04998 0.0491847 0.0576539 0.0611734 0.0487453
threshold=0.18807169049978259 -0.99158358573913563 0.2362390533089638 -0.48946812748908991 -1.2342822551727293 1.0775896906852724 -1.752259314060211 -0.37184083461761469 -1.8378487825393675 -1.2048693299293516 0.43989351391792303 -0.55372247099876393 0.64869150519371044 -0.69670882821083058 -0.3406385332345962 -0.2410001531243324 0.093361653387546553 -0.27405132353305811 -0.30966918170452112 0.8741709589958192 -0.45300574600696558 0.29788373410701757 0.42747528851032263 -0.43816791474819178 -0.10115664079785346 1.1855638623237612 0.8396604359149934 0.68923354148864757 0.022135880775749687 0.21924447268247607
decision_type=2 2 2 2 2 2 2 2 2 2 2 2 2 2 2 2 2 2 2 2 2 2 2 2 2 2 2 2 2 2
left_child=5 -2 3 -3 -4 6 -1 8 -8 29 11 17 26 22 -15 21 -17 -10 23 20 -20 -16 -11 24 -6 -18 27 28 -5 -9
right_child=1 2 4 12 18 -7 7 9 10 13 -12 -13 -14 14 15 16 25 -19 19 -21 -22 -23 -24 -25 -26 -27 -28 -29 -30 -31
leaf_value=-0.0030549446221751473 -0.0029150923314903467 -0.0034845399813583262 -0.0015962999704061077 -0.00011702661951988244 0.0048127736027222569 -0.002662192713363435 0.0043737547724595057 -0.0012181941990829295 -0.0013093540798527776 -0.00042552170925773685 0.0025300263305239028 -0.002223155680112541 -0.00121708083871959 0.0015459581525093477 0.0025454421168736494 -0.0024849314963994703 -0.0015412328246748076 0.0020140766133166228 -0.0014610235948930494 0.0039118598215281963 0.001391687319780072 -0.0011135580384039453 -0.003534134516182045 0.0013568992529892259 0.0022574068254537206 0.0017264170847325164 -0.0011475315201096238 0.0033954368105956487 0.0030473848261560006 -0.0045860213862562718
leaf_weight=30 28 26 20 56 43 55 20 21 27 24 21 50 45 46 24 61 25 30 25 24 109 21 30 45 55 22 22 28 21 22
leaf_count=30 28 26 20 56 43 55 20 21 27 24 21 50 45 46 24 61 25 30 25 24 109 21 30 45 55 22 22 28 21 22
internal_value=-2.8928e-12 0.000858451 0.00106203 -9.14068e-05 0.0017735 -0.000887662 -0.000681756 -0.000521405 0.000368362 -0.000966289 -0.00025748 -0.000804561 0.000421509 -0.000630621 -0.000217641 -0.000747873 -0.00140862 0.00043982 0.00199741 0.00132312 0.000859465 0.000837909 -0.00215253 0.00274243 0.00337864 -1.16946e-05 0.00100211 0.00145251 0.000745995 -0.00294127
internal_weight=1076 547 519 198 321 529 474 444 148 296 128 107 172 253 199 153 108 57 301 158 134 45 54 143 98 47 127 105 77 43
internal_count=1076 547 519 198 321 529 474 444 148 296 128 107 172 253 199 153 108 57 301 158 134 45 54 143 98 47 127 105 77 43
is_linear=0
shrinkage=0.05


Tree=35
num_leaves=31
num_cat=0
split_feature=3 20 22 18 61 2 50 12 9 34 74 1 6 14 30 36 32 74 24 15 15 1 8 41 21 52 51 22 68 15
split_gain=0.304966 0.11852 0.0994476 0.102312 0.103894 0.0964101 0.0941928 0.128689 0.101972 0.0938907 0.0847642 0.0774616 0.0737063 0.0806413 0.0636743 0.0627293 0.0620815 0.0655825 0.0618091 0.0616693 0.0652972 0.0589176 0.055211 0.0466039 0.0465681 0.0432397 0.0430406 0.0406314 0.0405282 0.0416513
threshold=0.5116538703441621 0.93255954980850231 -1.4606560468673704 -0.35141555964946741 -1.1705973148345945 -0.32056534290313715 0.40071576833724981 -0.26073773205280298 -0.99855458736419667 -0.29092752933502192 -0.65749889612197865 -1.2137199044227598 0.93644648790359508 0.0087228305637836474 0.47191382944583898 0.20640362054109576 -1.1163204312324522 -0.84784698486328114 -0.66001880168914784 -0.1547109633684158 -0.41482767462730402 -0.035614628344774239 -0.52563145756721485 -1.0228714942932127 -0.99881845712661732 -0.074226368218660341 -0.6826706826686858 0.092734187841415419 0.98701861500740062 0.4765594899654389
decision_type=2 2 2 2 2 2 2 2 2 2 2 2 2 2 2 2 2 2 2 2 2 2 2 2 2 2 2 2 2 2
left_child=2 5 -1 11 24 10 7 9 14 -6 -2 -4 13 -10 27 -14 -13 25 22 20 -7 23 -19 -8 -5 -18 -20 -9 29 -3
right_child=1 28 3 4 6 19 21 8 12 -11 -12 16 15 -15 -16 -17 17 18 26 -21 -22 -23 -24 -25 -26 -27 -28 -29 -30 -31
leaf_value=-0.0040152243515920076 -0.0025567810192866172 -0.00022245756583288311 -0.0013434053868210565 -0.0043708597263321285 -0.0012518246177933179 0.0016428044260299595 0.0013616940725351807 -0.0026078121666796507 -0.00079524678643792866 -0.0050820235654100545 0.0011226489852486673 -0.0012225749233870636 0.00076841984223574404 0.0028247277945047246 -0.0043631761546500704 -0.0026492735563681045 -0.0017456128365925647 0.0044389473515209455 -0.00087239519756015713 0.001513883933236722 0.0046829740896722994 0.0020020602219682632 0.0013262109747821731 -0.0014761001116429002 -0.0014489626011345536 0.0012557656411012258 0.0017245748924324289 0.00057932632509619 0.001214226451702416 -0.0030867262081962759
leaf_weight=21 23 30 60 30 32 33 23 20 25 32 49 35 25 40 22 29 28 29 27 169 38 42 28 39 25 21 39 20 20 22
leaf_count=21 23 30 60 30 32 33 23 20 25 32 49 35 25 40 22 29 28 29 27 169 38 42 28 39 25 21 39 20 20 22
internal_value=4.03762e-12 0.00113 -0.00062705 -0.000521012 -0.00102293 0.00155197 -0.000704629 -0.00123981 -0.000558398 -0.00316692 -5.27245e-05 0.000238452 0.000298231 0.00143243 -0.00220257 -0.00106701 0.000696961 0.00108756 0.0017038 0.00203338 0.00326994 0.000556131 0.00290988 -0.00042337 -0.00304272 -0.000459308 0.000662178 -0.00101424 -0.000698572 -0.00143426
internal_weight=1076 384 692 671 404 312 349 245 181 64 72 267 119 65 62 54 207 172 123 240 71 104 57 62 55 49 66 40 72 52
internal_count=1076 384 692 671 404 312 349 245 181 64 72 267 119 65 62 54 207 172 123 240 71 104 57 62 55 49 66 40 72 52
is_linear=0
shrinkage=0.05


Tree=36
num_leaves=31
num_cat=0
split_feature=5 30 30 20 50 15 12 61 73 53 70 9 67 32 12 46 5 28 15 45 70 38 0 61 45 7 50 28 30 12
split_gain=0.277409 0.106061 0.111208 0.105385 0.0759367 0.0752967 0.084217 0.0823146 0.0737172 0.111729 0.0720991 0.070381 0.067032 0.0690397 0.0655713 0.056478 0.0557592 0.0802976 0.0546708 0.0535821 0.0502925 0.049204 0.0623202 0.05123 0.0474548 0.0468471 0.0436271 0.0431726 0.0388569 0.0384822
threshold=0.55440145730972301 -1.4353845715522764 -0.91096177697181691 1.0147710442543032 -1.0920209884643552 0.01781011559069157 -0.33998906612396235 -1.0011401176452634 -0.94573450088500965 -0.4720503687858581 -1.3622373938560484 0.10094818100333215 0.71594694256782543 1.0455701947212221 1.0815498232841494 0.19375527650117877 -0.56963714957237233 0.34446230530738836 -0.12108266726136206 -0.14894747734069821 0.39173918962478643 -0.031609713099896901 -0.3708945289254188 0.057478846982121475 0.018386676907539371 0.26213012635707861 0.36647957563400274 0.45112964510917669 -0.22309292852878568 -0.62767958641052235
decision_type=2 2 2 2 2 2 2 2 2 2 2 2 2 2 2 2 2 2 2 2 2 2 2 2 2 2 2 2 2 2
left_child=1 -1 11 4 -2 6 8 27 15 -10 -7 19 16 24 18 -4 -12 20 28 -3 -18 22 -9 -23 -14 -19 -5 -8 -6 -20
right_child=3 2 5 26 14 10 7 21 9 -11 12 -13 13 -15 -16 -17 17 25 29 -21 -22 23 -24 -25 -26 -27 -28 -29 -30 -31
leaf_value=-0.0036478065644149427 -0.00079052614764805193 -0.0011454280960606412 -0.001023088443131807 -0.0021167626317280036 0.0037951619603121892 -0.0038035013327876541 0.00044763235888570891 -0.0016219648784802606 -0.0038872322434774387 -0.00043811096229700967 -0.0025641690009815879 0.0029082252769564681 -0.00054969781916588544 -0.0023318656699848361 0.0044686305580572006 0.0025275026924819464 0.002016138969338499 -0.00054638396300699403 -0.0001307162379429854 0.001833347388310358 -0.0010692544374614954 0.0037157580925850199 0.0017485619573562872 0.00069493957981467251 0.0023576860779712661 -0.0035918485215266369 0.00051775469275360756 -0.0026188177604732727 0.0014016486913897097 0.0015353431159672421
leaf_weight=27 32 36 24 30 39 26 22 24 39 59 79 35 25 20 21 21 28 23 47 26 25 32 32 25 32 28 33 24 30 132
leaf_count=27 32 36 24 30 39 26 22 24 39 59 79 35 25 20 21 21 28 23 47 26 25 32 32 25 32 28 33 24 30 132
internal_value=3.66452e-12 -0.000574031 -0.000452875 0.00112283 0.00151205 -0.00071163 -0.000161014 0.000630823 -0.00104145 -0.00181072 -0.00129305 0.00111567 -0.001042 0.000195665 0.00178596 0.000633854 -0.00156277 -0.000802097 0.0015588 0.000103736 0.000560765 0.00135668 0.00030405 0.00239084 0.00108252 -0.0022184 -0.000736777 -0.00115225 0.0027545 0.00109789
internal_weight=1076 712 685 364 301 588 302 159 143 98 286 97 260 77 269 45 183 104 248 62 53 113 56 57 57 51 63 46 69 179
internal_count=1076 712 685 364 301 588 302 159 143 98 286 97 260 77 269 45 183 104 248 62 53 113 56 57 57 51 63 46 69 179
is_linear=0
shrinkage=0.05


Tree=37
num_leaves=31
num_cat=0
split_feature=5 15 30 30 61 1 21 37 9 15 48 49 59 18 15 15 45 35 37 69 74 24 24 50 27 37 66 34 50 64
split_gain=0.250362 0.0997892 0.0957205 0.100365 0.0833871 0.0753717 0.116017 0.0667121 0.0635189 0.0621937 0.100495 0.0924235 0.0883762 0.061012 0.0533475 0.0541755 0.0483578 0.0478148 0.0524753 0.0570378 0.0520367 0.047766 0.0581717 0.0579829 0.0452257 0.0481187 0.0446843 0.0719882 0.0476524 0.0437834
threshold=0.55440145730972301 0.30781820416450506 -1.4353845715522764 -0.91096177697181691 1.266246020793915 -0.9918064773082732 -1.7474583387374876 0.1066950559616089 0.10094818100333215 0.01781011559069157 -0.66738852858543385 -0.31819871068000788 -1.0924388170242307 0.058082692325115211 -0.12999777495861051 -0.37703052163124079 -0.14894747734069821 0.49748140573501592 -1.5049079060554502 -1.2353585362434385 0.25398223102092748 -0.26671385765075678 0.018310870043933395 0.764520823955536 -0.31542798876762385 -0.19749471545219419 -0.69337818026542652 0.43785881996154791 -0.095622912049293504 0.074983637779951109
decision_type=2 2 2 2 2 2 2 2 2 2 2 2 2 2 2 2 2 2 2 2 2 2 2 2 2 2 2 2 2 2
left_child=2 7 -1 8 13 17 -7 24 16 10 11 -8 -12 29 15 -9 -4 18 -5 -20 -21 -11 -23 26 -2 -26 -24 28 -28 -3
right_child=1 4 3 5 -6 6 9 14 -10 21 12 -13 -14 -15 -16 -17 -18 -19 19 20 -22 22 23 -25 25 -27 27 -29 -30 -31
leaf_value=-0.0034654162789660471 -0.0014728265836657514 0.00059789343189599147 -0.0010881566859704131 -0.0029162421623957074 -0.002839991708640896 0.0034059830634214452 -0.0043526402884162966 0.0018050985192530789 0.0027628139795602431 0.00038683816927170323 -0.002058824972205219 6.9974949808731202e-06 0.0014808830444235357 -0.00047861420466420793 0.0016201796949526 0.0049693153585277259 0.0017416800699160938 -0.0034832294961368599 0.0016754066028321784 0.00020501466137111971 -0.0022100563439178384 -0.0035899527961629689 -0.0036191961944992235 0.0008146835751176696 0.0030851545300157298 -0.00019215879850283576 0.0016001523955276719 -0.0026559866569004953 -0.0016199104924817223 0.0033065250366926197
leaf_weight=27 21 37 36 34 21 20 20 24 35 44 21 31 110 68 92 31 26 27 21 38 54 27 22 32 21 24 27 40 20 25
leaf_count=27 21 37 36 34 21 20 20 24 35 44 21 31 110 68 92 31 26 27 21 38 54 27 22 32 21 24 27 40 20 25
internal_value=-7.02306e-12 0.00106669 -0.000545329 -0.000430231 8.3441e-05 -0.000676049 -0.000309054 0.00176373 0.00105988 -0.000497634 0.000180362 -0.00170266 0.000913449 0.000555688 0.00235665 0.00358857 9.85491e-05 -0.00154924 -0.00119402 -0.000675831 -0.00121253 -0.00107969 -0.00146378 -0.00105664 0.000443138 0.00133725 -0.00160602 -0.00109694 0.000229913 0.00169008
internal_weight=1076 364 712 685 151 588 414 213 97 394 182 51 131 130 147 55 62 174 147 113 92 212 168 141 66 45 109 87 47 62
internal_count=1076 364 712 685 151 588 414 213 97 394 182 51 131 130 147 55 62 174 147 113 92 212 168 141 66 45 109 87 47 62
is_linear=0
shrinkage=0.05


Tree=38
num_leaves=31
num_cat=0
split_feature=5 20 30 30 12 1 21 50 28 28 9 67 41 45 14 16 46 12 2 9 31 41 40 67 73 73 53 6 71 35
split_gain=0.225952 0.0903932 0.0863877 0.0905796 0.068548 0.068023 0.104705 0.0584047 0.0747799 0.0745532 0.0573258 0.0560028 0.0530906 0.0635587 0.0498268 0.0490001 0.05436 0.0482411 0.103998 0.0622403 0.052021 0.0466321 0.0460609 0.0570221 0.0450762 0.0452211 0.045064 0.0436534 0.0592266 0.0425103
threshold=0.55440145730972301 1.0147710442543032 -1.4353845715522764 -0.91096177697181691 -0.62767958641052235 -0.9918064773082732 -1.7474583387374876 0.40071576833724981 1.1280840635299685 -0.74723520874977101 0.10094818100333215 -0.25470076501369471 0.71335890889167797 -0.26461678743362421 -0.51369792222976673 -0.60449865460395802 -0.65279719233512867 -0.26073773205280298 -0.44400537014007563 -0.99855458736419667 -0.35012672841548914 0.32821318507194525 1.0980407595634463 -0.32127265632152552 0.68946391344070446 0.020349883474409584 0.59481048583984386 -0.20141192525625226 0.71247884631156932 0.55241030454635631
decision_type=2 2 2 2 2 2 2 2 2 2 2 2 2 2 2 2 2 2 2 2 2 2 2 2 2 2 2 2 2 2
left_child=2 4 -1 10 27 12 -7 9 11 14 26 -9 13 22 -8 -6 -17 18 -11 -19 -21 -20 23 -5 25 -22 -4 28 -2 -3
right_child=1 29 3 5 15 6 7 8 -10 17 -12 -13 -14 -15 -16 16 -18 19 21 20 24 -23 -24 -25 -26 -27 -28 -29 -30 -31
leaf_value=-0.0032921454713990294 0.0019680381941032552 0.00030996007546304897 -0.00094156994376904692 -0.0035479594769446733 0.0029635516632183952 0.0032356839103158566 0.0018445450256541864 7.7398355169862047e-05 -0.0018511435640296743 -4.7853821976759448e-05 0.0026246733115320759 0.0028160789606252886 -0.0038953171588946137 0.00035245052919587275 -0.0012387062376365066 -0.0010830214561428876 0.0017229666054296854 -0.0022731521058206756 -0.0051889231186360123 -0.0021859677093427465 0.0010089896208442309 -0.0020693218244401657 3.5521946148946883e-05 -0.00085985866317059853 0.0022810728698968888 -0.0016786576727413219 0.0018489463072594093 -0.001573355596512556 -0.0013378227374050767 -0.0023645813033605616
leaf_weight=27 42 39 39 47 68 20 38 40 24 33 35 35 20 48 20 20 126 45 25 23 34 23 25 34 25 29 23 25 20 24
leaf_count=27 42 39 39 47 68 20 38 40 24 33 35 35 20 48 20 20 126 45 25 23 34 23 25 34 25 29 23 25 20 24
internal_value=-1.20838e-12 0.00101335 -0.000518063 -0.000408719 0.00137383 -0.000642246 -0.000293601 -0.000472753 0.000578093 -0.000825409 0.00100689 0.00135545 -0.00147178 -0.00115704 0.000781355 0.00185493 0.00133858 -0.00121863 -0.0022086 -0.000704601 -6.87015e-05 -0.00369411 -0.00184058 -0.00241962 0.000484675 -0.000228181 9.36216e-05 0.000190428 0.000901631 -0.000708913
internal_weight=1076 364 712 685 301 588 414 394 99 295 97 75 174 154 58 214 146 237 81 156 111 48 106 81 88 63 62 87 62 63
internal_count=1076 364 712 685 301 588 414 394 99 295 97 75 174 154 58 214 146 237 81 156 111 48 106 81 88 63 62 87 62 63
is_linear=0
shrinkage=0.05


Tree=39
num_leaves=31
num_cat=0
split_feature=3 23 61 22 18 61 30 44 50 12 0 49 34 1 9 18 34 68 63 63 54 68 6 1 61 2 60 0 12 49
split_gain=0.204212 0.0889458 0.136912 0.0804564 0.0813925 0.0857211 0.0764686 0.089564 0.0724931 0.10511 0.0862065 0.0802582 0.0602383 0.0580782 0.0571863 0.05465 0.0534977 0.066769 0.053021 0.0533228 0.0530305 0.0676641 0.0642777 0.0513864 0.0504209 0.0485944 0.0485683 0.0475177 0.0445126 0.043548
threshold=0.5116538703441621 0.24333313852548602 1.0009666681289675 -1.4606560468673704 -0.35141555964946741 -1.1705973148345945 -0.22919907420873639 1.0453864336013796 0.40071576833724981 -0.26073773205280298 -0.3708945289254188 -0.72017648816108693 -0.29092752933502192 -1.2137199044227598 -1.1109515428543089 0.065884474664926543 0.27918963134288793 0.20755752176046374 0.49437500536441809 0.21724135428667071 -0.7528700828552245 -0.81284987926483143 -0.98451852798461903 0.044052742421627052 -0.32909612357616419 0.1782028526067734 0.94778370857238781 1.0000000180025095e-35 0.4183859676122666 -1.1053869128227232
decision_type=2 2 2 2 2 2 2 2 2 2 2 2 2 2 2 2 2 2 2 2 2 2 2 2 2 2 2 2 2 2
left_child=3 2 6 -1 13 29 24 23 9 10 -7 27 -12 -5 -13 25 17 -16 19 20 21 -15 -22 -8 -2 -3 28 -11 -10 -6
right_child=1 15 -4 4 5 8 7 -9 26 11 12 14 -14 18 16 -17 -18 -19 -20 -21 22 -23 -24 -25 -26 -27 -28 -29 -30 -31
leaf_value=-0.0035606535107252147 -3.9009418571367866e-05 0.0013515001227340621 -0.0036165661289400998 -0.0011100697602766255 -0.0043595988570418942 -6.5600866801105443e-05 -0.003045738111673431 0.0027532327745575461 0.0022802001411924367 -0.0001765270601026714 -0.001998017370060552 -0.0026789427023834072 -0.0057134717974501349 0.0012115251215974517 -0.00092759583785664292 0.00066158256668131805 -0.0016389885369906241 0.0025082007229614719 -0.00059587594002853933 0.0035675924050156032 0.0039166532722967008 -0.0027650066536443773 0.0007224702336344987 -0.00022698717111183455 0.0026769431079931866 0.0034637455204834366 -0.0013910073540464509 0.0032701277779415248 -9.5225390242902863e-05 -0.001507290406152606
leaf_weight=21 25 53 21 60 23 20 22 20 41 20 20 37 24 23 31 72 47 26 60 20 21 20 63 61 54 56 25 20 38 32
leaf_count=21 25 53 21 60 23 20 22 20 41 20 20 37 24 23 31 72 47 26 60 20 21 20 63 61 54 56 25 20 38 32
internal_value=-2.13376e-12 0.00092468 0.000206128 -0.000513117 -0.00041774 -0.000865418 0.000647208 -0.000250367 -0.000576289 -0.00104579 -0.00278743 -0.000429965 -0.00402463 0.000259646 -0.000990749 0.00173057 -0.000390141 0.00063961 0.000656665 0.00116791 0.000790002 -0.000638025 0.00152102 -0.000974126 0.00181746 0.00243669 0.000529754 0.0015468 0.00113759 -0.00270007
internal_weight=1076 384 203 692 671 404 182 103 349 245 64 181 44 267 141 181 104 57 207 147 127 43 84 83 79 109 104 40 79 55
internal_count=1076 384 203 692 671 404 182 103 349 245 64 181 44 267 141 181 104 57 207 147 127 43 84 83 79 109 104 40 79 55
is_linear=0
shrinkage=0.05


Tree=40
num_leaves=31
num_cat=0
split_feature=5 15 30 30 61 15 51 46 43 69 10 38 6 8 1 9 18 9 57 47 68 63 46 36 65 1 72 45 64 41
split_gain=0.184826 0.0819187 0.0760639 0.0784889 0.0683898 0.059486 0.073303 0.0854083 0.0735885 0.0736235 0.0705715 0.0636685 0.0793638 0.0525776 0.0510768 0.0536334 0.0493984 0.0489065 0.0488716 0.0453496 0.0435645 0.0705296 0.0463502 0.0690174 0.0573759 0.0449607 0.0443035 0.0432759 0.0425693 0.0405842
threshold=0.55440145730972301 0.30781820416450506 -1.4353845715522764 -0.91096177697181691 1.266246020793915 0.01781011559069157 -0.38707792758941645 -0.2212102264165878 0.93087276816368114 -0.28764785826206202 -0.6052771508693694 0.022135880775749687 -0.41675019264221186 -0.25458565354347223 -0.2972059547901153 1.2822410464286806 0.058082692325115211 0.10094818100333215 -0.2850200086832046 0.39225511252880102 0.52071776986122142 0.62829023599624645 0.19375527650117877 0.21350005269050601 -0.24330200254917142 0.23309684544801715 -0.67817744612693776 0.078942514955997481 -0.75377765297889698 0.58222481608390819
decision_type=2 2 2 2 2 2 2 2 2 2 2 2 2 2 2 2 2 2 2 2 2 2 2 2 2 2 2 2 2 2
left_child=2 14 -1 17 16 6 7 13 9 10 -9 12 -8 -5 -2 28 -3 27 -14 -13 22 -22 24 -24 -7 -25 -26 -4 -16 -18
right_child=1 4 3 5 -6 20 11 8 -10 -11 -12 19 18 -15 15 -17 29 -19 -20 -21 21 -23 23 25 26 -27 -28 -29 -30 -31
leaf_value=-0.0030716014344728104 -0.00067732724887521376 0.0014740498437012936 -0.00087140815478051095 -0.0036103700065463536 -0.0026218817414095006 -0.0037963646947016083 0.0016410046569561882 0.0014270007403360473 -0.0026775085786357525 0.002956369975581765 -0.0022596716289408503 0.0030429268652271179 -0.0033019929702277299 -0.00039668875397183003 -0.00063466242965027372 0.0032827563550412416 -0.0015954398219725368 0.0024460679645250949 -0.00020364329503666214 8.7784416973590854e-05 -0.00094590225142076028 0.0023230878212156573 0.0019378654484171422 -0.0026070449898457707 -0.0029871994531796581 0.00038059861864894631 -0.00049399792977575479 0.0018894710996061226 0.0017135184515427683 0.00085712940452785629
leaf_weight=27 23 62 40 35 21 37 38 27 20 25 25 37 20 20 23 47 37 35 35 20 77 21 20 34 28 20 49 22 120 31
leaf_count=27 23 62 40 35 21 37 38 27 20 25 25 37 20 20 23 47 37 35 35 20 77 21 20 34 28 20 49 22 120 31
internal_value=1.99058e-12 0.000916504 -0.00046855 -0.000365948 2.56378e-05 -0.000583331 -9.39259e-05 -0.000867766 2.47042e-05 0.000726578 -0.000345438 0.000690232 -0.000116228 -0.00244176 0.00154806 0.00181744 0.000453314 0.000951798 -0.00133032 0.00200603 -0.00110011 -0.000245404 -0.00154566 -0.00057122 -0.00217818 -0.00150051 -0.00140062 0.000108259 0.00133584 -0.000477357
internal_weight=1076 364 712 685 151 588 302 152 97 77 52 150 93 55 213 190 130 97 55 57 286 98 188 74 114 54 77 62 143 68
internal_count=1076 364 712 685 151 588 302 152 97 77 52 150 93 55 213 190 130 97 55 57 286 98 188 74 114 54 77 62 143 68
is_linear=0
shrinkage=0.05


Tree=41
num_leaves=31
num_cat=0
split_feature=5 61 23 29 33 7 41 23 49 32 50 47 69 6 52 33 50 30 1 74 49 47 6 59 48 48 67 40 16 12
split_gain=0.167736 0.0978186 0.16956 0.0708457 0.072357 0.0706119 0.0655594 0.084058 0.0741516 0.0651258 0.0699481 0.0615411 0.0572001 0.0553164 0.0559091 0.0505871 0.0555682 0.078748 0.0487456 0.0476152 0.0443547 0.0435261 0.0424505 0.0416083 0.0390466 0.0433574 0.0367946 0.0361942 0.0330164 0.0315392
threshold=0.16054579615592959 1.1899567842483523 0.41604852676391607 1.4701937437057497 -0.27230122685432429 -0.87404212355613697 -1.2185372710227964 -0.078290600329637514 -0.7806088626384734 0.60378223657608043 0.30087907612323767 -0.65979528427124012 -0.88061821460723866 0.25093597173690801 -0.10833014920353888 0.49958650767803198 0.53911712765693676 0.39071868360042578 -1.0799897313117979 -0.56903755664825428 0.22901597619056704 0.22142215818166736 -0.92327186465263356 0.26318617165088659 -0.25434139370918268 0.44265891611576086 -0.031122577376663681 -0.37736698985099787 -0.35344401001930231 0.16176757216453555
decision_type=2 2 2 2 2 2 2 2 2 2 2 2 2 2 2 2 2 2 2 2 2 2 2 2 2 2 2 2 2 2
left_child=3 9 -3 4 6 19 13 11 -9 18 21 -8 -13 14 -1 20 17 -17 -2 -6 23 -11 -20 28 29 -26 -14 -10 -7 -24
right_child=1 2 -4 -5 5 15 7 8 27 10 -12 12 26 -15 -16 16 -18 -19 22 -21 -22 -23 24 -25 25 -27 -28 -29 -30 -31
leaf_value=-0.00033640996514198681 -0.001084928456905552 -0.0037467821945028849 0.001581085626302021 -0.003530717259272933 -0.003426110100588717 0.0020536415259509041 -0.0041539225676388014 0.0019337934893555939 -0.0028600357518450397 -0.0034863473766017709 0.00087155881120775974 0.00025905729271471503 -0.003746233546019842 -0.0018772724995632538 0.002982084883578037 -4.8340209066233739e-06 0.0017487480897795072 -0.0036876967997245846 0.0032458642122542695 -0.00029989212695188055 -0.00019199766806153538 -0.00026347365611317482 0.00031062612846952434 0.0030069063993562995 0.0024174665025016792 0.00053017492800588818 -0.0010174012609890529 -0.00018313909614724774 -0.00062797689937393777 0.0018808972137603201
leaf_weight=30 22 32 28 20 21 24 36 25 23 20 59 26 30 23 22 47 22 21 27 29 43 22 134 38 94 45 21 28 22 42
leaf_count=30 22 32 28 20 21 24 36 25 23 20 59 26 30 23 22 47 22 21 27 29 43 22 134 38 94 45 21 28 22 42
internal_value=-4.51975e-12 0.000639549 -0.00126044 -0.000609371 -0.000499339 8.1037e-05 -0.00108631 -0.00158266 -0.000296893 0.000884709 -0.000238628 -0.00244742 -0.00164957 0.000164484 0.00106757 0.000471346 -0.000435515 -0.00114219 0.0011964 -0.0016129 0.001114 -0.00179818 0.00134316 0.00178255 0.00118007 0.00180647 -0.0026226 -0.00139037 0.000771128 0.00068535
internal_weight=1076 525 60 551 531 267 264 189 76 465 101 113 77 75 52 217 90 68 364 50 127 42 342 84 315 139 51 51 46 176
internal_count=1076 525 60 551 531 267 264 189 76 465 101 113 77 75 52 217 90 68 364 50 127 42 342 84 315 139 51 51 46 176
is_linear=0
shrinkage=0.05


Tree=42
num_leaves=31
num_cat=0
split_feature=5 15 30 30 3 15 54 48 31 43 43 68 70 19 37 68 67 47 49 50 18 64 16 42 47 26 15 71 9 50
split_gain=0.152046 0.0714157 0.066943 0.0702626 0.0622445 0.0524868 0.0557459 0.0876013 0.0695346 0.0582193 0.0747089 0.0684107 0.0547769 0.0521238 0.0520734 0.050856 0.0507496 0.0596102 0.0530927 0.0504355 0.0482691 0.0523974 0.0481557 0.0477137 0.0504206 0.0457948 0.0453128 0.0497778 0.0418731 0.041233
threshold=0.55440145730972301 0.30781820416450506 -1.4353845715522764 -0.91096177697181691 1.6434370875358584 0.01781011559069157 -1.160825729370117 -0.069581277668476091 -1.8496994376182554 0.64818871021270763 0.2586184442043305 -1.0887100696563718 -1.3622373938560484 -0.34521321952342982 0.1066950559616089 -0.38599590957164759 0.72709950804710399 0.13961014896631244 0.17319416254758838 -0.27458357810974116 0.058082692325115211 -0.046532778069376939 0.051767740398645408 -0.23700612038373944 -0.059506529942154877 0.795335352420807 -0.12999777495861051 0.30600723624229437 0.10094818100333215 0.085387963801622405
decision_type=2 2 2 2 2 2 2 2 2 2 2 2 2 2 2 2 2 2 2 2 2 2 2 2 2 2 2 2 2 2
left_child=2 14 -1 28 20 6 7 -5 -8 10 11 -10 -7 -11 -2 -13 17 18 19 -14 21 -3 -21 -17 -25 -18 27 -16 -4 -28
right_child=1 4 3 5 -6 12 8 -9 9 13 -12 15 16 -15 26 23 25 -19 -20 22 -22 -23 -24 24 -26 -27 29 -29 -30 -31
leaf_value=-0.002866976250920238 0.00025420403249110237 5.4997896197541005e-05 0.00013752848026342692 -0.004158249620813877 -0.0023953506804030877 -0.003208020401115601 -0.0025144179784027595 3.5391652702607898e-05 0.0030847075907513501 -0.0030317670886870476 0.0028537305837840234 -0.0020824164431542161 -0.003123712637073671 0.00045837818837279215 0.0019430807184627548 -0.00071306651395085891 0.0010443259119479495 -0.00015271638303848042 -0.004249495596048378 0.0012467305906201627 -0.00042651259920805593 0.0031158208195982435 -0.0017072511811715527 0.0030390211179530109 -1.8750780977175706e-05 -0.0017003666520828292 0.00041733704815019991 0.005070024635642767 0.0023007134305745628 0.0025862447469181564
leaf_weight=27 66 29 62 20 23 26 21 33 20 20 38 25 30 23 35 48 55 74 21 22 72 27 37 26 28 21 56 20 35 36
leaf_count=27 66 29 62 20 23 26 21 33 20 20 38 25 30 23 35 48 55 74 21 22 72 27 37 26 28 21 56 20 35 36
internal_value=-1.00112e-12 0.000831268 -0.000424974 -0.00032872 -5.28951e-07 -0.000534396 -7.46843e-05 -0.00154711 0.000238725 0.000492303 0.000877502 0.00036664 -0.00101983 -0.00116495 0.00142095 -6.14022e-05 -0.000801007 -0.00124996 -0.0019881 -0.00145451 0.000429791 0.00153075 -0.000605766 0.000433944 0.00145351 0.000285924 0.00194479 0.00308015 0.000918059 0.00126604
internal_weight=1076 364 712 685 151 588 302 53 249 228 185 147 286 43 213 127 260 184 110 89 128 56 59 102 54 76 147 55 97 92
internal_count=1076 364 712 685 151 588 302 53 249 228 185 147 286 43 213 127 260 184 110 89 128 56 59 102 54 76 147 55 97 92
is_linear=0
shrinkage=0.05


Tree=43
num_leaves=31
num_cat=0
split_feature=5 53 11 12 64 33 11 53 7 41 1 69 15 19 23 50 40 69 33 52 9 9 23 64 63 56 18 61 63 74
split_gain=0.138909 0.1025 0.0801374 0.0753737 0.0550618 0.0527529 0.0710828 0.062235 0.0604374 0.0601452 0.0580278 0.0575177 0.0570091 0.0561815 0.0531867 0.0511634 0.0579941 0.0538889 0.0511504 0.0525517 0.0441696 0.0423929 0.0396483 0.0390011 0.0381559 0.0360781 0.0358933 0.0356939 0.0435433 0.0474951
threshold=0.16054579615592959 1.770597040653229 0.87318474054336559 2.1333545446395878 1.2444407939910891 -0.27230122685432429 1.0000000180025095e-35 -0.23524557799100873 -0.87404212355613697 -0.80947160720825184 -0.9918064773082732 -1.0604113340377805 0.01155629148706794 -1.0509046912193296 -0.21597547084093091 0.25479839742183691 0.13854286074638369 -0.75521403551101673 0.36788100004196173 -0.5792781114578246 1.2822410464286806 0.10094818100333215 0.8292939066886903 0.028948673047125343 1.0000000180025095e-35 -0.041233537718653672 -0.24906197935342786 1.2262254953384402 -0.41603840887546534 0.5222744643688203
decision_type=2 2 2 2 2 2 2 2 2 2 2 2 2 2 2 2 2 2 2 2 2 2 2 2 2 2 2 2 2 2
left_child=5 2 3 4 15 6 9 -8 26 10 12 -10 -1 -11 -15 16 27 -17 21 -20 22 23 -4 -13 -19 -21 -7 28 -2 -30
right_child=1 -3 20 -5 -6 8 7 -9 11 13 -12 18 -14 14 -16 17 -18 24 19 25 -22 -23 -24 -25 -26 -27 -28 -29 29 -31
leaf_value=0.00053660558321728155 -0.0012645622800019655 -0.0027586029186336836 0.00076152037608341161 0.0031199776157293294 -0.0017560984204082115 -0.00034096103627234697 -0.0046041765638316669 -0.00096446748762189056 0.0027702492074153963 0.00062866886146366601 0.0016331375247185548 -0.00083384072883442659 -0.0023360121067643406 -0.0032667880847483226 -0.00077384746320603888 -0.00083117509628729234 -0.001763827878643166 0.0034990149696736981 -0.0022564139424098863 0.0010818222469491203 0.0028974401999989317 0.0028248685115778993 0.0030190128096918394 0.0015458731741863161 0.00092801437863419128 -0.0010288078740268247 -0.0029208917134942915 -0.0015407255046912247 0.0019642970306211014 -0.00070197995063727315
leaf_weight=39 22 22 126 21 38 28 24 23 21 24 41 36 31 46 40 21 44 27 36 41 45 22 23 33 31 40 26 21 61 23
leaf_count=39 22 22 126 21 38 28 24 23 21 24 41 36 31 46 40 21 44 27 36 41 45 22 23 33 31 40 26 21 61 23
internal_value=1.37269e-12 0.000582004 0.000728114 0.00022805 1.71805e-05 -0.000554541 -0.00105728 -0.00282304 -7.84477e-05 -0.000681757 0.000139368 0.000276373 -0.000735554 -0.00151035 -0.00210728 0.000286719 -0.000199459 0.00133908 2.45873e-05 -0.00066691 0.00152461 0.000913656 0.00110999 0.000304283 0.00212486 3.95358e-05 -0.00158315 0.000342527 0.000715625 0.00123425
internal_weight=1076 525 503 309 288 551 268 47 283 221 111 229 70 110 86 250 171 79 208 117 194 91 149 69 58 81 54 127 106 84
internal_count=1076 525 503 309 288 551 268 47 283 221 111 229 70 110 86 250 171 79 208 117 194 91 149 69 58 81 54 127 106 84
is_linear=0
shrinkage=0.05


Tree=44
num_leaves=31
num_cat=0
split_feature=3 48 11 11 12 16 50 28 43 1 21 21 19 69 29 1 16 70 4 37 49 4 12 9 39 72 16 47 51 35
split_gain=0.125585 0.0990655 0.0787181 0.0640429 0.0549566 0.0528916 0.058111 0.0469139 0.0552808 0.0452147 0.0496746 0.0838414 0.0502578 0.0459477 0.0457276 0.0516914 0.0502058 0.0685992 0.0605352 0.0496637 0.0391574 0.0410008 0.0560163 0.042259 0.0383795 0.037536 0.0360627 0.0434305 0.0357646 0.0356561
threshold=0.022897627204656604 -1.3645224571228025 1.3189637660980227 0.1654843091964722 0.56469950079917919 0.43506900966167456 0.35280647873878485 -0.17934746295213697 -0.058363417163491242 1.1499680280685427 0.40811671316623693 1.5959092974662783 -1.901491045951843 -0.032963199540972703 0.98274448513984691 -1.752259314060211 0.54037234187126171 0.64559566974639904 0.32697667181491857 0.18706256151199344 -0.37672698497772211 0.090570710599422469 -0.41086497902870173 1.2822410464286806 0.20527765154838565 0.074465908110141768 0.032947611063718803 -1.2777129411697385 -0.74907818436622609 0.72461614012718212
decision_type=2 2 2 2 2 2 2 2 2 2 2 2 2 2 2 2 2 2 2 2 2 2 2 2 2 2 2 2 2 2
left_child=9 -2 3 7 5 20 -7 -3 -9 10 12 13 -1 -12 15 -14 18 -18 19 26 -5 23 -23 29 -6 -10 27 -17 -29 -22
right_child=1 2 -4 4 24 6 -8 8 25 -11 11 -13 14 -15 -16 16 17 -19 -20 -21 21 22 -24 -25 -26 -27 -28 28 -30 -31
leaf_value=0.0014607545651454965 -0.0028613695744535931 0.0011188670487046754 0.003501051570207853 -0.00033415825399284236 0.00042461396328040537 -0.0018888081108765086 0.0011329372417933953 -0.0028696383914775065 -0.0015380093433043881 -0.0023627190667232785 0.0021768543140951364 -0.0026103525480721148 -0.0030676210774918614 0.00013894062157145099 -0.0032144778474633186 0.001322254394957175 0.0018147190318337553 -0.0015362560807261616 -0.0029162735137266711 -0.0025032362559743761 0.00079819610452671599 -0.0015262659783635674 0.0011574932541037215 0.0035104102231562138 0.0030531498802280647 0.0013508393439802934 0.0016632544151930649 -0.0021741859725443644 -0.00011938484527895021 0.0028572769895954817
leaf_weight=23 21 29 23 57 21 41 26 31 23 33 41 21 23 85 21 24 42 24 34 28 95 29 59 25 41 22 22 40 45 27
leaf_count=23 21 29 23 57 21 41 26 31 23 33 41 21 23 85 21 24 42 24 34 28 95 29 59 25 41 22 22 40 45 27
internal_value=3.05509e-12 0.000508944 0.000637863 0.000512667 0.000788195 0.000550791 -0.000716191 -0.00059207 -0.00124493 -0.000573316 -0.000448474 0.000314582 -0.000792552 0.000802071 -0.000963595 -0.000795976 -0.000594247 0.000596183 -0.00100134 -0.000591853 0.000841503 0.00112666 0.000273073 0.00163766 0.00216284 -0.000125683 -0.000183313 -0.000556015 -0.00108635 0.00125389
internal_weight=1076 570 549 526 421 359 67 105 76 506 473 147 326 126 303 282 259 66 193 159 292 235 88 147 62 45 131 109 85 122
internal_count=1076 570 549 526 421 359 67 105 76 506 473 147 326 126 303 282 259 66 193 159 292 235 88 147 62 45 131 109 85 122
is_linear=0
shrinkage=0.05


Tree=45
num_leaves=31
num_cat=0
split_feature=5 12 28 63 22 18 12 61 15 65 59 1 15 46 16 65 48 32 0 40 10 62 21 63 44 40 13 41 54 13
split_gain=0.114297 0.0726465 0.0749119 0.0673768 0.0661908 0.069886 0.0626534 0.0559371 0.0802355 0.056818 0.0545364 0.0491637 0.0491524 0.0488408 0.0483682 0.0446174 0.110059 0.058841 0.0612157 0.0444801 0.040266 0.0591709 0.0567094 0.0417577 0.0371727 0.0451633 0.0357831 0.0350379 0.0349914 0.0337556
threshold=0.55440145730972301 1.3441089391708376 1.7612253427505495 1.2487598657608034 -1.4133134484291074 -0.38308395445346827 -0.93818673491477955 -1.1857819557189939 0.024310491979122165 0.43453951179981237 0.49797526001930242 -1.2137199044227598 -0.12108266726136206 -0.22702304273843762 -0.90052956342697132 -0.24330200254917142 0.45160759985446935 1.0279335379600527 1.202221214771271 0.27743460237979894 -1.0122439265251157 -0.13484486937522885 0.33746784925460821 0.52911764383316051 0.41085734963417059 -0.44800665974616999 0.7944108545780183 0.095921061933040633 0.46514208614826208 0.51148501038551342
decision_type=2 2 2 2 2 2 2 2 2 2 2 2 2 2 2 2 2 2 2 2 2 2 2 2 2 2 2 2 2 2
left_child=4 2 3 12 -1 11 -7 28 9 10 27 26 -2 20 -15 16 -10 18 29 -16 -13 23 -23 -22 25 -14 -6 -9 -8 -17
right_child=1 -3 -4 -5 5 6 7 8 15 -11 -12 13 24 14 19 17 -18 -19 -20 -21 21 22 -24 -25 -26 -27 -28 -29 -30 -31
leaf_value=-0.0030683256410570306 0.0020118006985852276 0.0033793722453992815 -0.0024356398452073337 -0.0018293463901500218 0.00028227962601672985 -0.0033435203811331168 -0.003235132391725121 0.0011955472342378927 -0.0040473853816475839 -0.00098977403757042996 -0.00069613033063853022 -0.0014187199052333112 0.0010371137002948671 0.0037980770470485803 0.0027219751663506032 0.0012971424725203014 3.6191688515387024e-05 -0.0021197750018193172 -0.0022290175209160558 -0.00036532805372969181 0.0028297802905880793 -0.0022654150200721165 0.001142942065211094 0.00016790437377774373 0.001710532928700559 -0.00060883578175314893 -0.0022236486624543825 0.0035353499154249825 -0.00051660036551766104 -0.00089256705966060201
leaf_weight=22 77 24 20 24 29 21 29 48 33 39 26 31 80 21 20 66 33 39 22 28 34 26 23 26 52 87 28 24 20 24
leaf_count=22 77 24 20 24 29 21 29 48 33 39 26 31 80 21 20 66 33 39 22 28 34 26 23 26 52 87 28 24 20 24
internal_value=3.44864e-13 0.000720727 0.000533058 0.000718601 -0.000368461 -0.000282379 -0.000680943 -0.000542198 -0.000323037 0.000624336 0.00126669 0.000352927 0.000925192 0.000707916 0.00179667 -0.000921148 -0.0020056 -0.000447151 0.00013528 0.000921048 0.000171319 0.000623531 -0.000665574 0.0016763 0.000543142 0.000179643 -0.000948703 0.00197548 -0.00212553 0.00071322
internal_weight=1076 364 340 320 712 690 424 403 354 137 98 266 296 209 69 217 66 151 112 48 140 109 49 60 219 167 57 72 49 90
internal_count=1076 364 340 320 712 690 424 403 354 137 98 266 296 209 69 217 66 151 112 48 140 109 49 60 219 167 57 72 49 90
is_linear=0
shrinkage=0.05


Tree=46
num_leaves=31
num_cat=0
split_feature=5 22 20 74 33 20 68 41 56 23 43 37 20 58 4 74 8 8 33 66 53 59 28 49 43 39 35 15 42 31
split_gain=0.103153 0.0597372 0.0540509 0.050259 0.049294 0.064197 0.0580004 0.0625341 0.0614761 0.054781 0.0470199 0.0512698 0.0514954 0.0560422 0.0455367 0.045456 0.0593872 0.0511384 0.0922096 0.0401403 0.038738 0.0470187 0.0491422 0.0389464 0.0445943 0.0386874 0.0344416 0.0340706 0.0393425 0.0462322
threshold=0.55440145730972301 -1.4133134484291074 1.0147710442543032 -1.2874758243560789 -0.33885468542575831 -0.73628866672515858 -1.1710729002952573 0.35280326008796697 -0.1508773937821388 -0.078290600329637514 0.2586184442043305 -0.65975442528724659 0.50228226184844982 -0.026361231692135331 0.13126509636640551 -0.72525811195373524 2.0283676385879521 0.88061630725860607 0.34579563140869146 -0.75028356909751881 -0.1991549804806709 0.12332065030932428 0.14848167449235919 0.15197370946407321 -0.56534674763679493 -0.21147731691598889 0.55241030454635631 -0.12999777495861051 0.30074010789394384 0.13549482822418216
decision_type=2 2 2 2 2 2 2 2 2 2 2 2 2 2 2 2 2 2 2 2 2 2 2 2 2 2 2 2 2 2
left_child=1 -1 3 -2 6 19 8 9 -3 10 11 12 13 -8 -11 17 20 18 -7 -6 21 22 -17 24 -22 -21 -4 -5 29 -29
right_child=2 4 26 27 5 15 7 -9 -10 14 -12 -13 -14 -15 -16 16 -18 -19 -20 25 23 -23 -24 -25 -26 -27 -28 28 -30 -31
leaf_value=-0.0029149093072522773 -0.0013957550050690771 -0.0012394610193691084 0.00027000278544922674 0.0020778219118559112 0.0029089293012825347 0.00013400607975199818 -0.0019009567103983665 -0.0031356352444907483 0.0023675904420627008 0.0011736686498231711 0.00065157210020433095 -0.0034753459646120013 -0.0031763894035248086 0.0016679164011624049 -0.0014846600439341274 0.00173645687338129 -0.0024174962467937312 0.00032507392211950255 -0.0044208985567092893 0.002127359660342336 -0.0001393060116097331 -0.0022788836982929046 -0.0012531753442965932 -3.7423787998954117e-05 0.0024470307917799803 -0.00037997050880221654 -0.0021373739582486451 -0.0007515671041094013 0.0020713508070912211 0.0010458648272895447
leaf_weight=22 21 21 39 72 26 20 22 33 27 49 22 34 20 22 24 28 22 28 25 25 25 27 27 73 50 40 24 54 48 106
leaf_count=22 21 21 39 72 26 20 22 33 27 49 22 34 20 22 24 28 22 28 25 25 25 27 27 73 50 40 24 54 48 106
internal_value=1.07026e-12 -0.000350038 0.000684691 0.000963436 -0.00026826 7.47219e-05 -0.000788991 -0.00112425 0.000789505 -0.000780331 -0.00143735 -0.00190629 -0.00107273 -0.00011652 0.000299698 -0.000253948 6.43144e-05 -0.00135261 -0.0023965 0.00124854 0.000301705 -0.000570059 0.000268819 0.000784709 0.00158492 0.000584387 -0.000647093 0.00114038 0.000815874 0.000439232
internal_weight=1076 712 364 301 690 416 274 226 48 193 120 98 64 44 73 325 252 73 45 91 230 82 55 148 75 65 63 280 208 160
internal_count=1076 712 364 301 690 416 274 226 48 193 120 98 64 44 73 325 252 73 45 91 230 82 55 148 75 65 63 280 208 160
is_linear=0
shrinkage=0.05


Tree=47
num_leaves=31
num_cat=0
split_feature=1 9 12 29 52 72 21 16 55 41 11 22 18 61 68 33 34 60 46 61 35 14 30 52 65 26 35 57 40 11
split_gain=0.0978984 0.092971 0.0741034 0.0693882 0.0631311 0.0609181 0.0590014 0.0655457 0.0812378 0.0926506 0.0578648 0.0664668 0.0509493 0.0625926 0.0490354 0.0620609 0.0557447 0.0546042 0.0466414 0.0540366 0.0424999 0.0413539 0.0378749 0.036142 0.0534549 0.0493577 0.0349131 0.0331495 0.0311249 0.027451
threshold=-0.9918064773082732 0.2362390533089638 1.1420021057128908 0.46815459430217748 -1.0864213109016416 -0.64235088229179371 -1.0603892207145689 -0.71318936347961415 -0.83131474256515492 -1.0331647396087644 0.87318474054336559 -0.71353158354759205 -0.95806658267974842 -1.1705973148345945 0.72476765513420116 -0.19475896656513211 -0.2003185227513313 0.5745527744293214 -0.36013719439506525 0.40774592757225042 0.25769120454788214 -0.39472615718841547 -0.1879981383681297 -0.025469874963164326 0.085316590964794173 -0.4578916579484939 -0.095858227461576448 0.56035220623016369 0.30022865533828741 -0.99911466240882862
decision_type=2 2 2 2 2 2 2 2 2 2 2 2 2 2 2 2 2 2 2 2 2 2 2 2 2 2 2 2 2 2
left_child=3 6 4 5 -3 29 -2 18 -9 -10 23 20 -7 -14 15 -11 27 -18 19 -8 -12 -15 -13 25 26 -6 -25 -17 -16 -1
right_child=1 2 -4 -5 10 12 7 8 9 14 11 22 13 21 28 16 17 -19 -20 -21 -22 -23 -24 24 -26 -27 -28 -29 -30 -31
leaf_value=-7.7539024965113246e-05 0.0016620305709932979 -0.001546409747172748 0.003086270971548264 -0.0033643932475780065 -0.00064722048770636325 -0.0032763895336150508 -0.0014453716760110711 -0.0030215068163884366 0.0021939955081325025 -0.00262078226429973 -0.0012064817351659129 0.0033044915358840053 -0.0025019113277916665 0.0018794720510909844 0.0019615386873483658 -0.00081858918520397162 -0.0019336753546498543 0.00048568102138233374 0.002212494403162661 0.001888150638260413 0.001375426193290214 -0.00067259923691795982 0.0012953727587591858 2.0304636564105749e-05 0.00075076889058456147 0.002213370308086987 -0.0026766479682798186 0.0013688773654542085 -0.00068480043555609884 0.00219716975088453
leaf_weight=36 38 31 33 26 25 24 31 34 30 48 28 49 35 22 25 29 86 32 36 20 37 57 45 20 47 38 30 43 20 21
leaf_count=36 38 31 33 26 25 24 31 34 30 48 28 49 35 22 25 29 86 32 36 20 37 57 45 20 47 38 30 43 20 21
internal_value=-3.23631e-12 0.000242474 0.000821279 -0.000938077 0.000607722 -0.000614568 -0.000227192 -0.000392608 -0.000700283 -0.000448137 0.000817058 0.00149259 -0.00118254 -0.000741725 -0.000728222 -0.00101441 -0.000608588 -0.00127758 0.000834555 -0.000138108 0.00026322 3.81042e-05 0.00234268 0.000145752 -0.000459868 0.00107822 -0.00159787 0.000487814 0.000785388 0.000760512
internal_weight=1076 855 383 221 350 195 472 434 347 313 319 159 138 114 283 238 190 118 87 51 65 79 94 160 97 63 50 72 45 57
internal_count=1076 855 383 221 350 195 472 434 347 313 319 159 138 114 283 238 190 118 87 51 65 79 94 160 97 63 50 72 45 57
is_linear=0
shrinkage=0.05


Tree=48
num_leaves=31
num_cat=0
split_feature=1 17 6 29 63 72 17 60 72 12 66 71 14 37 45 37 2 23 51 48 22 11 10 36 12 5 66 43 50 28
split_gain=0.0883533 0.0787043 0.0909244 0.0626229 0.0575089 0.0585703 0.0657767 0.0663571 0.0551603 0.0513719 0.0534081 0.0572421 0.0505764 0.0504401 0.0477636 0.0591542 0.0471069 0.042429 0.0407971 0.0451827 0.0404203 0.0404135 0.0403114 0.0402091 0.0369492 0.0361103 0.0395387 0.0343074 0.0342765 0.0416979
threshold=-0.9918064773082732 0.24858679622411731 -0.073916234076023088 0.46815459430217748 -0.65300235152244557 0.14128154516220096 1.0539394617080691 -0.91194933652877797 -0.61551669239997853 2.1333545446395878 0.76535826921463024 -0.62854173779487599 -0.37400366365909571 0.37212632596492773 -0.26461678743362421 -0.86926144361495961 -0.6082477569580077 -0.18943845480680463 -0.38398650288581843 -0.60734224319457997 -0.71353158354759205 -0.16179504990577695 -0.66153562068939198 -0.76176366209983815 -0.37124527990818018 0.095357179641723647 -0.56481814384460438 0.11300767958164216 0.085387963801622405 -0.057525318115949624
decision_type=2 2 2 2 2 2 2 2 2 2 2 2 2 2 2 2 2 2 2 2 2 2 2 2 2 2 2 2 2 2
left_child=3 2 18 8 12 6 7 -6 -1 10 11 -4 -3 -12 15 -10 -8 -17 19 -2 23 -13 -16 -20 -23 -9 -27 -7 29 -26
right_child=1 4 9 -5 5 27 16 25 14 -11 13 21 -14 -15 22 17 -18 -19 20 -21 -22 24 -24 -25 28 26 -28 -29 -30 -31
leaf_value=0.00070860587855287158 -0.0013589172764720085 -0.00038857827617210292 0.00194788159062274 -0.003196173526633244 -0.0039378585493458169 7.1784629627862681e-05 -0.0011277635426570974 -0.0019960217910058994 -0.00053928389650536701 0.0024255792538280647 -0.0026435483932598599 -0.001663244353969478 -0.0038587363592038552 0.00043988567638388347 -0.0016150735542633692 -0.0048115876192847892 0.0016876647830194531 -0.0015937149310775566 0.0021092302610028397 0.0011961585048758877 0.0024912752895508441 -0.0012973701613108544 0.0011117493952042424 -0.00064564220643100834 0.001682771317427978 0.0017778546875342729 -0.0010395363558817542 0.0020033058220854938 0.001433355277442358 -0.0010610938146904422
leaf_weight=58 24 21 39 26 21 56 24 38 40 21 36 36 21 21 23 21 39 20 27 62 92 33 33 26 20 20 33 39 61 45
leaf_count=58 24 21 39 26 21 56 24 38 40 21 36 36 21 21 23 21 39 20 27 62 92 33 33 26 20 20 33 39 61 45
internal_value=-2.86575e-12 0.00023035 0.000593983 -0.000891173 -0.000402512 -0.000134778 -0.000677365 -0.00140439 -0.00058384 3.72605e-05 -0.000135092 0.000199223 -0.00212366 -0.00150755 -0.00113101 -0.00190727 0.000615121 -0.00324189 0.00134592 0.000483114 0.00185765 -0.000150508 -8.19574e-06 0.000757783 0.000191998 -0.000819741 2.36301e-05 0.000864725 0.00058207 -0.000216828
internal_weight=1076 855 543 221 312 270 175 112 195 312 291 234 42 57 137 81 63 41 231 86 145 195 56 53 159 91 53 95 126 65
internal_count=1076 855 543 221 312 270 175 112 195 312 291 234 42 57 137 81 63 41 231 86 145 195 56 53 159 91 53 95 126 65
is_linear=0
shrinkage=0.05


Tree=49
num_leaves=31
num_cat=0
split_feature=22 9 17 23 32 33 11 1 27 15 8 72 61 60 56 16 42 2 65 39 1 74 60 36 10 23 48 6 75 36
split_gain=0.083473 0.09026 0.079535 0.0939928 0.053519 0.0686788 0.0648337 0.0446961 0.0443479 0.0434772 0.0429825 0.0421619 0.0482857 0.0463901 0.0411918 0.0399035 0.0398603 0.0398516 0.0470999 0.0393173 0.0362076 0.0349749 0.0397558 0.034628 0.0322184 0.0314515 0.033457 0.0307483 0.030699 0.0300829
threshold=-1.4606560468673704 0.14372441917657855 0.26309683918952947 -0.4327073842287063 -0.1215604357421398 0.1107594706118107 0.51420870423316967 0.83157020807266246 -0.40496365725994105 0.34970410168170935 -0.38735611736774439 0.14128154516220096 -1.1705973148345945 -0.67647382616996754 0.85462555289268505 -0.95471027493476857 0.52602604031562816 -0.82091951370239247 -0.15815676748752591 0.26715433597564703 -0.67852401733398426 0.84261015057563793 -0.52787449955940235 -0.47528210282325739 -0.46056959033012385 -0.18943845480680463 0.53216576576232921 0.70486956834793102 1.0000000180025095e-35 -0.42584827542304987
decision_type=2 2 2 2 2 2 2 2 2 2 2 2 2 2 2 2 2 2 2 2 2 2 2 2 2 2 2 2 2 2
left_child=-1 4 7 -4 5 6 23 8 16 21 -9 13 -13 -6 20 -7 -3 -5 -19 -17 -14 22 -10 28 -25 -22 -27 -16 -2 -21
right_child=1 2 3 17 11 15 -8 10 9 -11 -12 12 14 -15 27 19 -18 18 -20 29 25 -23 -24 24 -26 26 -28 -29 -30 -31
leaf_value=-0.0028554075388237832 -0.0018065019671523357 0.00069338151920788195 -0.0025435397954233375 -0.0014277201624777677 -0.0030747899860216425 0.0031358581129461529 -0.0027794903753182061 0.0027215161159459015 -0.00058789429056923842 -0.0014050006738055827 0.00061249194768606694 -0.0019163033421671785 -0.0021024923905157348 -0.00093030629839998581 0.0029236490302719177 0.001797198098380292 0.0032479835172685295 -0.0010181060992181302 0.0018699036057417591 -0.0014489840508339024 -0.0014436518995180018 -0.00071842095154958478 0.0017438850919407904 0.0014691453821835743 -0.00075247326353564863 -0.0002842972836723285 0.0023213033405640585 0.00015109064057469368 0.0004231838165791347 0.00095625582460063293
leaf_weight=25 38 37 38 22 32 20 26 61 25 34 40 34 23 119 20 43 26 20 48 26 21 36 68 47 25 28 22 20 26 26
leaf_count=25 38 37 38 22 32 20 26 61 25 34 40 34 23 119 20 43 26 20 48 26 21 36 68 47 25 28 22 20 26 26
internal_value=-4.29026e-12 6.79212e-05 0.000598236 -0.000458368 -0.000336933 0.000171526 -0.000491809 0.00101183 0.000621046 0.000185605 0.00188626 -0.000778448 -0.000233483 -0.00138477 0.000193501 0.00110596 0.00174766 0.000422038 0.00102049 0.000678617 -0.000378358 0.000604835 0.00111706 -5.4458e-05 0.00069775 0.000180164 0.000862167 0.00153737 -0.000900692 -0.000246364
internal_weight=1076 1051 455 128 596 277 162 327 226 163 101 319 168 151 134 115 63 90 68 95 94 129 93 136 72 71 50 40 64 52
internal_count=1076 1051 455 128 596 277 162 327 226 163 101 319 168 151 134 115 63 90 68 95 94 129 93 136 72 71 50 40 64 52
is_linear=0
shrinkage=0.05


Tree=50
num_leaves=31
num_cat=0
split_feature=12 14 1 53 5 19 30 26 43 12 50 16 38 16 19 60 61 36 30 40 34 43 6 40 74 63 55 15 34 28
split_gain=0.078224 0.0715573 0.0938048 0.0545102 0.0628039 0.0686394 0.0589139 0.0508689 0.0659043 0.0655184 0.0557649 0.0677764 0.0528746 0.0457466 0.0448072 0.0480305 0.056774 0.0438019 0.0423586 0.0425997 0.0411811 0.0402497 0.0383154 0.038273 0.0346193 0.0326699 0.0338813 0.043862 0.0372026 0.0326554
threshold=-1.5624362230300901 -0.73380354046821583 -1.2137199044227598 -0.4720503687858581 -1.1886751055717466 -1.2298113107681272 1.3601537942886355 1.3871991634368899 0.13692258298397067 0.34763641655445104 -0.69855931401252735 -0.59877574443817128 -1.0681753754615781 -0.95471027493476857 -1.319210350513458 1.4372143745422366 0.3857524991035462 0.68677932024002086 -0.30966918170452112 -0.19353190064430234 -0.52458432316780079 -0.70533341169357289 0.54042908549308788 0.13854286074638369 -0.14852225035428998 -0.25814750790596003 -0.45428608357906336 0.41561920940876013 0.40845769643783575 -0.10883531719446181
decision_type=2 2 2 2 2 2 2 2 2 2 2 2 2 2 2 2 2 2 2 2 2 2 2 2 2 2 2 2 2 2
left_child=-1 2 -2 6 -5 -6 14 9 -9 10 12 -12 -7 20 -3 16 25 18 -13 -20 -4 -15 -11 -21 -14 26 27 28 -16 -23
right_child=1 3 13 4 5 7 -8 8 -10 22 11 17 24 21 15 -17 -18 -19 19 23 -22 29 -24 -25 -26 -27 -28 -29 -30 -31
leaf_value=-0.002325012845020475 -0.0019705069459127521 -0.003091078515164554 0.001424049011339381 -0.0015299284981150742 0.0030104051793883135 0.00076915533493526961 0.001337819652066433 -0.0029711315732648866 0.00016051241767681427 0.002226221408381478 0.0019949837084339457 0.00093973770430734894 -0.0032098371227602326 -0.001100816673392223 -0.0004618810140527785 -0.0029041379287567302 -0.0027238938176499992 0.0016025325645127203 -0.0028603947873657143 0.0011703601228478164 0.0040403460684631555 0.0014007224944447552 0.00057300515664782331 -0.0013893623356125318 -0.00054163749038707468 0.001154689951554725 -0.0022988757573660801 -0.0017955797000626184 0.0024866938334889713 -0.00076443783805838655
leaf_weight=35 27 25 53 53 22 22 28 28 42 57 47 33 31 27 23 24 24 28 26 23 21 102 91 40 20 38 22 23 20 21
leaf_count=35 27 25 53 53 22 22 28 28 42 57 47 33 31 27 23 24 24 28 26 23 21 102 91 40 20 38 22 23 20 21
internal_value=-2.43231e-12 7.81705e-05 0.000813612 -0.000155495 0.000108232 0.000278472 -0.000809584 0.000155311 -0.00109215 0.000364215 -9.92454e-05 0.000338173 -0.00127968 0.0011492 -0.00111173 -0.000827342 -0.000495055 -0.000180961 -0.000590288 -0.0011576 0.00216651 0.000647323 0.00120972 -0.00045486 -0.00216348 -7.0514e-05 -0.000599579 -3.31473e-05 0.000909549 0.00103106
internal_weight=1076 1041 251 790 563 510 227 488 70 418 270 197 73 224 199 174 150 150 122 89 74 150 148 63 51 126 88 66 43 123
internal_count=1076 1041 251 790 563 510 227 488 70 418 270 197 73 224 199 174 150 150 122 89 74 150 148 63 51 126 88 66 43 123
is_linear=0
shrinkage=0.05


Tree=51
num_leaves=31
num_cat=0
split_feature=22 9 17 23 32 46 70 50 1 10 69 19 61 10 53 30 12 72 38 34 42 5 30 64 49 37 39 54 53 55
split_gain=0.0715684 0.0755671 0.0687806 0.0826747 0.0468377 0.0526958 0.054585 0.0401137 0.0654052 0.0668715 0.0608728 0.0505055 0.0492583 0.0447103 0.040061 0.0397299 0.0466675 0.0424926 0.0381042 0.0365817 0.0580689 0.0377097 0.0361449 0.0360915 0.0378474 0.0336604 0.0382386 0.0345159 0.0336035 0.0386481
threshold=-1.4606560468673704 0.14372441917657855 0.26309683918952947 -0.4327073842287063 -0.1215604357421398 -0.41213957965373987 0.96836134791374218 0.40071576833724981 -0.31965050101280207 -0.72061491012573231 -0.39186778664588923 0.59383100271224987 0.36121679842472082 -1.181389272212982 -0.42630474269390101 -0.5593435764312743 1.1420021057128908 -0.55992856621742237 0.39735275506973272 -0.11986195668578147 -1.0163406729698179 0.488143801689148 0.947014480829239 -0.81292390823364247 -0.72017648816108693 0.1137312911450863 -0.73412734270095814 0.40620832145214086 -0.64119422435760487 -0.30843316018581385
decision_type=2 2 2 2 2 2 2 2 2 2 2 2 2 2 2 2 2 2 2 2 2 2 2 2 2 2 2 2 2 2
left_child=-1 4 15 -4 5 6 -2 10 9 13 -6 12 -12 -9 -11 17 25 -3 -13 20 -5 -22 -10 -7 -25 26 -17 -28 -27 -30
right_child=1 2 3 19 7 23 -8 8 22 14 11 18 -14 -15 -16 16 -18 -19 -20 -21 21 -23 -24 24 -26 28 27 -29 29 -31
leaf_value=-0.0026439663162454961 -6.0278387938334208e-05 0.0031991221219547748 -0.0023900522184129316 0.0020077796198893338 -0.0026817611221214943 -0.00093322357653440643 -0.0027475108380795891 -0.00099131579760675472 0.0029286095983393138 -0.0036427711330664658 0.0017313560660113581 -0.00041807604487985371 -0.0010218229367940999 0.0021677938770846509 -0.00072258597786497821 0.00086945907074820108 0.0023051793027358751 0.001023341580223518 -0.0029381360133023315 0.002016675383783877 -0.0028484703646972777 6.4376233145594608e-05 0.00022397716898315897 0.0030778509826632217 0.00080026203389647183 -0.00095872987648877117 -0.00014730702493001116 -0.0029812595707231337 0.0025318963079959816 0.00046214618074617332
leaf_weight=25 134 34 38 20 51 21 22 24 21 24 32 30 33 21 23 27 33 66 30 25 20 25 30 24 76 23 22 21 34 67
leaf_count=25 134 34 38 20 51 21 22 24 21 24 32 30 33 21 23 27 33 66 30 25 20 25 30 24 76 23 22 21 34 67
internal_value=5.89312e-13 6.28917e-05 0.000548127 -0.000434449 -0.000307548 0.000168116 -0.000439247 -0.000720585 -9.85579e-05 -0.000894716 -0.00122598 -0.000632025 0.000333588 0.000482935 -0.00221374 0.000932744 0.000566945 0.00176311 -0.00167811 0.00039125 -0.000233914 -0.00123022 0.00133765 0.000951162 0.00134688 0.000271266 -0.000605312 -0.00153133 0.000766109 0.00115889
internal_weight=1076 1051 455 128 596 277 156 319 143 92 176 125 65 45 47 327 227 100 60 90 65 45 51 121 100 194 70 43 124 101
internal_count=1076 1051 455 128 596 277 156 319 143 92 176 125 65 45 47 327 227 100 60 90 65 45 51 121 100 194 70 43 124 101
is_linear=0
shrinkage=0.05


Tree=52
num_leaves=31
num_cat=0
split_feature=12 11 50 14 9 7 0 49 12 18 68 60 36 61 14 41 45 73 50 36 41 64 2 50 46 64 62 65 18 59
split_gain=0.0679714 0.0691644 0.0522124 0.0579809 0.0765809 0.057325 0.0612518 0.0675607 0.0545041 0.0636083 0.0514685 0.0492527 0.0452566 0.0472593 0.045207 0.0422197 0.0701763 0.0420555 0.0377059 0.0371318 0.0380245 0.0349705 0.038096 0.0329709 0.0330844 0.0314007 0.0300419 0.0246764 0.0251705 0.0241759
threshold=-1.5624362230300901 1.2117924690246584 -0.68162044882774342 0.36484356224536901 0.13249877095222476 -0.87404212355613697 -0.3708945289254188 0.11951261758804323 -0.29530960321426386 0.18148279190063479 -0.27598594129085535 1.3360077738761904 0.1482430770993233 -1.1857819557189939 1.0973345041275027 -1.3288599848747251 -0.66232180595397938 0.48844070732593542 0.65015375614166271 0.88482660055160534 0.40347205102443701 1.1745851635932925 1.0163576602935793 0.32460565865039831 -0.47748194634914393 -0.60978326201438893 -0.05035112798213958 -0.59975099563598622 -0.1128488853573799 0.12332065030932428
decision_type=2 2 2 2 2 2 2 2 2 2 2 2 2 2 2 2 2 2 2 2 2 2 2 2 2 2 2 2 2 2
left_child=-1 2 5 8 12 -2 17 25 9 15 -6 19 14 -14 26 -4 -17 -7 -15 20 27 22 -12 24 -18 -8 -5 -10 -29 -3
right_child=1 29 3 4 10 6 7 -9 11 -11 21 -13 13 18 -16 16 23 -19 -20 -21 -22 -23 -24 -25 -26 -27 -28 28 -30 -31
leaf_value=-0.0021672968686990706 -0.0026260001041616006 0.00096291950415639633 0.0022142804532240216 0.00068379498552531006 0.0030558894114801663 -0.00042526703760293981 0.0010768364572993898 -0.0027994949698423675 0.0017789471624037733 -0.0018724259538337206 -0.00070825584116391844 -0.0013356920899241231 -0.0036051409488374537 -0.0016926191630773247 0.0018416826652052503 -0.0021457988594193013 -0.00012496108353540574 0.0020258411964667695 0.00034399597687738469 0.0028907171485479926 0.0019923349430428063 -0.0015880913869477809 0.002031042119100069 -0.00075115300554132679 0.0016810474864541903 -0.001024000944696878 -0.0018351433527202283 0.00098822283674962811 -0.00061977124753197265 0.003160133463374916
leaf_weight=35 33 31 26 20 20 35 29 38 29 39 22 20 22 73 24 30 42 35 33 30 64 20 30 38 64 46 29 45 53 21
leaf_count=35 33 31 26 20 20 35 29 38 29 39 22 20 22 73 24 30 42 35 33 30 64 20 30 38 64 46 29 45 53 21
internal_value=4.61425e-12 7.28678e-05 -2.05843e-05 0.000171457 -0.000382798 -0.000707845 -0.000361948 -0.00108192 0.000509784 -2.52403e-05 0.000812017 0.00104037 -0.000929678 -0.00149627 6.37963e-05 0.000334961 5.41431e-05 0.000800287 -0.00105858 0.0012554 0.00099854 0.00018872 0.000872108 0.000512464 0.000965459 -0.000211677 -0.000807005 0.000497729 0.000118593 0.00185026
internal_weight=1076 1041 989 773 293 216 183 113 480 239 92 241 201 128 73 200 174 70 106 221 191 72 52 144 106 75 49 127 98 52
internal_count=1076 1041 989 773 293 216 183 113 480 239 92 241 201 128 73 200 174 70 106 221 191 72 52 144 106 75 49 127 98 52
is_linear=0
shrinkage=0.05


Tree=53
num_leaves=31
num_cat=0
split_feature=30 11 21 7 3 58 17 35 32 34 13 40 32 30 69 52 24 59 36 23 43 72 62 52 17 17 37 35 66 40
split_gain=0.0640678 0.0567691 0.0482044 0.0442314 0.0559068 0.0409162 0.0408922 0.0459868 0.0501903 0.0385585 0.0364958 0.0346226 0.0344514 0.0403733 0.0566101 0.0456278 0.0399216 0.0323981 0.0322079 0.0378779 0.0402375 0.0386642 0.0502727 0.0462883 0.0443878 0.0678154 0.0415773 0.0349468 0.0330771 0.0316098
threshold=-1.5390272736549375 1.2117924690246584 1.8890497088432314 0.72511699795722973 1.7394597530364992 1.2342275381088259 -2.0319763422012325 -1.4611905217170713 -0.18917943537235257 1.8194111585617068 -1.2154632806777952 0.67941471934318554 -1.2618246674537656 -0.93778088688850392 -0.43094533681869501 -0.99120178818702687 -0.52495703101158131 0.21127611398696902 1.426005005836487 -1.5168028473854063 -1.2542201876640318 0.14128154516220096 -0.29993322491645807 -0.11681095883250235 0.54333081841468822 1.078075170516968 -0.066584795713424669 0.84453472495079052 -0.0473116748034954 1.0000000180025095e-35
decision_type=2 2 2 2 2 2 2 2 2 2 2 2 2 2 2 2 2 2 2 2 2 2 2 2 2 2 2 2 2 2
left_child=-1 2 3 6 5 10 -2 8 -8 12 -5 -10 -9 14 -14 16 -15 -3 19 -17 -21 22 23 -22 28 -26 29 -28 -24 -23
right_child=1 17 -4 4 -6 -7 7 9 11 -11 -12 -13 13 15 -16 18 -18 -19 -20 20 21 26 24 -25 25 -27 27 -29 -30 -31
leaf_value=-0.0028035021631512792 0.0020017708565795884 0.00063486601027440935 -0.0022961986119575477 0.0029835270786070793 -0.0016309390515089036 -0.0010355087462812663 0.00020298150206404637 -0.0020041717933490873 -0.0038402087642284838 0.0017110388745745046 0.00085984554014517244 -0.00099571361970447465 0.0027556741647588624 -7.9798150441742367e-05 -9.583608087901351e-05 -0.0018669483885169029 -0.002582163418205833 0.003097347686575218 -0.0017298607127031575 0.0018114988494551546 0.0015095636491542278 -0.0014668927925145802 0.00073379754373009373 -0.00094448515482133989 -0.0044586104573681954 -0.0004403374215360687 0.0017615860578151937 -0.00051174376223405652 -0.0013754759411179892 0.00059506818084273405
leaf_weight=20 21 34 23 23 25 25 28 25 23 28 168 20 28 28 46 25 37 22 28 33 46 34 34 33 21 21 73 22 41 41
leaf_count=20 21 34 23 23 25 25 28 25 23 28 168 20 28 28 46 25 37 22 28 33 46 34 34 33 21 21 73 22 41 41
internal_value=1.29324e-13 5.30966e-05 -3.36571e-05 1.96065e-05 0.000607527 0.000866609 -0.000172906 -0.000236777 -0.00144444 -0.000103634 0.00111558 -0.00251719 -0.000186119 -0.000109213 0.000983114 -0.000265561 -0.00150422 0.00160227 -8.74356e-05 2.10265e-05 0.000139321 -1.14495e-05 -0.000490058 0.000484455 -0.00114806 -0.00244947 0.000540358 0.00123513 -0.000419272 -0.000339687
internal_weight=1076 1056 1000 977 241 216 736 715 71 644 191 43 616 591 74 517 65 56 452 424 399 366 196 79 117 42 170 95 75 75
internal_count=1076 1056 1000 977 241 216 736 715 71 644 191 43 616 591 74 517 65 56 452 424 399 366 196 79 117 42 170 95 75 75
is_linear=0
shrinkage=0.05


Tree=54
num_leaves=31
num_cat=0
split_feature=12 11 35 50 8 34 37 14 12 44 46 43 15 11 25 44 12 8 18 62 28 16 27 8 49 20 26 34 59 53
split_gain=0.059843 0.0576622 0.0494572 0.0431947 0.0542154 0.0609114 0.0480098 0.0420241 0.0459033 0.0397898 0.0404849 0.0392659 0.0511383 0.0388388 0.04232 0.0401375 0.0375884 0.0553163 0.0444316 0.0413509 0.0321606 0.0313323 0.0307144 0.0298711 0.0283424 0.027597 0.026566 0.0455412 0.0246576 0.0492821
threshold=-1.5624362230300901 1.142240107059479 0.27250908315181738 -0.68162044882774342 0.55778989195823681 -0.19134215265512464 -2.0289376974105831 0.36484356224536901 2.1333545446395878 -1.2411472797393797 -0.76413476467132557 1.069983243942261 -0.82719331979751576 -0.11434436216950415 -0.075659502297639833 -0.13762357085943219 -0.27981825172901148 -0.52563145756721485 0.20781756937503817 0.3421494215726853 -0.7090047001838683 -0.89638376235961903 0.28018172085285192 -0.64376512169837941 -0.23259337246417996 0.80264943838119518 -0.57097592949867237 -0.20674696564674375 -0.28743486106395716 -0.45002269744873041
decision_type=2 2 2 2 2 2 2 2 2 2 2 2 2 2 2 2 2 2 2 2 2 2 2 2 2 2 2 2 2 2
left_child=-1 3 -3 4 5 9 -5 16 11 -2 -11 12 -9 15 -15 -14 17 19 26 20 -8 -18 -16 -12 -22 28 -19 -28 -23 -30
right_child=1 2 -4 6 -6 -7 7 8 -10 10 23 -13 13 14 22 -17 21 18 -20 -21 24 25 -24 -25 -26 -27 27 -29 29 -31
leaf_value=-0.0020335820896018831 -0.0022892499250555111 3.4046211481295731e-05 0.0025411540714447341 -0.0018950804299363102 0.00085417453277235236 -0.0034911607371886141 0.0016129554024830993 0.001635966044268571 0.0016176814400061066 0.00062232611797576358 0.00014264797559008003 0.00089206709330197592 0.0001047707766701933 -0.0018803519863232162 0.0015221878526393664 -0.0022334863939354713 0.0027244324563071133 -0.0012161307758651674 -0.0027962750888296537 0.002365157819076558 -0.0019092184424932515 0.0012999087488364627 -0.00077567057361683026 -0.0023873615290670256 0.00045474881553673189 0.0020498173630663324 0.0021593285086767182 -0.00081994963773718949 -0.0021965969685697928 0.00056830044672403666
leaf_weight=35 31 37 42 28 45 23 28 20 29 59 20 43 24 27 33 78 23 40 21 32 21 61 26 28 32 35 23 29 20 83
leaf_count=35 31 37 42 28 45 23 28 20 29 59 20 43 24 27 33 78 23 40 21 32 21 61 26 28 32 35 23 29 20 83
internal_value=9.23272e-13 6.83721e-05 0.00136694 -3.8267e-05 -0.000680104 -0.00110894 0.000136625 0.000214768 -0.000265754 -0.000711903 -0.000254915 -0.000483362 -0.000767706 -0.00102342 -0.000240753 -0.00168331 0.000515094 6.11734e-05 -0.000721071 0.000843417 0.000242236 0.000977194 0.000509572 -0.00133319 -0.000481917 0.000775251 -0.000247383 0.000497808 0.00050324 3.14272e-05
internal_weight=1076 1041 79 962 206 161 756 728 280 138 107 251 208 188 86 102 448 226 113 113 81 222 59 48 53 199 92 52 164 103
internal_count=1076 1041 79 962 206 161 756 728 280 138 107 251 208 188 86 102 448 226 113 113 81 222 59 48 53 199 92 52 164 103
is_linear=0
shrinkage=0.05


Tree=55
num_leaves=31
num_cat=0
split_feature=22 9 74 43 41 18 12 60 43 15 64 64 21 41 8 18 16 20 24 0 3 51 43 1 18 39 37 46 70 70
split_gain=0.0576888 0.0525923 0.0589375 0.0448277 0.0794966 0.0618797 0.0465749 0.0428984 0.040666 0.0388823 0.044776 0.0367274 0.0340634 0.0335454 0.0326937 0.0461392 0.0268674 0.0435023 0.0308195 0.0365367 0.0431521 0.0352436 0.0336926 0.0316044 0.0307162 0.0263429 0.0254161 0.0389868 0.0254104 0.0232258
threshold=-1.4606560468673704 -0.23720040917396543 1.7277618646621706 -0.16120536625385282 0.77442103624343883 0.19504817575216296 1.1420021057128908 -0.25019983947277064 -1.092297315597534 -0.33004261553287501 -0.13933289796113965 1.3636333942413332 1.0561696290969851 0.34587952494621282 -0.68973970413207997 -0.59658911824226368 1.4592669010162356 1.4596109986305239 -0.3406385332345962 -0.60506513714790333 -1.233065068721771 -0.38707792758941645 0.35822112858295446 0.8897002935409547 -1.0087524056434629 -0.37926515936851496 -0.89006429910659779 -0.27349534630775446 -0.43658614158630366 -0.049064423888921731
decision_type=2 2 2 2 2 2 2 2 2 2 2 2 2 2 2 2 2 2 2 2 2 2 2 2 2 2 2 2 2 2
left_child=-1 2 8 4 5 7 11 28 9 -2 -11 12 -5 -8 -9 -16 17 18 23 -20 -21 -22 29 24 -10 -7 -26 -28 -3 -23
right_child=1 3 -4 6 -6 25 13 14 16 10 -12 -13 -14 -15 15 -17 -18 -19 19 20 21 22 -24 -25 26 -27 27 -29 -30 -31
leaf_value=-0.0023737818610388788 0.0026264062077230354 0.00073604387732263167 -0.0029983953828923403 0.00082212420668224438 -0.0029673935000217805 -0.00021288134139467731 0.00079842167120659736 0.002566193123621976 -0.0010527940080501141 -0.0015656214100255802 0.0015272388611920179 -0.0015650782617740334 -0.00098085504304718006 0.0036277587398548024 -0.0010150384181179107 0.0017973587292778705 -0.0016898317316142648 0.0016374254978641315 0.00015639185941585437 -0.0032681259666181486 -0.0025228516170755031 0.0018207292078295724 -0.0015635736722742878 -0.0016839366796193645 -0.00017984269733490018 -0.0022935010340257452 0.0003321579911884059 0.0031018174893688412 -0.0015255500985033536 -0.00056006881585788162
leaf_weight=25 22 23 20 271 23 32 20 34 25 22 25 20 29 22 25 35 38 27 58 24 25 20 32 20 31 29 27 24 27 21
leaf_count=25 22 23 20 271 23 32 20 34 25 22 25 20 29 22 25 35 38 27 58 24 25 20 32 20 31 29 27 24 27 21
internal_value=-1.88357e-12 5.64648e-05 -0.000343669 0.000369112 -0.000180055 0.000132671 0.000714996 0.000698065 -0.000223273 0.000891569 7.9517e-05 0.000509529 0.000647836 0.00228046 0.00132747 0.000625527 -0.000430058 -0.000286731 -0.000455956 -0.00087676 -0.00136793 -0.000902577 -0.000347688 0.000140458 0.000481466 -0.00120203 0.000949229 0.00163553 -0.000485217 0.000601296
internal_weight=1076 1051 461 590 228 205 362 144 441 69 47 320 300 42 94 60 372 334 307 180 122 98 73 127 107 61 82 51 50 41
internal_count=1076 1051 461 590 228 205 362 144 441 69 47 320 300 42 94 60 372 334 307 180 122 98 73 127 107 61 82 51 50 41
is_linear=0
shrinkage=0.05


Tree=56
num_leaves=31
num_cat=0
split_feature=1 21 14 60 72 67 32 66 6 35 49 5 47 24 54 28 1 9 1 19 10 22 2 37 2 65 72 28 8 74
split_gain=0.0525291 0.0546291 0.0529959 0.0499652 0.0381897 0.0414339 0.0486475 0.0450557 0.0374944 0.035803 0.0381952 0.0537321 0.0466538 0.0378176 0.0376637 0.052341 0.0410208 0.0433447 0.0394622 0.0575781 0.0429581 0.0374273 0.0357982 0.0334472 0.0327214 0.0310541 0.0296767 0.0305555 0.0284919 0.0279468
threshold=-1.1421197056770322 -1.7474583387374876 -0.76151242852210987 -1.0204070806503294 -0.61551669239997853 0.32569085061550146 0.83662471175193798 0.63425832986831676 -0.91933611035346974 -1.338999271392822 -0.7051720619201659 -0.80126014351844776 -0.7892792522907256 0.78413876891136181 -0.14808081835508344 1.7612253427505495 1.0534206628799441 0.7064422369003297 0.43041887879371649 -0.053493557497858994 0.88502788543701183 -0.078053463250398622 0.30619476735591894 0.61474183201789867 -0.34895630180835718 0.11282204836606981 0.58270254731178295 -1.1027251482009885 -0.095826718956232057 0.047049932181835181
decision_type=2 2 2 2 2 2 2 2 2 2 2 2 2 2 2 2 2 2 2 2 2 2 2 2 2 2 2 2 2 2
left_child=4 -2 3 8 -1 6 7 -6 -3 24 13 -12 -13 25 16 18 17 28 19 22 -20 -21 -16 26 -4 29 27 -5 -14 -11
right_child=1 2 9 23 5 -7 -8 -9 -10 10 11 12 14 -15 15 -17 -18 -19 20 21 -22 -23 -24 -25 -26 -27 -28 -29 -30 -31
leaf_value=0.00036707101275633072 0.0022174530301145431 -0.002335899411700666 -0.0002249013076917353 0.0018716681103493711 -0.0033995766240729804 0.00061461653943600445 0.00017249527744962298 -0.00094339411395291488 0.0005686208356637508 0.00074052009509787678 -0.0016941107656351631 -0.0016945626040419136 -0.0012486769210746779 0.0028037183254491539 0.0028405218817559737 -0.0015664417358736199 -0.0025839388224994765 -0.0022763388534076511 0.00066361163606353359 0.00069199222552529342 0.0025637960186577404 -0.0017695101397235857 -4.5594488884407015e-05 0.0022380684507079421 -0.0030192717001773419 0.001483445949955186 0.0023170730916520013 -0.00018141469070640697 0.00090074155977445426 -0.0018390146882406304
leaf_weight=51 31 20 22 24 43 24 26 33 25 21 55 39 21 20 21 30 22 20 116 23 40 47 22 50 20 34 23 74 58 21
leaf_count=51 31 20 22 24 43 24 26 33 25 21 55 39 21 20 21 30 22 20 116 23 40 47 22 50 20 34 23 74 58 21
internal_value=-3.07335e-12 0.000155014 8.13554e-05 0.000760134 -0.000787331 -0.00125459 -0.0016944 -0.00233308 -0.000722277 -0.000143516 -4.62939e-05 -0.000217281 -4.03188e-05 0.000869199 0.00011329 0.000414496 -0.000631014 -0.00019703 0.000635418 -7.61352e-05 0.00115084 -0.000960731 0.0013639 0.00115024 -0.00155555 0.000360115 0.000700728 0.000321381 0.000329377 -0.000549247
internal_weight=1076 899 868 216 177 126 102 76 45 652 610 514 459 96 420 299 121 99 269 113 156 70 43 171 42 76 121 98 79 42
internal_count=1076 899 868 216 177 126 102 76 45 652 610 514 459 96 420 299 121 99 269 113 156 70 43 171 42 76 121 98 79 42
is_linear=0
shrinkage=0.05


Tree=57
num_leaves=31
num_cat=0
split_feature=12 14 21 43 43 2 29 15 36 0 3 9 69 33 12 72 49 41 18 74 36 42 29 49 57 56 30 72 58 47
split_gain=0.0505017 0.0490578 0.0389357 0.0397881 0.0463193 0.0398502 0.0460376 0.06724 0.0389923 0.038031 0.037693 0.0360503 0.04341 0.038458 0.0378458 0.0346657 0.0370194 0.0335412 0.0396699 0.0511819 0.0480724 0.0742576 0.0325082 0.0313433 0.0294391 0.0280965 0.0277173 0.0276617 0.0267597 0.0257082
threshold=-1.5624362230300901 -1.329192519187927 1.8890497088432314 -2.0692988634109493 -1.3844490051269529 -0.029592239297926422 0.14251103997230533 0.17177501320838931 -0.16259235143661496 -1.2014126181602476 0.83866149187088024 0.2362390533089638 0.17531640827655795 0.28025640547275549 0.33869306743144995 0.14128154516220096 0.34202650189399725 -1.5685020685195921 0.07721129804849626 -0.83282437920570362 0.1482430770993233 0.68295973539352428 0.67143490910530101 0.15197370946407321 -0.70334884524345387 0.51040098071098339 -0.30966918170452112 0.21668079495429995 0.15609421581029895 -0.45940171182155604
decision_type=2 2 2 2 2 2 2 2 2 2 2 2 2 2 2 2 2 2 2 2 2 2 2 2 2 2 2 2 2 2
left_child=-1 -2 3 -3 28 9 7 10 -9 -6 27 12 23 -14 26 16 -15 -11 19 24 -20 -22 29 -8 -19 -10 -13 -7 -5 -21
right_child=1 2 -4 4 5 6 11 8 25 17 -12 14 13 15 -16 -17 -18 18 20 22 21 -23 -24 -25 -26 -27 -28 -29 -30 -31
leaf_value=-0.0018681348466114808 0.0018507981528150471 -0.0019672732911809971 -0.0020833607202141802 0.0027838989999509067 0.00087346752376393658 -0.0011270889785659425 0.002622139904512248 0.00037442170088814402 -0.0029773785373462102 0.0014307150604075843 0.0024228198379701513 0.0016199816395827641 -0.0023108563745733012 -0.0023274225293703024 0.0023396305598278283 0.0015107238940092632 0.00034261132035787932 -0.00013896533520892264 -0.00046418006895692092 -0.00036053791930621017 -0.0047514556568454616 -0.00076847717678174381 -0.0014820248940614639 0.00038468254212703973 -0.0023158856233150313 -0.00066400115333852319 -0.00012608971940376341 0.0011159138801438665 0.00044649683777242901 0.00091568580507252282
leaf_weight=35 37 24 22 24 57 28 24 22 35 21 22 41 22 21 52 27 34 25 56 67 22 25 27 45 41 21 51 27 25 96
leaf_count=35 37 24 22 24 57 28 24 22 35 21 22 41 22 21 52 27 34 25 56 67 22 25 27 45 41 21 51 27 25 96
internal_value=-3.94523e-12 6.28095e-05 -3.08249e-06 4.35225e-05 9.38974e-05 1.31768e-05 0.000331723 -0.000374463 -0.00140917 -0.000330883 0.000673678 0.000677019 0.000190553 -0.000454581 0.00126145 4.34446e-05 -0.000676856 -0.000511535 -0.000625149 -0.000291759 -0.00145377 -0.00263285 0.000124922 0.00116293 -0.00149129 -0.00210986 0.000652051 -2.59785e-05 0.00159135 0.000391103
internal_weight=1076 1041 1004 982 958 909 472 155 78 437 77 317 173 104 144 82 55 380 359 256 103 47 190 69 66 56 92 55 49 163
internal_count=1076 1041 1004 982 958 909 472 155 78 437 77 317 173 104 144 82 55 380 359 256 103 47 190 69 66 56 92 55 49 163
is_linear=0
shrinkage=0.05


Tree=58
num_leaves=31
num_cat=0
split_feature=22 11 1 21 1 21 29 21 64 54 11 44 30 12 29 24 70 28 18 15 11 16 43 0 32 26 1 39 53 58
split_gain=0.0487065 0.0481368 0.0402157 0.0437768 0.0367756 0.0636387 0.0459119 0.0400915 0.0406549 0.0417567 0.0391056 0.0372767 0.0338256 0.061029 0.0444882 0.0355938 0.0675141 0.036233 0.034722 0.0331156 0.0326827 0.0411411 0.0319072 0.0374118 0.0304435 0.0292203 0.0277345 0.025091 0.0262506 0.0221138
threshold=-1.4606560468673704 1.2117924690246584 1.4255587458610537 1.794025242328644 -0.9918064773082732 -1.7474583387374876 0.46815459430217748 -0.82306334376335133 0.31545147299766546 -0.074448030441999422 -0.99911466240882862 0.24829757958650592 0.92964693903923046 0.33869306743144995 1.2678251862525942 -0.1449509263038635 -0.79638400673866261 -0.27960535883903498 1.8320929408073428 -0.8398911952972411 -0.14944731444120404 0.67695781588554393 -0.54622572660446156 0.8194282352924348 -1.0956305265426634 -0.33683460950851435 -0.53070226311683644 0.55927842855453502 0.74347281455993663 0.34011325240135198
decision_type=2 2 2 2 2 2 2 2 2 2 2 2 2 2 2 2 2 2 2 2 2 2 2 2 2 2 2 2 2 2
left_child=-1 2 3 4 6 -6 7 8 9 -2 11 -9 13 14 15 17 -17 24 20 -12 -14 -22 -18 -24 -7 -19 -15 28 29 -26
right_child=1 -3 -4 -5 5 12 -8 10 -10 -11 19 -13 18 26 -16 16 22 25 -20 -21 21 -23 23 -25 27 -27 -28 -29 -30 -31
leaf_value=-0.0021811658143997196 -0.00069589971099048853 0.0015202498971978817 -0.0016214115698331673 -0.0021676336891356517 0.002686471370207773 -0.00081631153178236956 -0.0025511342644070588 -0.0013396147661274525 0.0007439411771927207 -0.0035256209635091103 -7.2394856251776214e-05 0.001141505642347814 -0.0021529234423085016 -0.00031921210689828377 0.002316761767724529 -0.0033425343190520793 0.00097795978104436984 -0.002207723490816231 0.0013102882151724772 0.0026119510738041116 -0.001594077939948728 0.00094256971779307648 -0.00024247784022009001 -0.0026907014716562117 0.00024086500462275787 0.00021166376693424984 0.0014696810756532404 -0.00044208548879396406 0.0025434230422923484 0.0016776471133452169
leaf_weight=25 32 53 38 22 26 34 24 41 21 22 20 24 37 26 20 21 36 24 20 27 31 33 71 20 71 26 130 32 26 43
leaf_count=25 32 53 38 22 26 34 24 41 21 22 20 24 37 26 20 21 36 24 20 27 31 33 71 20 71 26 130 32 26 43
internal_value=2.48505e-13 5.18831e-05 -2.60963e-05 3.70516e-05 8.87606e-05 0.000257425 -0.000492371 -0.000228144 -0.0011228 -0.00184875 0.000370953 -0.000423509 0.000167332 0.000325971 1.48689e-05 -9.90862e-05 -0.000716329 0.000257757 -0.000593091 0.00146968 -0.000969998 -0.000286119 -0.000282074 -0.000780549 0.000550815 -0.000949642 0.00117153 0.000821061 0.00110978 0.000782809
internal_weight=1076 1051 998 960 938 727 211 187 75 54 112 65 701 580 424 404 148 256 121 47 101 64 127 91 206 50 156 172 140 114
internal_count=1076 1051 998 960 938 727 211 187 75 54 112 65 701 580 424 404 148 256 121 47 101 64 127 91 206 50 156 172 140 114
is_linear=0
shrinkage=0.05


Tree=59
num_leaves=31
num_cat=0
split_feature=30 14 53 1 29 8 9 12 58 26 30 36 67 32 47 47 41 15 14 14 10 46 73 46 16 43 74 7 43 67
split_gain=0.0467189 0.0427545 0.0454011 0.0422772 0.0477425 0.0407637 0.042189 0.0447636 0.0358425 0.0413718 0.035285 0.0339452 0.0291915 0.0291526 0.0303372 0.0414243 0.026559 0.033001 0.0324192 0.0282206 0.0265579 0.0475677 0.044011 0.0255868 0.0309953 0.034241 0.0255868 0.0245719 0.0234929 0.022283
threshold=-1.5390272736549375 -1.3167442083358762 1.8005895614624026 -0.9918064773082732 0.46815459430217748 -1.1683371067047117 0.2362390533089638 1.1420021057128908 0.15609421581029895 -0.07572345063090323 -0.47984850406646723 0.95931681990623485 -0.25470076501369471 -0.15479508787393567 -0.27679331600666041 0.57863527536392223 -0.97894731163978566 -0.51857849955558766 -0.23371022939682004 1.7306635379791262 -0.14864004403352735 -0.47748194634914393 -0.53465676307678212 0.50860765576362621 0.032947611063718803 0.12930662930011752 0.33093962073326116 -0.48550578951835627 -0.35705670714378351 0.4698121845722199
decision_type=2 2 2 2 2 2 2 2 2 2 2 2 2 2 2 2 2 2 2 2 2 2 2 2 2 2 2 2 2 2
left_child=-1 -2 3 4 13 -5 12 8 9 10 28 23 20 27 26 -16 -14 -18 -19 29 21 -7 -23 24 25 -10 -15 -3 -8 -20
right_child=1 2 -4 5 -6 6 7 -9 11 -11 -12 -13 16 14 15 -17 17 18 19 -21 -22 22 -24 -25 -26 -27 -28 -29 -30 -31
leaf_value=-0.0023940169741399585 0.0015711248570534572 -0.00031112155043314598 -0.0018171483671347447 0.0019291899298188968 -0.0028002721172842113 -0.0024107554182410239 -0.00022010043348101054 0.0023006502609474191 0.0011129479668493013 0.0020685894049238414 -0.00075909688558485047 -0.0019733295988534458 0.0018526572044356726 -0.00073312394476185254 0.0010718894115979633 -0.0016069642104277458 -0.0016584372058527413 0.001216004892273552 0.00027769317753154613 0.0015785252081695945 -0.0016859739987502018 -0.00099923192810820178 0.0015329759821257982 0.0014783317283554762 -0.001959721275627436 -0.0011338249679413691 -0.0032320011255796998 0.0014738472110982384 0.0018140952274188751 -0.00096392163239610224
leaf_weight=20 44 51 34 33 22 20 22 33 43 50 44 23 20 21 31 27 28 55 64 20 52 32 37 27 21 28 20 31 40 83
leaf_count=20 44 51 34 33 22 20 22 33 43 50 44 23 20 21 31 27 28 55 64 20 52 32 37 27 21 28 20 31 40 83
internal_value=2.64937e-12 4.53412e-05 -2.09972e-05 4.14457e-05 -0.000600882 0.000209694 0.000133221 0.000553342 0.000359848 0.000883018 0.000323786 -0.000214902 -0.000205125 -0.000333553 -0.000911061 -0.000175163 9.93872e-05 -4.08744e-05 0.000163143 -0.000183609 -0.000788235 -0.000263713 0.000358619 0.000124962 -0.000272223 0.000226897 -0.00195209 0.000363684 0.00109228 -0.000423355
internal_weight=1076 1056 1012 978 203 775 742 331 298 156 106 142 411 181 99 58 270 250 222 167 141 89 69 119 92 71 41 82 62 147
internal_count=1076 1056 1012 978 203 775 742 331 298 156 106 142 411 181 99 58 270 250 222 167 141 89 69 119 92 71 41 82 62 147
is_linear=0
shrinkage=0.05


Tree=60
num_leaves=31
num_cat=0
split_feature=22 17 16 63 17 12 14 46 48 9 7 15 47 47 18 7 6 12 30 19 12 64 5 19 12 1 47 20 6 5
split_gain=0.0428943 0.0357013 0.0524857 0.0461642 0.040228 0.045458 0.0774406 0.0400972 0.0632335 0.0363512 0.0513515 0.0358271 0.0375132 0.036323 0.0329174 0.0314708 0.0368554 0.0334189 0.0324063 0.0298784 0.0295381 0.0320824 0.0287475 0.02852 0.0276054 0.027138 0.0262263 0.043304 0.0429864 0.0245863
threshold=-1.4606560468673704 0.24858679622411731 -0.59877574443817128 -0.66649252176284779 0.89705789089202892 -0.11616212874650954 -0.082674030214548097 0.3138651996850968 -0.20602013170719144 0.25114315748214727 -2.1333628892898555 -0.58751988410949696 -0.32017758488655085 -0.059506529942154877 -0.33948267996311182 -1.2675631046295164 -0.9750705063343047 -0.54389983415603627 -0.51382276415824879 0.66741943359375011 1.8962609767913821 1.1745851635932925 -0.45472003519535059 -0.037267748266458504 -0.058194531127810471 0.38739696145057684 -0.43757022917270655 -0.71134603023529042 0.023943643085658554 -0.37276458740234369
decision_type=2 2 2 2 2 2 2 2 2 2 2 2 2 2 2 2 2 2 2 2 2 2 2 2 2 2 2 2 2 2
left_child=-1 2 15 14 5 6 -5 8 -7 10 -4 -12 22 -14 -3 -2 -17 18 -18 -15 21 23 -13 -11 -25 -19 -6 -28 -29 -30
right_child=1 3 9 4 26 7 -8 -9 -10 20 11 12 13 19 -16 16 17 25 -20 -21 -22 -23 -24 24 -26 -27 27 28 29 -31
leaf_value=-0.0020468915852252397 -0.00094438736385200168 -0.0002391820859854981 0.0017550628206226976 -0.0005551477032135503 0.0014266078666762703 0.00055830553257172667 -0.0040006076961400959 0.0018132886915866817 -0.0027210235174390533 0.0011789642549091496 -0.002242401202286904 -0.0030575607734499503 0.0018668494917537003 0.00014394985626086984 -0.0023982987302588301 0.0030644205483523284 0.0009539203258841386 0.00043318051903042944 -0.0010540731289893303 -0.0014923519759367293 0.0023320446079014802 -0.001391456508281408 -0.00061030269678061212 -0.0015184464110061526 0.00074878018590268398 0.0023704248934033486 0.002045735540887108 -0.0023471222785503968 -0.00087397432653233418 0.0016052537178620698
leaf_weight=25 20 31 25 73 55 49 21 28 21 82 30 20 22 98 41 22 54 29 32 39 20 24 30 25 29 48 20 23 20 20
leaf_count=25 20 31 25 73 55 49 21 28 21 82 30 20 22 98 41 22 54 29 32 39 20 24 30 25 29 48 20 23 20 20
internal_value=1.13738e-12 4.86891e-05 0.00027804 -0.000321582 -7.13063e-05 -0.000539328 -0.00132488 0.000214159 -0.000425493 -2.74893e-05 -0.00040106 -0.000626595 -0.000394661 -1.90186e-05 -0.00146868 0.000939773 0.00114347 0.000884196 0.00020676 -0.000321859 0.000520414 0.00029396 -0.00158921 0.000591386 -0.000300862 0.00164081 0.000579854 1.87528e-05 -0.000624734 0.00036564
internal_weight=1076 1051 649 402 330 192 94 98 70 444 264 239 209 159 72 205 185 163 86 137 180 160 50 136 54 77 138 83 63 40
internal_count=1076 1051 649 402 330 192 94 98 70 444 264 239 209 159 72 205 185 163 86 137 180 160 50 136 54 77 138 83 63 40
is_linear=0
shrinkage=0.05


Tree=61
num_leaves=31
num_cat=0
split_feature=30 11 21 1 1 21 31 29 31 32 55 2 47 47 71 48 30 30 18 15 0 4 62 55 27 5 32 68 52 26
split_gain=0.0399453 0.0346888 0.0302796 0.0372395 0.0310241 0.0567738 0.0392007 0.0391051 0.036332 0.03011 0.0311114 0.0376226 0.027664 0.037096 0.026578 0.032448 0.0401987 0.0373066 0.037028 0.0339865 0.0337265 0.0369569 0.031638 0.0406504 0.0449816 0.0380568 0.0311718 0.0349921 0.0295959 0.0282564
threshold=-1.5390272736549375 1.2117924690246584 1.8890497088432314 1.515513062477112 -0.9918064773082732 -1.7474583387374876 1.589852571487427 0.46815459430217748 1.0420184135437014 -0.15479508787393567 0.51861217617988598 -1.1443938016891477 -0.27679331600666041 0.57863527536392223 -1.6567835807800291 1.2185083627700808 0.92964693903923046 0.76803019642829906 0.97529134154319774 0.57301196455955516 0.8194282352924348 0.12484677881002428 -0.76046818494796742 0.66572293639183056 -0.02749876398593187 0.86199924349784862 -0.5449746549129485 -0.16521121561527249 0.39993256330490118 -0.83692961931228627
decision_type=2 2 2 2 2 2 2 2 2 2 2 2 2 2 2 2 2 2 2 2 2 2 2 2 2 2 2 2 2 2
left_child=-1 2 3 4 7 -6 8 9 14 10 11 -2 -11 -14 -7 16 17 20 -18 -20 22 29 -16 25 -25 26 -24 -28 -29 -22
right_child=1 -3 -4 -5 5 6 -8 -9 -10 12 -12 -13 13 -15 15 -17 18 -19 19 -21 21 -23 23 24 -26 -27 27 28 -30 -31
leaf_value=-0.0022136742366274122 0.0021833028601990503 0.0012529104902828945 -0.0018190879815412463 -0.001888579978607595 0.0025141652967879333 -0.0016421635989986715 -0.0014270536699577383 -0.0023241708613932137 0.0013667983202529806 -0.0018109068159502363 -0.0012249338886855792 -0.00018662714428501205 0.0010257328980515013 -0.0015169147294587814 0.0012953011556995811 0.0014742594211632175 -0.0022275049119557747 0.0022476621268486432 0.0014237181327882268 -0.0013584043798998567 -0.0013728080765022675 -0.0020995352144382198 -0.00082314034444817277 -0.0029527953639626506 -0.00011248727703628982 0.0014475251032501659 0.0022956909743421104 0.0010692155187320572 -0.00095823325130671346 0.00098757128680517794
leaf_weight=20 33 56 23 25 26 21 38 25 63 41 21 34 32 26 71 44 34 22 21 23 21 32 65 20 46 66 23 36 36 32
leaf_count=20 33 56 23 25 26 21 38 25 63 41 21 34 32 26 71 44 34 22 21 23 21 32 65 20 46 66 23 36 36 32
internal_value=2.51751e-12 4.19257e-05 -2.58895e-05 1.6325e-05 6.63488e-05 0.000219124 0.000135551 -0.000466923 0.00022339 -0.000218628 0.000454319 0.000980652 -0.000816803 -0.000114075 0.000105878 0.000167886 6.29949e-05 0.00023745 -0.00098821 -3.05732e-05 0.000138734 -0.000757786 0.000348663 0.000118488 -0.000973187 0.000437296 2.05758e-05 0.000597855 5.54911e-05 5.23266e-05
internal_weight=1076 1056 1000 977 952 740 714 212 676 187 88 67 99 58 613 592 548 470 78 44 448 85 363 292 66 226 160 95 72 53
internal_count=1076 1056 1000 977 952 740 714 212 676 187 88 67 99 58 613 592 548 470 78 44 448 85 363 292 66 226 160 95 72 53
is_linear=0
shrinkage=0.05


Tree=62
num_leaves=31
num_cat=0
split_feature=12 14 53 45 38 12 17 23 68 68 23 45 9 13 54 45 10 68 21 55 38 69 65 56 47 2 1 51 65 33
split_gain=0.0376631 0.0369773 0.0293653 0.0345559 0.0447525 0.0351398 0.0303237 0.0505489 0.0314369 0.0338333 0.030321 0.0285957 0.0328389 0.0360658 0.0304008 0.0284813 0.0262606 0.0239527 0.0324039 0.0298344 0.0274453 0.0223721 0.041091 0.025742 0.025749 0.025647 0.0297864 0.0268708 0.0265024 0.02686
threshold=-1.5624362230300901 -1.329192519187927 1.884780287742615 0.090104617178440108 1.483072102069855 1.3784247040748598 -1.2992035150527952 -1.4082790613174436 -0.010001183487474917 -0.16521121561527249 1.0930984020233157 -0.92628747224807728 -0.098120838403701768 -0.28021885454654688 0.48434686660766607 1.7348370552062991 -0.6052771508693694 -1.3885294795036314 0.11638319492340089 0.82271796464920055 -0.76999136805534352 -0.69983461499214161 0.43453951179981237 -0.091796588152647005 0.32937599718570715 -0.64298972487449635 0.52226349711418163 0.2551910281181336 0.067837152630090727 0.46867398917675024
decision_type=2 2 2 2 2 2 2 2 2 2 2 2 2 2 2 2 2 2 2 2 2 2 2 2 2 2 2 2 2 2
left_child=-1 -2 3 6 5 15 -3 -8 9 17 11 14 16 -14 -10 21 -13 -9 20 -20 -19 -5 25 -24 -25 -23 28 -28 29 -27
right_child=1 2 -4 4 -6 -7 7 8 10 -11 -12 12 13 -15 -16 -17 -18 18 19 -21 -22 22 23 24 -26 26 27 -29 -30 -31
leaf_value=-0.0016132928896695376 0.0016065495142971191 0.0010413084392201285 -0.0016614192057974064 -0.00049174369805940552 -0.0013197329128161073 0.0020108560000413229 -0.0022176393561119979 0.0012263112916843966 0.00036342563790044396 -0.0022459157506969423 -0.0016671190247870985 0.00041771114498762225 0.00011198055313249667 0.0025046206667043627 0.0028614045292626889 -0.0013901937267457305 -0.0015292426457541974 -0.0027129834234074224 0.00077771893658517112 -0.0014886832504998893 -0.00070753553995696859 0.0025362829091206481 0.00069341037375063221 0.00052312590437045747 -0.0014615351769779491 0.00051042106107718524 0.00067823263317205056 0.0023860514973334614 0.0016261872727357384 -0.0017175929257064128
leaf_weight=35 37 42 26 53 37 35 34 20 29 29 20 29 63 21 21 22 43 24 53 20 59 26 59 26 44 31 51 42 21 24
leaf_count=35 37 42 26 53 37 35 34 20 29 29 20 29 63 21 21 22 43 24 53 20 59 26 59 26 44 31 51 42 21 24
internal_value=2.9704e-12 5.42414e-05 -2.96522e-06 4.11246e-05 0.000349482 0.000491789 -0.000245338 -0.000361551 -0.000215131 -0.000663493 0.000191568 0.000372023 3.85128e-05 0.000710141 0.00141258 0.000358537 -0.000745053 -0.000402753 -0.000611607 0.000156787 -0.00128742 0.000460585 0.000616368 -7.59307e-05 -0.000724375 0.00107435 0.000849437 0.00144951 0.000115142 -0.000461803
internal_weight=1076 1041 1004 978 471 434 507 465 431 205 226 206 156 84 50 399 72 176 156 73 83 377 324 129 70 195 169 93 76 55
internal_count=1076 1041 1004 978 471 434 507 465 431 205 226 206 156 84 50 399 72 176 156 73 83 377 324 129 70 195 169 93 76 55
is_linear=0
shrinkage=0.05


Tree=63
num_leaves=31
num_cat=0
split_feature=30 14 52 37 74 21 28 38 8 65 23 20 59 59 71 41 62 37 27 72 72 26 28 1 64 65 39 37 33 54
split_gain=0.0340173 0.0333874 0.026506 0.0494423 0.0417314 0.0346297 0.0296365 0.0501666 0.0531703 0.0417541 0.0362008 0.0344532 0.03369 0.0438764 0.0324127 0.0400962 0.0336687 0.0528633 0.0289021 0.0284988 0.0265608 0.034198 0.024437 0.035917 0.0293842 0.0272505 0.0244013 0.0254165 0.0224195 0.0218267
threshold=-1.5390272736549375 -1.3167442083358762 -0.99120178818702687 0.25942927598953253 1.7277618646621706 1.794025242328644 0.60575863718986522 0.55604538321495067 -0.50276565551757801 -0.58525991439819325 0.25290606915950781 0.76339712738990795 0.33127707242965704 0.71693855524063121 -1.5290452837944029 -1.0331647396087644 -0.17231871932744977 -0.56385037302970875 -0.42263121902942652 -0.41220164299011225 -0.31108853220939631 -0.52305534482002247 -0.21449317038059232 0.38739696145057684 -0.28224308788776392 -0.28134618699550623 -0.1914960369467735 0.50508016347885143 -0.44623592495918268 -0.58962711691856373
decision_type=2 2 2 2 2 2 2 2 2 2 2 2 2 2 2 2 2 2 2 2 2 2 2 2 2 2 2 2 2 2
left_child=-1 29 3 18 5 6 7 14 -9 11 -10 -8 -11 -14 -4 28 20 -18 -3 -19 -17 -22 25 -24 -25 -21 -27 -28 -16 -2
right_child=1 2 4 -5 -6 -7 9 8 10 12 -12 -13 13 -15 15 16 17 19 -20 22 21 -23 23 24 -26 26 27 -29 -30 -31
leaf_value=-0.0020428244034701496 0.00027338795850730753 -0.00095650703563265752 -0.0017125089001464881 -0.0022014906119837085 -0.0016374240211649415 -0.0019065356013015845 -0.00022691296835546383 -0.00034932796628234664 0.0040672210881232537 -0.0013726397093540238 0.0013113944535619411 0.0022503786287270486 0.0016330195906838136 -0.00089888063369223607 0.00072648530237047991 0.001141290979272266 -0.0019181001791879774 -0.0012947943349982697 0.00077898643666769057 0.0019262287409011541 -0.0013045799517840352 0.00091388513093605933 -0.0015004840685593846 -0.00090666559350211179 0.0016026401401696994 0.0017842923355055975 -0.0012087871858966538 0.00080003735455383938 0.0027477212332008135 0.0025006320819639686
leaf_weight=20 22 47 21 38 34 20 32 23 22 88 26 25 28 44 34 112 39 33 49 35 32 38 38 20 28 20 32 31 23 22
leaf_count=20 22 47 21 38 34 20 32 23 22 88 26 25 28 44 34 112 39 33 49 35 32 38 38 20 28 20 32 31 23 22
internal_value=4.68542e-12 3.86899e-05 -1.99328e-05 -0.000674941 8.00344e-05 0.000149221 0.000199118 0.000378408 0.00162733 -0.000302397 0.00257448 0.000859618 -0.000716366 8.57472e-05 0.000212972 0.000291487 0.000135846 -0.000212276 -7.06822e-05 6.84296e-05 0.000663767 -0.00010027 0.000288951 -0.000352067 0.000557096 0.000756134 0.000262721 -0.000220318 0.00154207 0.00138701
internal_weight=1076 1056 1012 134 878 844 824 607 71 217 48 57 160 72 536 515 458 276 96 237 182 70 204 86 48 118 83 63 57 44
internal_count=1076 1056 1012 134 878 844 824 607 71 217 48 57 160 72 536 515 458 276 96 237 182 70 204 86 48 118 83 63 57 44
is_linear=0
shrinkage=0.05


Tree=64
num_leaves=31
num_cat=0
split_feature=22 11 1 21 1 3 68 61 67 67 41 12 18 1 6 2 25 19 52 68 73 22 52 12 23 9 55 52 45 22
split_gain=0.035206 0.0316346 0.0282241 0.0305669 0.0287213 0.0345105 0.0310698 0.0286517 0.0371284 0.032851 0.0312467 0.0304449 0.066875 0.0481634 0.0456641 0.0289525 0.0280673 0.0275798 0.027589 0.0283064 0.0318935 0.0286115 0.0256368 0.0253904 0.0238221 0.0236929 0.0297018 0.0278405 0.0208432 0.0178308
threshold=-1.4606560468673704 1.2117924690246584 1.3957345485687258 1.794025242328644 -1.752259314060211 1.7394597530364992 -1.2573906779289243 -1.1705973148345945 -0.33240109682083124 -1.2489144206047056 -1.1817175745964048 -0.25363065302371973 0.07721129804849626 0.39978460967540747 -0.365615963935852 -0.60076555609703053 -0.446311205625534 -0.71477597951889027 -0.99120178818702687 0.50451004505157482 -0.17118685692548749 -0.54548653960227955 0.52417403459548961 0.014167085289955141 0.66107493638992321 -0.8982785940170287 0.70045927166938793 0.31453070044517523 0.25490832328796392 -0.71353158354759205
decision_type=2 2 2 2 2 2 2 2 2 2 2 2 2 2 2 2 2 2 2 2 2 2 2 2 2 2 2 2 2 2
left_child=-1 2 3 4 -2 6 16 8 9 -8 23 12 17 14 -13 -16 -6 -12 -19 20 -20 -22 24 -9 -15 -17 27 28 -27 -3
right_child=1 29 -4 -5 5 -7 7 10 -10 -11 11 13 -14 22 15 25 -18 18 19 -21 21 -23 -24 -25 -26 26 -28 -29 -30 -31
leaf_value=-0.0018544010128825905 -0.0014443374915087286 0.00052050258682081194 -0.0013376407355117875 -0.0018077171545221725 9.6208967954373444e-05 -0.0017839558873042141 -0.00018531027183468855 0.0021392759772217167 0.001051539215259254 -0.0025304341899754948 0.0013890534297388514 0.0014602048360555073 -0.0020220313655991795 5.1588426431408158e-05 0.00090962109294900255 -0.0020527974505716098 0.0019646766858799807 -0.0016138452750526307 -0.0020987090561538934 0.001437637455140551 -0.00058626174635422531 0.0014173273756958745 0.0016910602631362377 0.00023475350531433444 0.0015734431339498971 -0.00023667883310143066 -0.0021842507822882563 -0.00082945839657137799 0.001916017055522058 0.0024125062813982368
leaf_weight=25 30 33 39 22 37 23 28 35 20 32 32 36 49 90 31 29 44 29 20 30 49 28 68 35 36 23 21 60 22 20
leaf_count=25 30 33 39 22 37 23 28 35 20 32 32 36 49 90 31 29 44 29 20 30 49 28 68 35 36 23 21 60 22 20
internal_value=-3.61093e-12 4.41104e-05 -1.91049e-05 3.45165e-05 7.77706e-05 0.000128116 0.000177864 8.37194e-05 -0.000814147 -0.00143604 0.000183068 7.54479e-05 -0.000376869 0.000333138 -0.000169791 -0.000485274 0.00111118 5.19228e-05 -0.00022236 9.53802e-05 -0.000319751 0.000142316 0.000908655 0.00118701 0.000486404 -0.000764252 -0.000467683 -0.000124369 0.00081575 0.00123447
internal_weight=1076 1051 998 959 937 907 884 803 80 60 723 653 237 416 222 186 81 188 156 127 97 77 194 70 126 155 126 105 45 53
internal_count=1076 1051 998 959 937 907 884 803 80 60 723 653 237 416 222 186 81 188 156 127 97 77 194 70 126 155 126 105 45 53
is_linear=0
shrinkage=0.05


Tree=65
num_leaves=31
num_cat=0
split_feature=22 1 14 3 5 39 45 45 66 68 37 41 41 14 16 19 39 74 28 65 47 27 27 24 35 55 66 19 68 27
split_gain=0.0317734 0.0246986 0.032114 0.0280885 0.0318965 0.0327372 0.0388668 0.037154 0.0259194 0.0263524 0.0250876 0.028671 0.0331159 0.0325882 0.036236 0.0314307 0.0386956 0.029988 0.028906 0.0307304 0.0266024 0.0236309 0.0277027 0.0215723 0.020655 0.0321528 0.0188509 0.0245284 0.0187776 0.0185072
threshold=-1.4606560468673704 -1.752259314060211 -1.329192519187927 1.6434370875358584 1.0331719517707827 0.91666930913925182 1.3511129021644595 0.43989351391792303 -0.64548060297965992 0.87456190586090099 -2.193007111549377 -1.0331647396087644 -0.11148246750235556 0.40812222659587866 -0.87268492579460133 0.43335710465908056 0.3793091624975205 -0.77966880798339833 -0.29310564696788782 -0.44358511269092554 0.38373129069805151 0.26819235086441046 -0.14942808449268338 0.060009738430380828 0.48677822947502142 -0.26834726333618159 -0.21790655702352521 0.21710237860679629 -0.04567743465304374 -0.16238150000572202
decision_type=2 2 2 2 2 2 2 2 2 2 2 2 2 2 2 2 2 2 2 2 2 2 2 2 2 2 2 2 2 2
left_child=-1 -2 -3 4 5 7 26 10 -9 24 -4 13 18 14 -12 17 -17 -14 19 -13 21 22 -19 -20 25 -10 -7 -28 -21 -16
right_child=1 2 3 -5 -6 6 -8 8 9 -11 11 12 15 -15 29 16 -18 20 23 28 -22 -23 -24 -25 -26 -27 27 -29 -30 -31
leaf_value=-0.0017616809662431478 -0.0013721206194410723 0.0015943099816521521 -0.0016808990301797168 -0.0013807493025738309 0.00083673408083936396 0.00068788736292238657 -0.0021053744224206498 0.0017607579491121452 -0.00096151343923771672 0.0018245372371748091 -0.00055872496130177757 0.0012775143280763317 -0.00094450637365558327 -0.00054122452133310004 0.0027368986104134348 6.2021091627907391e-05 -0.0024621609619564634 0.0016757789549317111 -0.0024450027967759524 -0.0017184554137875915 -0.0004544520936906338 0.0023655512857658325 -0.00030128127426210351 -0.00078886275838229662 -0.00085243355318131606 0.0014763203803388599 -0.0016392906605632918 0.00054663341725245116 0.00016415040031111299 0.00090844590397318832
leaf_weight=25 30 34 24 34 122 36 38 46 21 25 20 27 28 37 31 49 22 37 32 27 30 32 34 51 41 38 33 21 26 25
leaf_count=25 30 34 24 34 122 36 38 46 21 25 20 27 28 37 31 49 22 37 32 27 30 32 34 51 41 38 33 21 26 25
internal_value=6.81614e-13 4.19049e-05 8.34531e-05 3.14074e-05 8.17886e-05 -2.90457e-05 -0.000764512 0.000104866 0.000746005 0.000372576 -0.000101215 -2.65841e-05 -0.000227494 0.00067571 0.00126816 0.000156248 -0.00072012 0.000542721 -0.000773678 -9.54687e-05 0.000855822 0.00123746 0.000729018 -0.00142737 9.58617e-06 0.000608617 -0.00019837 -0.000789209 -0.000794913 0.00192063
internal_weight=1076 1051 1021 987 953 831 128 703 171 125 532 508 395 113 76 232 71 161 163 80 133 103 71 83 100 59 90 54 53 56
internal_count=1076 1051 1021 987 953 831 128 703 171 125 532 508 395 113 76 232 71 161 163 80 133 103 71 83 100 59 90 54 53 56
is_linear=0
shrinkage=0.05


Tree=66
num_leaves=31
num_cat=0
split_feature=17 53 53 41 23 47 16 49 31 72 61 14 36 65 38 45 60 65 73 73 15 32 65 65 32 6 55 11 6 36
split_gain=0.0292979 0.0342495 0.0463805 0.0304885 0.0356544 0.0300897 0.0371734 0.032455 0.038066 0.0378409 0.0473312 0.0496604 0.0352975 0.0283722 0.0388847 0.027197 0.0265025 0.0261199 0.0262705 0.0294598 0.0263721 0.0460843 0.0250856 0.0218762 0.021227 0.018995 0.0179792 0.0260531 0.0281107 0.028162
threshold=0.24858679622411731 1.8005895614624026 -0.12550763785839078 1.0775896906852724 -0.2436745539307594 -0.39513801038265223 -1.246128976345062 -0.14751324802637097 -0.23440728336572644 -0.58273953199386586 0.22150303423404696 0.44404353201389318 0.091746736317873015 0.55875474214553844 -0.41912208497524256 -0.96470198035240162 1.4061769247055056 0.55875474214553844 0.4036384671926499 0.078839100897312178 0.18283376097679141 -0.13660524040460584 -0.26646178960800165 0.79076161980628978 -1.3851754665374754 -0.84668684005737294 -0.2221143841743469 -0.30162887275218958 -0.19478936493396756 -0.67000809311866749
decision_type=2 2 2 2 2 2 2 2 2 2 2 2 2 2 2 2 2 2 2 2 2 2 2 2 2 2 2 2 2 2
left_child=3 2 13 5 -5 7 -7 9 -9 -1 11 12 -11 15 -15 -2 17 18 19 20 21 22 -8 -19 -4 -17 -26 -28 29 -29
right_child=1 -3 24 4 -6 6 16 8 -10 10 -12 -13 -14 14 -16 25 -18 23 -20 -21 -22 -23 -24 -25 26 -27 27 28 -30 -31
leaf_value=0.0017684854687480577 -0.002679346999502741 -0.0023484272272617092 -0.001352476423198823 -0.0025083974411245439 -0.00011836788615024925 0.002679283388715703 -0.00051464231941388472 -0.0029269886702033027 8.3547737865176584e-05 1.8711500645925603e-05 -0.0023922219623013271 -0.0015548999301390723 0.0026221984400130486 -0.0013180119170680305 0.0016547686235174877 0.00018231967447458633 -0.0010421626162025388 -0.001123697243861638 0.0018572659674557111 -0.00064790471552465204 5.1663490692942194e-05 0.0023808439074653309 0.0016832902500893744 0.00045918960611994285 -0.00078864745897590195 -0.0014224780920981343 -0.0003028099083282527 0.000971779486738212 0.0016015030068187962 -0.0013442932262218424
leaf_weight=29 28 20 20 20 71 20 34 21 21 30 21 25 23 22 22 28 27 35 51 39 62 54 21 58 30 54 63 35 71 21
leaf_count=29 28 20 20 20 71 20 34 21 21 30 21 25 23 22 22 28 27 35 51 39 62 54 21 58 30 54 63 35 71 21
internal_value=-2.60541e-12 -0.000329922 -0.00022746 0.000206326 -0.000643649 0.000341786 0.000578113 -0.000215667 -0.00142172 0.000180069 -0.000285225 0.000282044 0.00114853 -0.000904688 0.000168378 -0.00133391 0.000467815 0.000582983 0.000839357 0.000592151 0.000874971 0.00134327 0.000324568 -0.00013652 0.000207095 -0.000874498 0.000348874 0.000528483 0.000940857 0.000103252
internal_weight=1076 414 394 662 91 571 401 170 42 128 99 78 53 154 44 110 381 354 261 210 171 109 55 93 240 82 220 190 127 56
internal_count=1076 414 394 662 91 571 401 170 42 128 99 78 53 154 44 110 381 354 261 210 171 109 55 93 240 82 220 190 127 56
is_linear=0
shrinkage=0.05


Tree=67
num_leaves=31
num_cat=0
split_feature=22 53 1 49 14 53 16 42 72 6 54 7 62 15 9 72 26 59 0 2 2 37 59 47 63 28 2 47 42 24
split_gain=0.0282386 0.024526 0.0232628 0.039401 0.0347277 0.0334359 0.0401707 0.035058 0.0287932 0.0300285 0.0409788 0.0285556 0.0261872 0.0315513 0.0250466 0.0286336 0.0360581 0.0231178 0.0219583 0.0295853 0.0237389 0.0375234 0.0386958 0.029621 0.0295549 0.0243324 0.0208636 0.0217328 0.0207353 0.0195056
threshold=-1.4606560468673704 1.8005895614624026 -1.1421197056770322 -1.6877053976058958 -0.76151242852210987 -0.4720503687858581 0.7126239836215974 0.65340450406074535 -0.61551669239997853 -0.91933611035346974 -0.26653906702995295 -0.91687723994255055 -0.45277385413646692 -0.1925135254859924 1.0283948779106142 -0.96917548775672901 -0.24094133079051969 -0.79324495792388905 -1.2014126181602476 0.7152535915374757 0.03686873801052571 -0.19749471545219419 0.2017781659960747 1.3890718817710879 0.15291596949100497 0.73111653327941906 -1.0941408872604368 -0.28698416054248804 0.01515713566914201 -0.42022787034511561
decision_type=2 2 2 2 2 2 2 2 2 2 2 2 2 2 2 2 2 2 2 2 2 2 2 2 2 2 2 2 2 2
left_child=-1 2 8 -4 14 6 7 12 17 10 -10 -7 -6 -14 15 -5 29 -2 19 -13 21 24 -23 25 -20 28 -11 -28 -22 -17
right_child=1 -3 3 4 5 11 -8 -9 9 26 -12 18 13 -15 -16 16 -18 -19 20 -21 23 22 -24 -25 -26 -27 27 -29 -30 -31
leaf_value=-0.0016607989240437747 0.0018240950530439262 -0.0012618470853859825 0.0021466593453660608 0.0015931659313055742 -0.00023250465407424295 -0.0013620630179628217 0.00094928435719339184 0.00019947359640453316 -0.00027148634959303311 0.00067310538462620709 -0.0033660883175047197 0.00051861762919503708 -0.0036490040972990837 -0.0013249022485979367 0.0015377356311223741 -0.0001204055300604523 0.0017275800229981542 -0.00037049040298110678 -0.00020427853656844398 -0.0019908822367142422 0.00075181457481353158 -0.0021886795639257991 0.00013769032009757864 -0.00070994442445226024 0.0022260197126094928 0.00012399133574708923 -0.0021012500870380211 0.00012119749709117142 0.0019390951052628226 -0.0019092965568415822
leaf_weight=25 21 35 25 34 24 29 30 37 20 33 23 23 23 40 62 64 22 28 29 24 95 33 39 35 22 77 22 22 60 20
leaf_count=25 21 35 25 34 24 29 30 37 20 33 23 23 23 40 62 64 22 28 29 24 95 33 39 35 22 77 22 22 60 20
internal_value=1.08869e-13 3.95052e-05 8.43353e-05 0.000191205 0.000131733 -5.37707e-05 -0.000692495 -0.0010897 -0.000451279 -0.00086832 -0.00192674 0.00015731 -0.00163797 -0.00217338 0.0007011 0.000330589 -7.4388e-05 0.000570046 0.000258138 -0.000762829 0.000381177 -0.000193562 -0.000928563 0.000645945 0.000844085 0.000850498 -0.000277256 -0.000990026 0.00121141 -0.000546332
internal_weight=1076 1051 1016 847 822 620 154 124 169 120 43 466 87 63 202 140 106 49 437 47 390 123 72 267 51 232 77 44 155 84
internal_count=1076 1051 1016 847 822 620 154 124 169 120 43 466 87 63 202 140 106 49 437 47 390 123 72 267 51 232 77 44 155 84
is_linear=0
shrinkage=0.05


Tree=68
num_leaves=31
num_cat=0
split_feature=12 16 12 35 58 43 15 40 18 22 12 23 65 65 65 18 16 0 38 35 17 70 18 30 30 2 73 44 25 27
split_gain=0.0269437 0.0250314 0.0307018 0.0356791 0.0350987 0.0329183 0.0283338 0.0297019 0.0279401 0.0312491 0.0264803 0.0353637 0.0254459 0.0383766 0.0252843 0.0304715 0.0281076 0.0246693 0.027097 0.0254133 0.0220716 0.0423852 0.0267197 0.0379013 0.0250505 0.0219252 0.0211125 0.0209111 0.0210968 0.0206682
threshold=-1.5624362230300901 -0.5242801010608672 -0.27981825172901148 -1.7392909526824949 -1.1605010628700254 0.51997923851013195 0.12344282865524293 -0.24721001833677289 0.07721129804849626 -1.3019279837608335 1.0200802087783816 -0.71908423304557789 -0.89720299839973439 -0.24330200254917142 0.68915244936943065 -0.37261502444744105 -0.040815776214003556 0.8194282352924348 0.86254060268402111 0.83737090229988109 0.26309683918952947 0.73032933473587047 -0.40182833373546595 -0.83780226111412037 -1.0621041655540464 0.11130736395716669 0.22129761427640918 -0.31987953186035151 0.66523531079292308 0.88678243756294262
decision_type=2 2 2 2 2 2 2 2 2 2 2 2 2 2 2 2 2 2 2 2 2 2 2 2 2 2 2 2 2 2
left_child=-1 8 4 -4 -3 14 7 -5 9 -2 11 -9 -8 -14 15 -6 -17 18 27 -19 22 -22 23 24 -11 -7 -25 28 -15 -13
right_child=1 2 3 6 5 25 12 10 -10 20 -12 29 13 17 -16 16 -18 19 -20 -21 21 -23 -24 26 -26 -27 -28 -29 -30 -31
leaf_value=-0.0013645321511596975 -0.0013345160247159324 0.0013195722119417044 -0.0016889298469457707 -0.00022266799953312317 0.00030692165168442743 -0.0031898775813963519 0.0014705307114954021 -0.0010026557249754357 -0.0010667685391187358 0.00051322596506603692 0.0023911215260560659 0.001621095719377673 -0.0015565335510621722 0.00096643834946007711 0.00090327722763714315 -0.0027257026759562671 -0.00062705613284682238 -1.9666518421907878e-05 -0.00088657760905334719 -0.0023364459397271276 0.0006135704850385083 -0.0018219213720168108 0.0020587807706430217 0.00047764762069301184 0.0026804734393954277 -0.00095761576984924348 -0.0012595548413430705 0.0012188563029566367 -0.0013026190112300573 -0.00022381347673217534
leaf_weight=35 21 20 27 69 37 22 22 24 30 24 29 63 49 20 26 27 39 29 35 20 80 23 44 73 30 22 23 72 21 20
leaf_count=35 21 20 27 69 37 22 22 24 30 24 29 63 49 20 26 27 39 29 35 20 80 23 44 73 30 22 23 72 21 20
internal_value=1.36052e-12 4.58776e-05 -0.000127866 7.88997e-05 -0.00066353 -0.00089279 0.000179812 0.00062228 0.000391868 0.000529475 0.00105097 0.000687748 -0.000158644 -0.000304342 -0.000489983 -0.00084168 -0.00148559 7.11654e-06 0.000329062 -0.000965291 0.000661273 6.97228e-05 0.000975343 0.000657534 0.00171725 -0.00207375 6.14429e-05 0.000705588 -0.000195762 0.00117654
internal_weight=1076 1041 693 500 193 173 473 205 348 318 136 107 268 246 129 103 66 197 148 49 297 103 194 150 54 44 96 113 41 83
internal_count=1076 1041 693 500 193 173 473 205 348 318 136 107 268 246 129 103 66 197 148 49 297 103 194 150 54 44 96 113 41 83
is_linear=0
shrinkage=0.05


Tree=69
num_leaves=31
num_cat=0
split_feature=12 14 50 7 65 64 61 8 6 37 21 28 46 67 17 17 18 25 28 66 64 36 23 42 39 67 50 47 49 2
split_gain=0.0243167 0.0238131 0.0200485 0.0356806 0.0364431 0.0443253 0.0244808 0.0238075 0.0365344 0.0220882 0.0311695 0.0297753 0.0309014 0.0313726 0.0259638 0.0363291 0.0253656 0.0245797 0.0260843 0.0322686 0.0233454 0.0284313 0.0265443 0.0228673 0.031325 0.0223163 0.0220322 0.0189476 0.0187936 0.0186819
threshold=-1.5624362230300901 -1.329192519187927 -0.68162044882774342 -0.87404212355613697 1.5678451061248782 -0.85852980613708485 -0.3786602765321731 0.64123809337615978 -0.39619013667106623 -2.193007111549377 -1.7964776158332822 -0.22760517895221707 0.292771726846695 1.3837856054306032 0.54333081841468822 0.91811445355415355 1.7932265400886538 -0.43032956123352045 0.79029449820518505 -0.14862323552370069 -0.74377036094665516 -0.46545319259166712 0.30034677684307104 -0.12483871728181838 0.23873369395732882 -0.23566157370805738 1.2487604618072512 -0.6529162824153899 0.63699063658714306 0.96679329872131359
decision_type=2 2 2 2 2 2 2 2 2 2 2 2 2 2 2 2 2 2 2 2 2 2 2 2 2 2 2 2 2 2
left_child=-1 -2 3 -3 5 -5 -7 8 -8 -4 -11 20 13 14 23 -16 17 26 -19 -20 -12 27 -23 -13 -25 -24 -14 -22 -29 -26
right_child=1 2 9 4 -6 6 7 -9 -10 10 11 12 16 -15 15 -17 -18 18 19 -21 21 22 25 24 29 -27 -28 28 -30 -31
leaf_value=-0.0012963055388536305 0.0012892980508449666 -0.0019625265462309472 -0.0013744287301960868 0.001756559728528373 -0.002129941823105106 -0.0014964506387266077 0.00089992873867772319 0.0015705976258253769 -0.0011555524310656788 0.0015617924544035066 -0.00038719927644186621 0.00039308439396027448 -0.0014033181359991431 0.0012578010542451271 -0.0034081516496371478 -0.00067485806780056125 0.0019494497153209522 0.0010284011677911798 0.0013370125111015071 -0.0010205093627219152 -0.0010872301180497744 0.0020057998391954848 -0.00079586639559628175 6.7302689157341695e-05 -0.002690496171663444 0.001235114200654296 0.0005801945920601222 0.0012785364778816681 -0.00050597157835727562 -0.00075597597072677065
leaf_weight=35 37 32 24 32 21 33 37 21 52 38 56 53 42 21 20 31 20 83 21 47 25 60 21 44 26 38 21 36 25 24
leaf_count=35 37 32 24 32 21 33 37 21 52 38 56 53 42 21 20 31 20 83 21 47 25 60 21 44 26 38 21 36 25 24
internal_value=-5.57129e-13 4.35838e-05 -2.32404e-06 -0.000414524 -0.000161789 7.43899e-05 -0.00030204 5.62835e-05 -0.000301027 0.000118786 0.000166442 9.21796e-05 -0.000152907 -0.000579778 -0.000774673 -0.00174674 0.0002466 8.74549e-05 0.00043358 -0.000292451 0.00051756 0.000764714 0.00126529 -0.000437425 -0.000905692 0.000512223 -0.000742147 7.20613e-05 0.000547181 -0.00176193
internal_weight=1076 1041 1004 228 196 175 143 110 89 776 752 714 453 219 198 51 234 214 151 68 261 205 119 147 94 59 63 86 61 50
internal_count=1076 1041 1004 228 196 175 143 110 89 776 752 714 453 219 198 51 234 214 151 68 261 205 119 147 94 59 63 86 61 50
is_linear=0
shrinkage=0.05


Tree=70
num_leaves=31
num_cat=0
split_feature=17 53 53 41 1 8 65 38 45 64 10 2 7 47 61 69 42 41 41 39 6 12 7 6 69 59 70 40 53 69
split_gain=0.0227731 0.0279464 0.039056 0.0259762 0.03258 0.0394162 0.0224751 0.0297365 0.022856 0.0220532 0.0269348 0.0288087 0.0246963 0.0239052 0.0303483 0.0287782 0.0222209 0.0212982 0.0326406 0.0319629 0.0254815 0.0317197 0.0198872 0.0179725 0.0179399 0.0202878 0.0317589 0.0174147 0.0164253 0.0160389
threshold=0.24858679622411731 1.8005895614624026 -0.12550763785839078 1.3381357192993166 1.1499680280685427 -0.44542470574378962 0.59897327423095714 -0.41912208497524256 -0.96470198035240162 0.99741265177726757 0.1202409863471985 1.1794760823249819 -2.1333628892898555 -0.3929923921823501 -0.060759885236620896 -0.81321865320205677 -0.38738510012626642 -0.11148246750235556 -0.89615282416343678 1.1079192161560061 -0.63641804456710804 0.2900292575359345 0.74216949939727794 -0.84668684005737294 0.98665162920951854 0.22023838758468631 0.09627439454197885 1.0000000180025095e-35 0.95246410369873058 0.75758132338523876
decision_type=2 2 2 2 2 2 2 2 2 2 2 2 2 2 2 2 2 2 2 2 2 2 2 2 2 2 2 2 2 2
left_child=3 2 6 4 9 -6 8 -8 -2 12 -11 -12 -1 14 15 -14 -17 18 -15 20 -19 -22 -5 -10 25 26 -4 -25 -26 -27
right_child=1 -3 24 22 5 -7 7 -9 23 10 11 -13 13 17 -16 16 -18 19 -20 -21 21 -23 -24 27 28 29 -28 -29 -30 -31
leaf_value=0.0016982066109388447 -0.0024225889604297533 -0.0021142045242595487 0.00075495924934012844 -0.0015531990730475323 0.002712809506418376 0.00022014078783935735 -0.0011967958079185338 0.0014971083577880306 0.00023483622554240042 -0.0012427855155822598 0.001550284780561924 -0.00087495060676398377 -0.0011389802210032939 0.0015170757062844048 -0.0015400702429408403 -0.00052065347290841777 0.0015059804430501047 0.002488598067429848 -0.0007591147548131024 -0.00067499299975679614 0.00013116297953111384 0.001707601620553221 0.00024192174829901583 -0.0020905014916112827 -0.0011981489153136814 0.00056967432858612114 -0.0012579793120191122 -0.00031683675106614832 0.00058032747649122034 0.0020657987779249317
leaf_weight=30 28 20 43 36 29 35 20 21 29 56 25 24 29 21 38 21 38 26 63 32 78 54 27 31 37 81 36 25 20 23
leaf_count=30 28 20 43 36 29 35 20 21 29 56 25 24 29 21 38 21 38 26 63 32 78 54 27 31 37 81 36 25 20 23
internal_value=-1.28149e-12 -0.000290873 -0.000198318 0.000181905 0.00028348 0.00134963 -0.000819775 0.000183009 -0.00118362 0.000155941 -0.000493692 0.000362414 0.000314572 0.000210799 -0.000359203 0.000150717 0.000784636 0.000472917 -0.000190067 0.000766026 0.00105788 0.00077607 -0.000783862 -0.000775485 0.00020045 0.00044171 -0.000162329 -0.00129869 -0.000574122 0.000900548
internal_weight=1076 414 394 662 599 64 154 41 113 535 105 49 430 400 126 88 59 274 84 190 158 132 63 85 240 183 79 56 57 104
internal_count=1076 414 394 662 599 64 154 41 113 535 105 49 430 400 126 88 59 274 84 190 158 132 63 85 240 183 79 56 57 104
is_linear=0
shrinkage=0.05


Tree=71
num_leaves=31
num_cat=0
split_feature=63 33 37 21 46 8 7 48 16 41 47 10 71 47 73 69 74 61 61 65 29 16 35 8 3 63 74 40 74 70
split_gain=0.0222782 0.0265117 0.0421511 0.0385284 0.033633 0.0300881 0.0270791 0.0381417 0.0276557 0.0318185 0.0281367 0.0400424 0.0302006 0.0385304 0.0325403 0.0263451 0.0251503 0.0237007 0.0360553 0.026863 0.0236624 0.0247066 0.0229064 0.0225355 0.0216885 0.0216456 0.0178229 0.0175354 0.0164898 0.0158476
threshold=2.1614530086517338 -1.1765415668487547 -1.1060278415679929 -1.7964776158332822 0.58824566006660473 -0.37596547603607172 -0.87404212355613697 -0.49921786785125727 -0.95471027493476857 -0.18645635247230527 0.15833972394466403 1.8581215739250185 1.044424891471863 0.67605236172676098 0.9995030164718629 -1.1666372418403623 0.14500039070844653 -0.26026766002178187 -0.0785100683569908 -0.13759299367666242 1.0295100808143618 -0.46276871860027308 0.54260131716728222 -0.042117120698094361 -1.3931320309638975 0.44206571578979498 0.69271323084831249 -0.19038462638854978 -0.45002496242523188 0.27054528892040258
decision_type=2 2 2 2 2 2 2 2 2 2 2 2 2 2 2 2 2 2 2 2 2 2 2 2 2 2 2 2 2 2
left_child=1 2 4 -3 28 -4 7 -5 9 -8 11 15 14 -14 16 -10 20 19 -19 27 21 -12 -18 -23 -9 -25 -24 -17 -1 -20
right_child=-2 3 5 6 -6 -7 8 24 10 -11 12 -13 13 -15 -16 17 22 18 29 -21 -22 23 26 25 -26 -27 -28 -29 -30 -31
leaf_value=0.0020718223512812984 -0.0016531815857160838 0.0021020042528107296 -0.0027261775411334972 -0.0021198096248554068 -0.0011188941555701603 -0.00030841708807698029 -0.0002618219043749074 0.00078103988630334102 0.0015713497493627738 0.0015812386963655477 0.0008539164136371776 -0.0022150231121486285 0.00048015098750161438 -0.0024389501678524542 0.0022433803326243327 -0.0022382907049177448 0.0014567375914102977 0.0016660618567613944 0.00015262794724308639 0.00032465847026157596 0.0012257493340127571 -0.0021500607073752084 0.0009452596418365526 0.00067909372187892184 -0.00091964202233734923 -0.0013846326281054646 -0.0010757338308030741 -0.00068467351278134929 0.00012788224266842009 -0.00083576433520886253
leaf_weight=20 20 24 31 32 32 22 36 38 22 67 28 24 26 20 27 32 77 31 121 35 28 24 24 27 37 24 20 42 24 61
leaf_count=20 20 24 31 32 32 22 36 38 22 67 28 24 26 20 27 32 77 31 121 35 28 24 24 27 37 24 20 42 24 61
internal_value=-1.5289e-12 3.13103e-05 -0.000640277 0.000124767 0.000114487 -0.00172258 7.22162e-05 -0.00067459 0.000172603 0.000937062 5.89826e-05 -0.000240422 0.000398 -0.000789023 0.00059371 -0.000102659 0.00041696 -0.000217032 8.98323e-05 -0.000816684 -6.31028e-05 -0.00041347 0.000936697 -0.000886628 -5.79632e-05 -0.000292072 2.66262e-05 -0.00135651 0.00101149 -0.000178646
internal_weight=1076 1056 129 927 76 53 903 107 796 103 693 368 325 46 279 344 252 322 213 109 131 103 121 75 75 51 44 74 44 182
internal_count=1076 1056 129 927 76 53 903 107 796 103 693 368 325 46 279 344 252 322 213 109 131 103 121 75 75 51 44 74 44 182
is_linear=0
shrinkage=0.05


Tree=72
num_leaves=31
num_cat=0
split_feature=12 16 12 41 23 29 38 35 19 69 41 31 8 51 37 59 44 1 27 39 39 19 1 60 6 61 69 0 5 19
split_gain=0.0216084 0.0197931 0.026116 0.0294112 0.0318372 0.0412482 0.0371163 0.0293142 0.024432 0.0230022 0.0258441 0.0313589 0.0268478 0.0412018 0.0249928 0.0381248 0.0238767 0.0213932 0.021215 0.0197076 0.0268194 0.0461877 0.0243335 0.0227476 0.0266086 0.0199531 0.0191446 0.0244035 0.0212802 0.0191883
threshold=-1.5624362230300901 -0.5242801010608672 -0.27981825172901148 -1.0228714942932127 -0.096002288162708269 -0.32348127663135523 -0.086785960942506776 -1.7392909526824949 1.3280884027481081 -0.95749464631080616 -0.1614357307553291 -0.25598800182342524 -0.35306273400783533 -0.38398650288581843 -0.95394316315650929 -0.041248645633459084 -0.23205094039440152 0.96115598082542431 0.41616813838481909 0.86571234464645397 0.49961556494235998 0.38295412063598638 0.11047847568988801 1.4061769247055056 -0.65728047490119923 0.17713283002376559 0.26986435055732733 -0.3708945289254188 -0.59400698542594899 0.33998773992061621
decision_type=2 2 2 2 2 2 2 2 2 2 2 2 2 2 2 2 2 2 2 2 2 2 2 2 2 2 2 2 2 2
left_child=-1 9 3 -3 5 -5 -6 -4 19 16 14 -12 13 -13 -11 -16 -2 18 -15 20 23 25 -21 24 -9 -22 28 -28 -26 -30
right_child=1 2 7 4 6 -7 -8 8 -10 10 11 12 -14 17 15 -17 -18 -19 -20 22 21 -23 -24 -25 26 -27 27 -29 29 -31
leaf_value=-0.0012219863128848374 0.0026203571497240945 0.00065993224616741415 -0.0015251192400076738 -0.00057339467389586703 0.0004310895614839017 -0.0032672081487598245 -0.0015418507717549802 0.0018786895053031353 -0.00088831527303840155 0.0010781835510649464 0.0017397876296984449 -0.0013109093881212175 -0.00091381595149869115 -0.00036339604151274625 -0.0020567770866263247 5.9936058208292641e-05 0.00043678060375837489 0.0023111748045686492 0.0015842263380936522 -0.0014973175219981181 0.0034350251790601764 -0.00038779889000579716 0.00022304536976095778 -0.0013475334831690861 -0.0016391888706147302 0.0013672595427903747 -0.00030238551349611955 0.00152290589473349 -0.00028876843120780819 0.0012029555517826874
leaf_weight=35 21 37 27 30 59 27 40 26 49 22 42 22 40 29 36 52 31 26 27 31 20 26 61 21 21 28 30 47 84 29
leaf_count=35 21 37 27 30 59 27 40 26 49 22 42 22 40 29 36 52 31 26 27 31 20 26 61 21 21 28 30 47 84 29
internal_value=-2.73643e-12 4.1085e-05 -0.000113413 -0.000607454 -0.000908053 -0.00184941 -0.000366058 7.72864e-05 0.000168756 0.00034875 0.000178369 0.000537659 0.000187038 0.000610444 -0.000429157 -0.000805992 0.00131861 0.00112593 0.000575636 0.000290917 0.000470361 0.00130947 -0.000356642 0.000229686 0.000369439 0.00222883 0.000183465 0.000811753 -0.000177566 9.40634e-05
internal_weight=1076 1041 693 193 156 57 99 500 473 348 296 186 144 104 110 88 52 82 56 424 332 74 92 258 237 48 211 77 134 113
internal_count=1076 1041 693 193 156 57 99 500 473 348 296 186 144 104 110 88 52 82 56 424 332 74 92 258 237 48 211 77 134 113
is_linear=0
shrinkage=0.05


Tree=73
num_leaves=31
num_cat=0
split_feature=1 21 53 58 53 12 72 14 28 32 72 12 52 41 52 65 61 13 42 15 47 53 21 74 28 52 52 40 36 65
split_gain=0.0203617 0.0295615 0.028483 0.0297338 0.0424541 0.0258932 0.0287907 0.0221555 0.0279272 0.0236864 0.0217465 0.0215885 0.0211766 0.0324334 0.024644 0.0245875 0.020645 0.0203441 0.0201219 0.02012 0.0199942 0.0347969 0.0264545 0.0244373 0.0217467 0.0196507 0.0184082 0.0218189 0.0488257 0.021244
threshold=-1.1421197056770322 -1.7474583387374876 -1.1891800165176389 -1.5023661255836485 1.8005895614624026 -0.28792800009250635 -0.61551669239997853 -0.76151242852210987 -1.1210575699806211 -0.58787831664085377 -0.96917548775672901 2.1952847242355351 1.4460366964340212 -1.0331647396087644 -0.64634859561920155 0.093361653387546553 -0.56180813908576954 -0.040775323286652558 0.1861013472080231 -0.12108266726136206 0.14540138095617297 -0.46329219639301294 0.92371380329132091 0.44977967441082006 0.60575863718986522 -0.13820800930261609 0.66587388515472423 -0.15193899720907209 -0.56637263298034657 0.2109404802322388
decision_type=2 2 2 2 2 2 2 2 2 2 2 2 2 2 2 2 2 2 2 2 2 2 2 2 2 2 2 2 2 2
left_child=5 -2 18 -4 7 16 -7 9 -9 10 -5 12 13 15 17 -10 -1 -15 -3 -11 21 -16 23 25 -25 -22 27 28 -23 -29
right_child=1 2 3 4 -6 6 -8 8 11 19 -12 -13 -14 14 20 -17 -18 -19 -20 -21 22 26 -24 24 -26 -27 -28 29 -30 -31
leaf_value=-0.00036326382955609776 0.0016136740560180063 -0.0020689084512503959 0.002020843292702921 0.0014632238333713479 -0.0018089593115166343 0.0015062825258937665 -0.00044976868165050337 -0.0016824783117044718 0.00035437308595325759 0.0021931307204067709 -0.00017444206962903517 0.0016321400003064248 -0.0015584585080172734 0.0017609153295897188 -0.0018666393802183252 0.0024995841392823921 -0.0020114275283719366 -0.00022717178296509453 -0.00015332841982759922 0.00047226266174358461 -0.0011979071852423388 0.0007223270414054723 -0.001116883102139192 0.0021032280881627232 6.1128026572987437e-05 0.00034205834309340277 -0.0011889283326270647 0.0016998260332426679 -0.0020703851023552429 -0.00025287214957643301
leaf_weight=38 31 26 20 26 29 25 76 24 34 35 92 21 21 31 41 22 38 22 29 33 27 34 35 32 22 89 38 30 29 26
leaf_count=38 31 26 20 26 29 25 76 24 34 35 92 21 21 31 41 22 38 22 29 33 27 34 35 32 22 89 38 30 29 26
internal_value=-3.51035e-12 9.65113e-05 4.23269e-05 0.000116824 6.88033e-05 -0.00049019 3.44024e-05 0.00014008 -1.26619e-05 0.000614728 0.0001864 5.96767e-05 -2.27772e-06 6.155e-05 -7.79077e-05 0.00119713 -0.00118735 0.000935672 -0.00105888 0.001358 -0.000211207 -0.000569563 0.000134912 0.000392634 0.00127126 -1.63819e-05 -0.000230836 7.51097e-05 -0.000563207 0.000793216
internal_weight=1076 899 868 813 793 177 101 764 578 186 118 554 533 512 456 56 76 53 55 68 403 198 205 170 54 116 157 119 63 56
internal_count=1076 899 868 813 793 177 101 764 578 186 118 554 533 512 456 56 76 53 55 68 403 198 205 170 54 116 157 119 63 56
is_linear=0
shrinkage=0.05


Tree=74
num_leaves=31
num_cat=0
split_feature=22 11 3 7 69 62 9 1 24 28 35 33 26 42 2 42 61 18 1 43 23 12 18 12 68 50 15 66 2 15
split_gain=0.0206175 0.0244487 0.0254686 0.0250385 0.0194686 0.0316506 0.0232206 0.0189548 0.0219934 0.0236364 0.0269923 0.0247371 0.0214024 0.0319847 0.0290437 0.0488082 0.0283554 0.0380169 0.0270487 0.0500196 0.0427116 0.031755 0.02443 0.0317147 0.0267635 0.0309344 0.0223156 0.0213681 0.0209183 0.0152186
threshold=-1.3744930624961851 1.3189637660980227 1.6434370875358584 0.7864685356616975 -0.78856623172759999 0.3421494215726853 0.091437291353940978 -1.752259314060211 2.0635768175125127 -0.80919519066810597 -0.2934963703155517 -0.04150798358023166 -0.52305534482002247 -0.053608948364853852 -0.42636960744857783 -0.018187531270086762 -1.1857819557189939 0.40756763517856603 0.39978460967540747 0.68268376588821422 0.44233636558055883 -0.25363065302371973 1.238922715187073 0.88870644569396984 -0.39891660213470453 0.60131517052650463 -0.66827291250228871 -0.57993233203887928 -0.73691245913505543 0.30070577561855322
decision_type=2 2 2 2 2 2 2 2 2 2 2 2 2 2 2 2 2 2 2 2 2 2 2 2 2 2 2 2 2 2
left_child=-1 2 3 7 -5 6 -6 -2 9 10 -9 -12 13 26 15 28 -17 -18 22 21 -21 -20 23 24 -16 -26 -11 -13 -14 -7
right_child=1 -3 -4 4 5 29 -8 8 -10 12 11 27 14 -15 18 16 17 -19 19 20 -22 -23 -24 -25 25 -27 -28 -29 -30 -31
leaf_value=-0.0011936401597423746 -0.0013325864344771053 0.0016521979072738604 -0.0013626342454120856 -0.00072929434581265717 -0.00074801431324694452 0.0026625331607647244 0.00075309107663997562 0.001500810605458632 0.0016059807955753061 -0.0021832576477774294 -0.001081223152648432 0.0016381708458149142 0.00093653884541708985 0.00063026813835266138 0.00055212933739708005 -0.0012525471671037132 -0.00051575001109287969 0.0020866212864664546 -0.00078654186897135026 -0.0026586649721771806 0.00032692171074450018 0.001445766389961343 -0.0020251449972068171 0.00073650202561671349 -0.0020456351872309353 0.00014401910998656053 -0.00064069170803122695 -0.00021497700064043916 0.0029028741276956034 0.0010077815548742584
leaf_weight=35 29 23 33 26 38 24 80 46 20 37 33 28 38 31 23 38 36 23 21 23 25 66 31 39 54 23 64 35 21 33
leaf_count=35 29 23 33 26 38 24 80 46 20 37 33 28 38 31 23 38 36 23 21 23 25 66 31 39 54 23 64 35 21 33
internal_value=2.96099e-12 4.0132e-05 3.71008e-06 4.94861e-05 0.000547357 0.00073703 0.000269684 -7.81567e-05 -2.99734e-05 -7.44891e-05 0.00050494 2.77523e-05 -0.000213239 -0.000774595 -5.25044e-05 0.000502419 -0.000187335 0.000498734 -0.000336334 0.000192051 -0.00110367 0.000906933 -0.000755934 -0.000472873 -0.000944529 -0.00139158 -0.00120579 0.000608644 0.00163642 0.00170452
internal_weight=1076 1041 1018 985 201 175 118 784 755 735 142 96 593 132 461 156 97 59 305 135 48 87 170 139 100 77 101 63 59 57
internal_count=1076 1041 1018 985 201 175 118 784 755 735 142 96 593 132 461 156 97 59 305 135 48 87 170 139 100 77 101 63 59 57
is_linear=0
shrinkage=0.05


Tree=75
num_leaves=31
num_cat=0
split_feature=52 48 30 75 32 18 12 15 1 70 30 10 22 53 34 27 47 47 36 48 11 35 0 36 16 30 18 15 75 44
split_gain=0.0196723 0.029446 0.028791 0.0256345 0.0251741 0.0317492 0.0519782 0.0315563 0.0301007 0.0255058 0.0239952 0.029465 0.0248402 0.025253 0.023698 0.0230871 0.0216051 0.0204713 0.0186717 0.0269365 0.0186148 0.0175229 0.0187966 0.0171475 0.0254464 0.0161391 0.0159085 0.01771 0.025278 0.0168919
threshold=-0.99120178818702687 -1.3645224571228025 -0.76381927728652943 1.0000000180025095e-35 -1.2618246674537656 0.058082692325115211 -0.5035623013973235 -0.86396861076354969 0.15058038383722308 -0.94946295022964466 -0.5593435764312743 -0.88732776045799244 -0.79913404583930958 -0.92883887887001026 0.13856612145900729 -1.2130456566810606 0.15217803418636325 1.3890718817710879 0.38364320993423467 0.30361342430114752 -0.20007343590259549 -0.44138833880424494 -0.3708945289254188 0.55825459957122814 -0.51543948054313649 0.85243216156959545 -1.1332508921623228 -0.1547109633684158 1.0000000180025095e-35 -0.64286047220230091
decision_type=2 2 2 2 2 2 2 2 2 2 2 2 2 2 2 2 2 2 2 2 2 2 2 2 2 2 2 2 2 2
left_child=1 -1 -3 -4 -2 10 20 -8 15 -10 26 -12 -13 -14 -5 -9 21 18 -11 -20 -7 -17 -23 24 -15 -18 -6 -28 29 -29
right_child=4 2 3 14 5 6 7 8 9 17 11 12 13 23 -16 16 25 -19 19 -21 -22 22 -24 -25 -26 -27 27 28 -30 -31
leaf_value=-0.0023116207978455352 -0.001172397142325185 0.00083066275394577086 -0.0016039272647402768 -0.00088177070655157369 -0.00022293869950469042 -0.00073656178894452749 0.0016605579753997046 0.00074099187739193448 -0.0012438615677334989 0.0012547737131856818 0.0013417933332143216 -0.0014817128056290978 -0.001123707334377936 0.0010125515284016729 0.0013717045559315012 -0.00043452966118430984 0.00068711285338005318 -0.00086573607404716313 -0.0011189582861132093 0.00084087439688300945 -0.0028442047147440135 -0.00085756334453998594 -0.0028217666477350326 0.0016563305853527378 -0.00040475800353171378 -0.0011725609528366477 0.0015617388503156736 0.00037416890762480244 -0.00027688798385813994 0.0023355478177899901
leaf_weight=20 38 42 45 28 30 20 27 25 24 77 41 29 35 52 20 28 28 24 27 50 22 21 29 22 81 20 81 21 46 23
leaf_count=20 38 42 45 28 30 20 27 25 24 77 41 29 35 52 20 28 28 24 27 50 22 21 29 22 81 20 81 21 46 23
internal_value=-3.78674e-13 -0.000521141 -0.000255884 -0.000746583 8.77055e-05 0.000141934 -0.000171431 1.30526e-05 -0.000112961 0.000286233 0.000428789 0.000111618 -0.000118689 8.93516e-05 5.71773e-05 -0.000646981 -0.000922373 0.000492538 0.000704217 0.00015366 -0.00184057 -0.00143599 -0.0019968 0.000363268 0.000149378 -8.77512e-05 0.00083906 0.00102538 0.000542648 0.00139944
internal_weight=1076 155 135 93 921 883 422 380 353 202 461 260 219 190 48 151 126 178 154 77 42 78 50 155 133 48 201 171 90 44
internal_count=1076 155 135 93 921 883 422 380 353 202 461 260 219 190 48 151 126 178 154 77 42 78 50 155 133 48 201 171 90 44
is_linear=0
shrinkage=0.05


Tree=76
num_leaves=31
num_cat=0
split_feature=17 22 19 34 53 39 2 2 32 61 53 38 9 41 63 17 39 34 21 9 10 7 66 70 39 39 44 22 60 34
split_gain=0.0180857 0.0243136 0.0202027 0.0217152 0.02074 0.0219766 0.0301363 0.0229207 0.0209066 0.019927 0.0338898 0.0279111 0.0318508 0.029303 0.0253292 0.0263272 0.0205274 0.0375689 0.0191015 0.0233281 0.0204222 0.0222029 0.0209025 0.0211436 0.018743 0.0207581 0.0266856 0.0216275 0.0241692 0.0237213
threshold=-2.0319763422012325 -1.4606560468673704 1.6306510567665102 0.028868278488516811 -0.92883887887001026 -0.40250483155250544 -0.14139962941408155 -0.11366684362292288 -0.15479508787393567 0.1920522823929787 -0.4720503687858581 -1.0681753754615781 1.4970279932022097 -1.0331647396087644 -0.66649252176284779 0.54333081841468822 0.91666930913925182 0.87910380959510814 0.79387918114662182 -0.08268063515424727 -0.54386630654335011 0.83534118533134472 -0.058919589966535561 -0.66576194763183583 0.74312683939933788 -0.93357989192008961 0.63418346643447887 -0.96609801054000843 0.064773228019475951 -0.37834064662456507
decision_type=2 2 2 2 2 2 2 2 2 2 2 2 2 2 2 2 2 2 2 2 2 2 2 2 2 2 2 2 2 2
left_child=-1 -2 4 -4 5 6 -3 8 -7 14 -11 -12 13 -13 15 -6 17 24 20 -20 -15 22 23 -22 25 -16 27 -27 -29 -30
right_child=1 2 3 -5 9 7 -8 -9 -10 10 11 12 -14 18 16 -17 -18 -19 19 -21 21 -23 -24 -25 -26 26 -28 28 29 -31
leaf_value=0.0013291172413155438 -0.001604774950828869 -0.00047612241942974207 0.00015975599579343743 -0.0019746368034527853 0.0001687062441080969 0.00065136181570037653 -0.0027661680959863589 0.0013415266042575242 -0.0011404504349296232 -0.0016437817174433308 0.0011795459688310867 0.0018415190669475124 -0.0020216450538663639 0.00062991397951716666 0.0014805483121353273 -0.0015801121462053352 -0.00044979883765336134 0.0024030757808847537 -0.00011366234321030788 0.0017699024722678588 -0.0016911045706365258 0.00019220811107357886 -0.0019417899291015188 0.00042211183684010955 0.0019547287385318093 0.0010657771671264383 0.0018995121561948465 -0.0011568316059419887 0.0012030506334970901 -0.00048738666798216196
leaf_weight=25 24 51 22 26 93 27 20 25 41 33 46 20 21 36 39 28 40 31 48 25 20 46 44 29 22 38 21 50 36 49
leaf_count=25 24 51 22 26 93 27 20 25 41 33 46 20 21 36 39 28 40 31 48 25 20 46 44 29 22 38 21 50 36 49
internal_value=-1.73277e-12 -3.16155e-05 5.14768e-06 -0.000996373 5.42519e-05 -0.000458775 -0.00112121 4.69513e-05 -0.000428996 0.000157487 -0.000114998 3.55988e-05 -0.000146483 4.51575e-07 0.000381814 -0.000235979 0.000611118 0.000759498 -0.000148022 0.000531394 -0.000431435 -0.000706317 -0.00115075 -0.000440425 0.00055969 0.00042797 0.000216369 1.20568e-05 -0.000284546 0.000228563
internal_weight=1076 1051 1027 48 979 164 71 93 68 815 368 335 289 268 447 121 326 286 248 73 175 139 93 49 255 233 194 173 135 85
internal_count=1076 1051 1027 48 979 164 71 93 68 815 368 335 289 268 447 121 326 286 248 73 175 139 93 49 255 233 194 173 135 85
is_linear=0
shrinkage=0.05


Tree=77
num_leaves=31
num_cat=0
split_feature=63 23 61 27 64 45 27 21 41 35 66 20 35 13 67 8 57 45 53 15 63 18 0 65 43 27 55 53 35 1
split_gain=0.0173899 0.0194316 0.0679589 0.031175 0.0289652 0.0232383 0.0245126 0.022861 0.0220051 0.0267156 0.0285535 0.0262032 0.0246038 0.0205139 0.0183619 0.017759 0.0207078 0.0191711 0.0187588 0.0251002 0.0176055 0.0157109 0.0151366 0.0305743 0.0190315 0.0169013 0.0168051 0.0195889 0.0166915 0.0245468
threshold=2.1614530086517338 -0.18943845480680463 1.266246020793915 0.56283649802207958 1.5270805358886721 0.46595442295074468 -0.69502180814743031 -1.0791716575622556 -1.0946109294891355 0.3542021661996842 0.12616394832730296 0.24445898085832599 -0.31628158688545221 -0.054034156724810593 1.0000000180025095e-35 -0.61054807901382435 1.3529423475265505 1.3511129021644595 0.72582712769508373 -0.971514731645584 0.14656250923871997 0.40119326114654547 0.47597797214984899 -0.24330200254917142 0.45223513245582586 0.086246419697999968 -0.49701091647148127 -0.22408895939588544 0.36427721381187445 0.56711596250534069
decision_type=2 2 2 2 2 2 2 2 2 2 2 2 2 2 2 2 2 2 2 2 2 2 2 2 2 2 2 2 2 2
left_child=1 2 3 5 7 8 -7 -3 11 12 -11 -1 20 -5 -14 18 17 22 19 -9 -10 -18 23 24 25 -17 -25 -28 -24 -30
right_child=-2 4 -4 13 -6 6 -8 15 9 10 -12 -13 14 -15 -16 16 21 -19 -20 -21 -22 -23 28 26 -26 -27 27 -29 29 -31
leaf_value=0.0011857642881715528 -0.0014605953707359732 0.0018149257728668012 -0.0030135388674569271 -0.000374528842032305 -0.0013759668760030765 -0.00023881824807066361 0.0015314112998870164 -0.0012719281646423044 -0.00062920981002124879 0.0020171039621345701 -0.00059324084894879807 -0.00081155062168060486 -0.0022758037663464037 -0.0025229300267528743 -0.00060476600342700571 -0.001876529083432009 0.00015653091611276415 -0.0014799824491922705 0.0015725321128099625 0.00068244983033408698 0.0011031133867800238 0.0018491747412973875 1.942321804063526e-05 0.0017985759670846166 0.00073670210282216441 -0.00016846621445958072 -0.00097949438019316994 0.00063846561515238135 -0.0024634545510967398 -0.00014463715284728098
leaf_weight=52 20 23 21 25 28 33 48 20 55 20 22 24 35 20 31 30 29 23 42 92 20 26 71 25 20 28 22 125 21 25
leaf_count=52 20 23 21 25 28 33 48 20 55 20 22 24 35 20 31 30 29 23 42 92 20 26 71 25 20 28 22 125 21 25
internal_value=1.68502e-12 2.76628e-05 -0.000243722 -9.26414e-05 0.000197174 7.10438e-05 0.000810207 0.000267991 -0.000160123 -0.000457128 0.00064978 0.000555033 -0.000786845 -0.00132937 -0.00149092 0.000208593 4.84354e-05 -7.96517e-05 0.000671384 0.000333454 -0.000167257 0.00095669 8.1074e-06 0.000227779 -0.000593319 -0.00105195 0.000600138 0.000396322 -0.000461277 -0.00120323
internal_weight=1076 1056 406 385 650 340 81 622 259 183 42 76 141 45 66 599 445 390 154 112 75 55 367 250 78 58 172 147 117 46
internal_count=1076 1056 406 385 650 340 81 622 259 183 42 76 141 45 66 599 445 390 154 112 75 55 367 250 78 58 172 147 117 46
is_linear=0
shrinkage=0.05


Tree=78
num_leaves=31
num_cat=0
split_feature=43 43 20 3 5 56 27 46 14 31 48 43 66 70 65 53 28 38 42 40 43 36 0 71 68 72 28 15 54 6
split_gain=0.0174492 0.029769 0.0296335 0.0217576 0.0259001 0.0202167 0.0182118 0.0252389 0.0194868 0.0229456 0.0233248 0.0265081 0.0246079 0.0227834 0.0349639 0.0290426 0.024868 0.0273263 0.0226332 0.0238625 0.0216489 0.0210102 0.0194832 0.0194634 0.0177155 0.0215419 0.0292706 0.0171268 0.0167497 0.0156353
threshold=-2.0692988634109493 -1.2330782413482664 0.70580950379371654 1.6434370875358584 1.0624042749404909 -0.28250524401664728 -1.5481478571891782 0.13802175223827365 -0.78423616290092457 0.23695214837789538 -0.037064334377646439 0.32953405380249029 -0.62023711204528797 0.1851000785827637 0.43967700004577642 0.59481048583984386 0.56631726026535045 0.38543334603309637 -0.60277390480041493 -0.24149891734123227 -0.12150411307811736 -0.89391043782234181 0.47597797214984899 -0.23964165896177289 -0.49342833459377283 0.31305368244647985 0.61921280622482311 0.67050498723983776 -0.042948620393872254 0.2428684011101723
decision_type=2 2 2 2 2 2 2 2 2 2 2 2 2 2 2 2 2 2 2 2 2 2 2 2 2 2 2 2 2 2
left_child=-1 2 5 4 6 -2 7 -3 20 13 11 12 -11 14 27 16 17 18 -15 -20 21 -8 -13 -22 -12 26 -26 -10 -14 -16
right_child=1 3 -4 -5 -6 -7 8 -9 9 10 24 22 28 15 29 -17 -18 -19 19 -21 23 -23 -24 -25 25 -27 -28 -29 -30 -31
leaf_value=-0.0013055185687262565 -0.00091241976944729693 -0.0021972462108048301 0.0026111690857214855 -0.0013298724220931037 0.00068509446840025025 0.00099813743245451606 0.0010575369468867957 7.2763734031468632e-05 0.00069360301535772648 0.0017820184857224707 0.0017828668965699361 -0.0004344076959241648 -0.0013057051580246826 0.00058998471267050659 -0.0022435875427964632 -0.0026637035224121065 -0.0016543131354930147 0.0011217284233550476 -0.0025410940542563119 -0.00035734559762580644 0.0017714460807231565 -0.00084477114070707232 -0.0022492308502218557 0.00034129356399567828 0.00067153562995372342 0.0011333029221745204 -0.0016383950644618989 -0.00088424740034887298 0.00050065473540488522 -0.00029019028850598262
leaf_weight=25 20 24 20 32 119 45 21 25 95 22 27 50 21 23 21 20 42 28 22 29 39 47 21 61 32 47 24 21 33 20
leaf_count=25 20 24 20 32 119 45 21 25 95 22 27 50 21 23 21 20 42 28 22 29 39 47 21 61 32 47 24 21 33 20
internal_value=3.27655e-12 3.10542e-05 0.000928131 -4.78812e-05 -3.95855e-06 0.000410274 -0.000104569 -0.00103908 -4.47894e-05 -0.000178458 0.000154954 -0.000276517 0.00037245 -0.000466169 -3.56437e-05 -0.000878319 -0.000630349 -0.000208716 -0.000712128 -0.00129935 0.000431008 -0.000257294 -0.000971186 0.000899053 0.000642848 0.000344009 -0.000318435 0.000407958 -0.000201819 -0.00129071
internal_weight=1076 1051 85 966 934 65 815 49 766 598 277 147 76 321 157 164 144 102 74 51 168 68 71 100 130 103 56 116 54 41
internal_count=1076 1051 85 966 934 65 815 49 766 598 277 147 76 321 157 164 144 102 74 51 168 68 71 100 130 103 56 116 54 41
is_linear=0
shrinkage=0.05


Tree=79
num_leaves=31
num_cat=0
split_feature=52 60 12 65 32 18 12 15 1 14 32 44 46 18 34 31 30 10 22 63 5 30 49 30 50 55 53 11 0 54
split_gain=0.0168702 0.0342731 0.0336618 0.0273091 0.0212517 0.0268835 0.0428799 0.0252301 0.0249695 0.0235451 0.0364802 0.0229556 0.0196095 0.0195692 0.0244412 0.0243527 0.0194281 0.0249848 0.0212073 0.0220396 0.0309675 0.020246 0.0189643 0.0178412 0.0177052 0.0239773 0.0210442 0.0164296 0.0163475 0.0160757
threshold=-0.99120178818702687 -0.62470749020576466 -0.2464858070015907 0.61759251356124889 -1.2618246674537656 0.058082692325115211 -0.5035623013973235 -0.86396861076354969 0.39978460967540747 0.34827733039855963 0.52100414037704479 -0.27769307792186732 0.310347929596901 0.20781756937503817 0.27918963134288793 1.0796473026275637 -0.5593435764312743 -0.88732776045799244 -0.79913404583930958 -0.1064908094704151 0.86199924349784862 0.087730329483747496 -0.43691770732402796 -0.74137327075004567 0.30087907612323767 -0.45428608357906336 -0.22408895939588544 -0.20007343590259549 0.16609807033091786 0.72051748633384716
decision_type=2 2 2 2 2 2 2 2 2 2 2 2 2 2 2 2 2 2 2 2 2 2 2 2 2 2 2 2 2 2
left_child=1 2 -1 23 -2 16 27 -8 9 10 -9 -11 -13 -10 28 29 24 -18 -19 20 22 -21 -20 -3 25 -6 -27 -7 -15 -16
right_child=4 3 -4 -5 5 6 7 8 13 11 -12 12 -14 14 15 -17 17 18 19 21 -22 -23 -24 -25 -26 26 -28 -29 -30 -31
leaf_value=-0.0023508292147763881 -0.0010765602754729212 0.00081473137581032596 0.00019518075510859489 0.0016826826092299252 0.0019545130205589757 -0.00063615769729949542 0.0014833886685125808 -0.00069899458429708542 -0.0011101069452706725 0.00041648441110737623 0.0019632297515107147 -0.0019366306349377525 -0.00058246518010198476 0.0020350603779245701 -0.00019641003465140886 -0.0014491837183457047 0.0012424062235456914 -0.0013618812748784972 1.8840252499406538e-05 7.3551036061522056e-05 0.00093191446466070992 0.0016569514536637475 -0.0016114575187120039 -0.00084817174038444472 -0.00060970920243389208 -0.00036385293813509637 0.00099909849324324846 -0.0026162335871380161 0.00027046045510187034 0.0013854234801642478
leaf_weight=37 38 23 20 21 43 20 27 31 20 29 22 47 62 35 36 21 41 29 30 52 31 33 44 54 21 40 97 22 21 29
leaf_count=37 38 23 20 21 43 20 27 31 20 29 22 47 62 35 36 21 41 29 30 52 31 33 44 54 21 40 97 22 21 29
internal_value=2.64058e-13 -0.000482601 -0.00145749 8.44274e-05 8.12195e-05 0.000131045 -0.00015731 1.02515e-05 -0.000102425 -0.000489708 0.00040608 -0.000833742 -0.00116637 0.000354187 0.000560426 3.10891e-05 0.000395005 0.00010961 -0.000102466 8.97604e-05 -0.000394758 0.000688283 -0.000950526 -0.00035146 0.000764172 0.000924458 0.000601156 -0.00167334 0.00137334 0.000509331
internal_weight=1076 155 57 98 921 883 422 380 353 191 53 138 109 162 142 86 461 260 219 190 105 85 74 77 201 180 137 42 56 65
internal_count=1076 155 57 98 921 883 422 380 353 191 53 138 109 162 142 86 461 260 219 190 105 85 74 77 201 180 137 42 56 65
is_linear=0
shrinkage=0.05


Tree=80
num_leaves=31
num_cat=0
split_feature=48 69 14 43 43 18 27 28 51 55 41 12 48 1 2 1 67 39 60 27 74 17 52 39 54 10 61 70 51 22
split_gain=0.0158859 0.0348828 0.0204203 0.0164864 0.036208 0.0199917 0.016949 0.0165609 0.0270242 0.0260821 0.0283905 0.0231901 0.0230527 0.0346942 0.0224335 0.0253293 0.0206738 0.0205131 0.0233411 0.0306396 0.0185134 0.0181641 0.0175987 0.0174219 0.016556 0.016155 0.0319187 0.0185888 0.0174755 0.0151261
threshold=-1.3645224571228025 0.6786615550518037 -1.3167442083358762 -2.0692988634109493 -1.3844490051269529 -1.0382619500160215 -1.1398316621780393 0.56631726026535045 1.4850487709045412 0.49573394656181341 -1.4359778761863706 -0.25363065302371973 1.7248136997222903 0.39978460967540747 0.2654224187135697 0.35673189163208013 0.067131794989109053 0.08696483820676805 1.0185497999191286 -0.11685295030474661 0.92018195986747753 -0.2077970206737518 0.65021508932113659 0.91666930913925182 0.21134401857852939 -0.12537683546543119 0.11265311762690546 -0.37423847615718836 -0.82284408807754505 1.1176632642745974
decision_type=2 2 2 2 2 2 2 2 2 2 2 2 2 2 2 2 2 2 2 2 2 2 2 2 2 2 2 2 2 2
left_child=1 -1 -2 -4 6 24 -5 8 9 10 -7 -9 13 16 17 -16 21 20 19 -19 25 -13 -18 -11 -6 27 -27 -12 -29 -15
right_child=2 -3 3 4 5 7 -8 11 -10 23 14 12 -14 29 15 -17 22 18 -20 -21 -22 -23 -24 -25 -26 26 -28 28 -30 -31
leaf_value=0.00063682231644634167 0.0011067728537370364 -0.0021647169608622788 -0.0013007411388874365 0.0023746402243639089 -0.00032873326266417285 0.002108012715470977 0.00052009575551242707 -0.0014756912741152495 0.0013885484573187396 -0.00028549245185974448 -0.00022101886061136612 -0.0004626677401743278 0.0014966182314674371 0.0011049010325223207 -0.00044820752044740539 0.0011187611921091697 0.00091467566950165712 -0.0027087317896075549 0.00076398278972853654 -0.00045794005111222057 -0.0007744253124110401 -0.0021682969554628496 -0.0010873222961977479 -0.0018505807618133816 -0.0019496490925793417 0.00095370073752376453 -0.0016119488504376602 0.00028151780785438382 0.0020873967558145525 -0.00027014673606673672
leaf_weight=20 43 25 24 22 50 20 28 37 42 116 24 27 20 45 35 98 23 21 22 54 35 37 21 21 23 27 22 21 37 36
leaf_count=20 43 25 24 22 50 20 28 37 42 116 24 27 20 45 35 98 23 21 22 54 35 37 21 21 23 27 22 21 37 36
internal_value=2.87835e-12 -0.000919588 4.01372e-05 -6.28517e-06 2.59419e-05 -4.57295e-05 0.0013361 2.31651e-05 0.000165832 7.29675e-05 0.000270025 -0.000321903 -0.000117644 -0.000288466 0.000177197 0.000706401 -0.000875141 -9.0423e-05 -0.000668088 -0.00108816 0.000247128 -0.00144873 -4.08234e-05 -0.000525396 -0.000839433 0.000520062 -0.000198224 0.000949282 0.00143354 0.000493769
internal_weight=1076 45 1031 988 964 914 50 841 595 553 416 246 209 189 396 133 108 263 97 75 166 64 44 137 73 131 49 82 58 81
internal_count=1076 45 1031 988 964 914 50 841 595 553 416 246 209 189 396 133 108 263 97 75 166 64 44 137 73 131 49 82 58 81
is_linear=0
shrinkage=0.05


Tree=81
num_leaves=31
num_cat=0
split_feature=63 33 37 21 48 34 25 42 63 15 68 32 11 46 12 22 40 71 46 34 19 72 33 12 44 68 37 9 32 60
split_gain=0.0156509 0.018132 0.0302756 0.0286503 0.027615 0.0192023 0.0169237 0.02017 0.0339788 0.0199934 0.0189916 0.0216875 0.018142 0.0155787 0.0287522 0.0284535 0.0212004 0.0209064 0.0249115 0.0203895 0.0227166 0.0268133 0.0202929 0.0199908 0.0259176 0.0227317 0.01553 0.0142776 0.0142619 0.018752
threshold=2.1614530086517338 -1.1765415668487547 -1.1060278415679929 -1.7964776158332822 -0.22982405871152875 0.62264424562454235 -0.446311205625534 0.37361770868301397 -0.37038895487785334 0.01781011559069157 -1.2972366809844968 -1.2909055352210996 1.3189637660980227 0.27438192069530493 -0.51293912529945362 0.34083631634712225 -0.29950384795665735 -0.81329646706581105 -0.27042639255523676 0.090308845043182387 -0.28251357376575464 0.33346201479434973 0.5781230926513673 0.5952512025833131 0.11185983568429948 0.53373700380325328 -2.193007111549377 0.46403943002223974 -0.35095931589603419 -0.52787449955940235
decision_type=2 2 2 2 2 2 2 2 2 2 2 2 2 2 2 2 2 2 2 2 2 2 2 2 2 2 2 2 2 2
left_child=1 2 4 -3 -1 -4 7 8 -5 -9 -8 -12 13 15 -15 16 17 -13 28 -16 -21 -22 27 25 -25 -17 -6 -18 29 -19
right_child=-2 3 5 6 26 -7 10 9 -10 -11 11 12 -14 14 19 23 22 18 -20 20 21 -23 -24 24 -26 -27 -28 -29 -30 -31
leaf_value=0.0017053385660983625 -0.0013856419897638262 0.0018085649571730755 -0.0022173911690515527 -0.0020171340351972061 -0.0015340190064827247 -0.00027158478208418404 0.0011589342753803875 0.00097936208971077581 -4.8106131464010105e-05 -0.00055697680599728816 -0.0010959839826682582 0.0014915220726106782 0.0015439860241831806 -0.0011573057183894614 0.0017453843563041455 -0.0019996838857575011 0.0020681590483890787 -0.00084518394284050229 -0.0014209738324695667 0.0014826249354251155 -0.00098853848034289129 0.00076059421082027255 -0.00025678384907743229 0.0010775926684101042 -0.0013165194101748057 4.8375693440902976e-05 0.00018589363782666626 0.0005014829648784003 0.00089704714605192608 0.00028479688024328264
leaf_weight=20 20 24 32 39 21 21 45 40 50 45 36 20 23 23 38 42 33 63 35 36 39 50 28 26 20 20 35 26 38 88
leaf_count=20 20 24 32 39 21 21 45 40 50 45 36 20 23 23 38 42 33 63 35 36 39 50 28 26 20 20 35 26 38 88
internal_value=-9.50194e-13 2.62432e-05 -0.000529156 0.000103532 0.000110509 -0.00144641 5.82153e-05 -0.000384845 -0.000910939 0.000166006 0.000163966 9.85079e-05 0.000164869 0.000114117 0.000497622 -4.83705e-05 0.000181564 -5.73783e-05 -0.000195673 0.00073114 0.00042281 -5.87967e-06 0.0008517 -0.000753076 3.66744e-05 -0.00133902 -0.000459074 0.00137776 3.12345e-05 -0.000186652
internal_weight=1076 1056 129 927 76 53 903 174 89 85 729 684 648 625 186 439 331 244 224 163 125 89 87 108 46 62 56 59 189 151
internal_count=1076 1056 129 927 76 53 903 174 89 85 729 684 648 625 186 439 331 244 224 163 125 89 87 108 46 62 56 59 189 151
is_linear=0
shrinkage=0.05


Tree=82
num_leaves=31
num_cat=0
split_feature=21 1 49 53 31 9 21 14 41 63 54 47 53 49 27 19 64 49 73 57 61 60 11 58 60 4 37 72 16 9
split_gain=0.0148774 0.0146233 0.0330498 0.0200034 0.0209799 0.0198381 0.0181733 0.0229134 0.0197783 0.0252318 0.0240712 0.0210109 0.0298474 0.0282744 0.0252439 0.0261693 0.0232281 0.0281398 0.0267447 0.0212557 0.0190131 0.0185714 0.0184879 0.020929 0.0178697 0.0255585 0.0166369 0.0162491 0.0154946 0.0151227
threshold=1.8890497088432314 -1.1421197056770322 -1.6877053976058958 1.8005895614624026 -1.6342040896415708 0.80821269750595104 1.4146980047225954 -0.76151242852210987 -1.0331647396087644 -0.68903630971908558 0.06173131242394448 0.14540138095617297 -0.46329219639301294 -0.62987771630287159 0.76942330598831188 -0.037267748266458504 0.27426926791667944 0.76691415905952465 0.16225830465555194 0.49326236546039587 -0.35461971163749689 -1.0417510271072385 -0.1749678552150726 -0.039751321077346795 -0.23723930865526197 -0.78263333439826954 0.63317006826400768 0.14610212296247485 -0.99403291940689076 0.72529658675193798
decision_type=2 2 2 2 2 2 2 2 2 2 2 2 2 2 2 2 2 2 2 2 2 2 2 2 2 2 2 2 2 2
left_child=1 5 -3 4 -4 -1 7 21 9 -9 -11 12 27 -14 15 19 18 -18 -17 20 -13 -6 -15 -24 25 -23 28 -10 -26 -30
right_child=-2 2 3 -5 6 -7 -8 8 11 10 -12 14 13 22 -16 16 17 -19 -20 -21 -22 24 23 -25 26 -27 -28 -29 29 -31
leaf_value=-0.00019241835209663071 -0.0012309204982254112 0.0019034707106184217 -0.001150556217544363 -0.0012316072032513932 -0.00050669630758365554 -0.0018299927949794353 0.0015101952439484497 -0.00061503395707058236 -0.0022146614996956721 0.0027576655568554999 0.00033392462591152816 0.00042720300896855243 0.0012322580808916341 -0.0016681985546601937 -0.00068308959703107107 -0.0020401911994364736 0.0015832756905266169 -0.00075804469718908276 0.00018303692791490786 -0.00015398164687212558 0.0022655069714603133 0.002906252378597856 -0.00095822676547686566 0.00037720916802178365 0.0010100476404962442 0.00079729859683663805 0.0015437952149527107 -0.00067212174066011551 -0.0013622915182517877 0.00041888512125958432
leaf_weight=155 24 25 32 29 33 21 24 21 31 20 21 22 31 25 66 24 33 21 31 24 39 20 50 71 24 51 22 38 26 22
leaf_count=155 24 25 32 29 33 21 24 21 31 20 21 22 31 25 66 24 33 21 31 24 39 20 50 71 24 51 22 38 26 22
internal_value=1.68819e-12 2.80818e-05 0.00011164 5.90012e-05 0.000104534 -0.000387811 0.000155373 0.000112924 -4.85336e-05 0.000794355 0.00151624 -0.000151812 -0.000483047 -0.000139178 0.000161586 0.00044895 -6.3865e-05 0.000672762 -0.000787099 0.00110656 0.00160251 0.000576095 -0.000430373 -0.000174624 0.000792653 0.00139137 0.000340431 -0.00136515 -2.72634e-05 -0.000545919
internal_weight=1076 1052 876 851 822 176 790 766 568 62 41 506 246 177 260 194 109 54 55 85 61 198 146 121 165 71 94 69 72 48
internal_count=1076 1052 876 851 822 176 790 766 568 62 41 506 246 177 260 194 109 54 55 85 61 198 146 121 165 71 94 69 72 48
is_linear=0
shrinkage=0.05


Tree=83
num_leaves=31
num_cat=0
split_feature=17 12 19 35 50 65 58 65 36 16 12 16 28 44 69 59 36 63 43 28 9 14 6 58 28 68 74 41 8 28
split_gain=0.014775 0.0215516 0.0159449 0.0190701 0.019119 0.02531 0.0304535 0.0208806 0.0198615 0.0182013 0.0236605 0.0202198 0.0205425 0.0196471 0.0207374 0.0198691 0.0193512 0.0257025 0.0307288 0.0203484 0.0220428 0.0236886 0.0206532 0.0166693 0.0296045 0.0165603 0.0160178 0.0156037 0.0199745 0.0153237
threshold=-2.0319763422012325 -1.5624362230300901 1.6306510567665102 -1.4611905217170713 -0.68162044882774342 1.5423321127891543 -1.0916294455528257 -0.4771133661270141 -0.70534342527389515 -0.58408647775650013 -0.27981825172901148 -0.46955218911170954 -0.67225754261016835 0.5267908275127412 -0.62924864888191212 -0.15125671029090879 1.9118055701255801 -0.80006167292594899 -1.092297315597534 1.7612253427505495 0.29475395381450659 0.041400568559765823 0.50768283009529125 -0.63294208049774159 -0.72556057572364796 -0.16521121561527249 0.48784466087818151 0.5655408799648286 -0.5987807810306548 -0.37233145534992212
decision_type=2 2 2 2 2 2 2 2 2 2 2 2 2 2 2 2 2 2 2 2 2 2 2 2 2 2 2 2 2 2
left_child=-1 -2 3 29 5 6 -5 -8 -9 23 13 -12 -13 14 -11 -16 17 -14 -19 20 22 -22 -20 24 -6 -4 -23 28 -25 -3
right_child=1 2 25 4 9 -7 7 8 -10 10 11 12 16 -15 15 -17 -18 18 19 -21 21 26 -24 27 -26 -27 -28 -29 -30 -31
leaf_value=0.0012013194072060286 -0.0013062507495391175 0.0003808852980173903 -5.8977376600658449e-05 0.0012306135545285153 0.0012850273154240482 -0.0018957676508844915 -0.0015625896443042062 0.00037749136274214837 -0.00086355210897400632 -0.0015338205859403719 -0.0012659976235590877 0.001924578092803131 -0.0010208205047820228 -0.0017796510681509971 0.0012873230085932409 -0.00045118835360404946 0.0015569399887075028 0.0021742847461220147 0.00084407277943021402 -0.0013069677410558575 -9.7059916081507845e-05 0.0025192615206693658 -0.00046198062512293922 0.00057697845060664056 -0.00086877938951007445 -0.0019310936520230912 0.00070784019215194437 0.00012481603960229739 0.0020593389603821748 -0.001238482776655777
leaf_weight=25 32 21 27 35 27 22 31 80 54 22 20 20 40 25 27 42 27 21 44 21 31 26 97 44 39 21 23 37 47 48
leaf_count=25 32 21 27 35 27 22 31 80 54 22 20 20 40 25 27 42 27 21 44 21 31 26 97 44 39 21 23 37 47 48
internal_value=-1.56448e-12 -2.85756e-05 1.15476e-05 5.55225e-05 0.000116808 -0.000286073 -0.000109007 -0.000393168 -0.000122631 0.000248337 8.49005e-05 0.000280241 0.000368598 -0.000538168 -0.000197102 0.000229099 0.000274296 0.000160001 0.000339593 0.000180384 0.000321717 0.000984653 -5.44179e-05 0.000657771 1.23234e-05 -0.000878028 0.001669 0.00099058 0.00134259 -0.000745632
internal_weight=1076 1051 1019 971 902 222 200 165 134 680 486 370 350 116 91 69 330 303 263 242 221 80 141 194 66 48 49 128 91 69
internal_count=1076 1051 1019 971 902 222 200 165 134 680 486 370 350 116 91 69 330 303 263 242 221 80 141 194 66 48 49 128 91 69
is_linear=0
shrinkage=0.05


Tree=84
num_leaves=31
num_cat=0
split_feature=21 6 17 35 34 23 70 72 53 55 45 33 14 22 45 43 70 16 39 64 68 58 49 24 22 11 7 43 55 2
split_gain=0.0137107 0.0365306 0.0154643 0.02248 0.0178602 0.0220248 0.0280488 0.0247856 0.0218494 0.0312362 0.0207766 0.0200732 0.0172205 0.0210952 0.0240534 0.0142958 0.0183896 0.0145792 0.0137894 0.0135717 0.0222625 0.015618 0.014846 0.0127986 0.0194602 0.0278275 0.0190428 0.0171425 0.0131912 0.0124167
threshold=1.5389587283134463 0.44856326282024389 -2.0319763422012325 -1.7694969773292539 1.8194111585617068 -0.1819643899798393 -1.1661009788513181 -0.4868819117546081 -0.89078238606452931 0.16218225657939914 1.3511129021644595 -0.39089044928550715 -0.23051634430885312 -0.65902644395828236 -0.26461678743362421 0.19158039242029193 0.5384432077407838 0.28269432485103613 1.1868090033531191 0.91368770599365245 0.63777166604995739 -1.0916294455528257 0.20357682555913928 0.46524541079998022 0.26055094599723821 0.54264548420906078 0.48879627883434301 0.46189728379249578 0.83717450499534618 0.1782028526067734
decision_type=2 2 2 2 2 2 2 2 2 2 2 2 2 2 2 2 2 2 2 2 2 2 2 2 2 2 2 2 2 2
left_child=2 -2 -1 -4 5 6 -5 12 -9 15 19 -11 13 14 -8 16 17 -10 -12 21 22 -7 -21 24 28 -26 -25 -28 29 -23
right_child=1 -3 3 4 -6 10 7 8 9 11 18 -13 -14 -15 -16 -17 -18 -19 -20 20 -22 23 -24 26 25 -27 27 -29 -30 -31
leaf_value=0.0012928606074031753 -0.0021490165968425573 0.00061210352805969506 -0.001184298844523973 -0.0016692158677067389 0.0011482448116617485 0.0011895419760686258 -0.00035471028348547408 -0.0015811780777545898 0.0011319895528311677 -0.0023446948733180763 2.6544799329712987e-05 -0.00047905592338951387 0.0013683229442852151 -0.0010885944168236435 0.0019716629476170056 0.0014960339362178707 -0.0012782627163687721 -0.00054360696813091634 -0.0018301593298383524 -0.00019424119585892188 0.0005106726021040231 0.00020757376375210395 -0.0021207688137656077 0.0015025299433816938 -0.0016195881056345945 0.00060411042165166393 -0.00089095591456102947 0.001061307550315343 -0.0004115902145356671 0.0010073462201870751
leaf_weight=24 25 23 38 34 36 53 25 37 34 21 20 46 35 27 20 21 20 21 20 20 40 141 20 47 34 24 23 22 51 74
leaf_count=24 25 23 38 34 36 53 25 37 34 21 20 46 35 27 20 21 20 21 20 20 40 141 20 47 34 24 23 22 51 74
internal_value=-2.61268e-12 -0.00082598 3.85672e-05 8.58404e-06 5.5509e-05 1.32096e-05 -0.000306581 -0.00015567 -0.000484277 -0.000235287 0.000198351 -0.00106381 0.000458549 1.6298e-05 0.000679233 0.000342952 2.00886e-05 0.000492216 -0.000901807 0.000278509 -0.000323416 0.000381182 -0.00115751 0.000278194 0.000130411 -0.000699437 0.000798649 6.3484e-05 0.000311355 0.000482844
internal_weight=1076 48 1028 1004 966 930 341 307 200 163 589 67 107 72 45 96 75 55 40 549 80 469 40 416 324 58 92 45 266 215
internal_count=1076 48 1028 1004 966 930 341 307 200 163 589 67 107 72 45 96 75 55 40 549 80 469 40 416 324 58 92 45 266 215
is_linear=0
shrinkage=0.05


Tree=85
num_leaves=31
num_cat=0
split_feature=63 33 74 0 1 21 6 14 43 5 13 23 4 66 42 45 43 40 47 49 25 51 69 69 39 69 31 54 45 21
split_gain=0.0135695 0.0132536 0.0274994 0.0278503 0.0275605 0.0250016 0.0161995 0.0182926 0.0181081 0.0161569 0.023983 0.0168938 0.0149115 0.0147043 0.0129558 0.0108052 0.0210584 0.0225045 0.0189314 0.021728 0.0180963 0.0171454 0.0143134 0.0133422 0.0127622 0.0150625 0.0167769 0.0126375 0.0132101 0.0141041
threshold=2.1614530086517338 -1.1765415668487547 -0.25028158724308008 0.16609807033091786 -1.2790827155113218 -1.7964776158332822 -1.4912527203559873 -1.329192519187927 -1.3844490051269529 1.6273261308670046 -1.313243508338928 -1.4295263290405271 1.9363437891006472 0.82574737071990978 -0.15024936944246289 0.0651424676179886 0.78861713409423839 1.1527871489524844 0.13961014896631244 0.22162497043609622 -0.19855030626058576 -0.0072933358605951062 -0.69983461499214161 -1.1666372418403623 -0.69230222702026356 -0.51288729906082142 0.40298776328563696 -0.73542925715446461 1.5772863626480105 -0.12956374138593671
decision_type=2 2 2 2 2 2 2 2 2 2 2 2 2 2 2 2 2 2 2 2 2 2 2 2 2 2 2 2 2 2
left_child=1 2 13 4 -4 -3 -7 -8 14 10 -10 -12 15 -1 -9 16 17 18 19 24 -20 -22 23 -17 -13 -26 -27 -24 29 -29
right_child=-2 5 3 -5 -6 6 7 8 9 -11 11 12 -14 -15 -16 22 -18 -19 20 -21 21 -23 27 -25 25 26 -28 28 -30 -31
leaf_value=0.00120168262329916 -0.0012902178103104235 0.0016832816661917606 -0.00028012528283787627 0.00028531977926225712 -0.0026112580228527804 -0.0011580954538658263 0.0012401782120860213 0.00010898820124566555 0.0016524091786281629 -0.0013195934416928693 -0.0012504586980126246 -0.00091146269307723648 -0.0010877564982992823 -0.00056060279952362178 0.0018490213654054654 0.00035470338876951826 -0.0015458708344958723 0.0014326037809951231 -0.00080043343623401606 -0.0019233115398409693 0.0021254608489107338 0.00029958533753718565 -0.00039087477406220776 -0.0013040765872035453 0.0012289525599705733 -0.00066164172078002131 0.00094551563643935062 0.0011926000485747116 -0.00073380490011047759 0.00036408452967797138
leaf_weight=29 20 24 21 27 32 27 33 20 22 23 27 49 29 20 23 22 25 24 20 22 20 36 49 27 22 62 22 68 21 210
leaf_count=29 20 24 21 27 32 27 33 20 22 23 27 49 29 20 23 22 25 24 20 22 20 36 49 27 22 62 22 68 21 210
internal_value=1.27194e-12 2.44359e-05 -0.000450407 -0.00102174 -0.0016876 9.05144e-05 4.81817e-05 8.53615e-05 4.01552e-05 -1.35706e-05 2.50891e-05 -2.23295e-05 2.32192e-05 0.000482382 0.0010397 6.93112e-05 -0.000156082 -3.06495e-05 -0.000169456 -0.00045287 0.0004906 0.000951684 0.000240769 -0.000559318 -0.000244162 6.43067e-05 -0.00024072 0.000353425 0.0004754 0.000566743
internal_weight=1076 1056 129 80 53 927 903 876 843 800 777 755 728 49 43 699 302 277 253 177 76 56 397 49 155 106 84 348 299 278
internal_count=1076 1056 129 80 53 927 903 876 843 800 777 755 728 49 43 699 302 277 253 177 76 56 397 49 155 106 84 348 299 278
is_linear=0
shrinkage=0.05


Tree=86
num_leaves=31
num_cat=0
split_feature=13 30 30 59 31 12 25 51 46 44 30 16 1 65 10 28 32 60 75 72 11 4 7 39 64 53 60 38 46 37
split_gain=0.0131887 0.014754 0.0170724 0.025724 0.0221338 0.0217717 0.0359579 0.0229592 0.0196487 0.0265041 0.0199529 0.019355 0.0186105 0.0261337 0.0252908 0.0270889 0.0183763 0.0177879 0.0177654 0.017178 0.0240925 0.0202791 0.0196955 0.0181989 0.0171418 0.0168929 0.0266689 0.0250339 0.0192049 0.0166339
threshold=2.6393742561340336 -1.4353845715522764 -0.91096177697181691 -0.61442747712135304 0.74445909261703502 -0.63458240032196034 0.62634614109992992 -0.38398650288581843 0.292771726846695 0.56249535083770763 -0.35228103399276728 -0.21704220771789548 0.52226349711418163 1.1030551195144656 0.88502788543701183 -0.27960535883903498 -0.40563848614692682 0.42960658669471746 1.0000000180025095e-35 0.52802392840385448 -0.32229596376419062 0.032570980489254005 0.18632533401250842 0.11447246372699739 0.16824458539485934 0.28167504072189337 0.43621438741683966 -0.031609713099896901 -0.36590026319026941 0.33153463900089269
decision_type=2 2 2 2 2 2 2 2 2 2 2 2 2 2 2 2 2 2 2 2 2 2 2 2 2 2 2 2 2 2
left_child=1 -1 3 -3 11 6 7 16 9 12 -10 24 13 25 15 -14 -4 -18 -17 20 -12 -21 -22 -23 -5 26 27 -7 -27 -9
right_child=-2 2 5 4 -6 8 -8 29 10 -11 19 -13 14 -15 -16 18 17 -19 -20 21 22 23 -24 -25 -26 28 -28 -29 -30 -31
leaf_value=-0.0010487501066082214 0.0012719832704169676 0.0020453706844304892 0.00014635250995387184 -0.00020505544554633265 0.0016607020007954401 -0.00032703376593727108 -0.00208499216769269 0.0011914805151011225 0.0017823477538869434 -0.0015510520075622482 -0.00080212598888954121 -0.0013292430897611971 0.00088085966585822468 0.001011746554755636 0.0017342081376617508 -0.001411259076463894 -0.0022142106958199293 -0.00033759995282668133 0.00021728137366925227 0.0018680500567103899 0.0018324014497920873 -0.0004396876089464432 5.876051258787306e-05 0.001108297154093413 0.0014055898335451882 -0.00026501715903194916 -0.0012364982046787383 0.001541036735328942 -0.0017915895974470509 -0.00046820232718556117
leaf_weight=34 20 23 33 53 22 47 32 36 23 32 67 24 56 31 28 34 28 23 33 29 20 39 72 37 24 38 38 29 45 26
leaf_count=34 20 23 33 53 22 47 32 36 23 32 67 24 56 31 28 34 28 23 33 29 20 39 72 37 24 38 38 29 45 26
internal_value=-1.93969e-12 -2.40906e-05 9.99788e-06 0.000510571 0.000223576 -7.3431e-05 -0.000567038 -0.000234336 5.24459e-05 -0.000169235 0.000369906 -8.94616e-05 -5.25648e-05 -0.0003377 0.00037797 6.92327e-05 -0.000773013 -0.0013679 -0.000609142 0.000246852 -8.09035e-05 0.000743168 0.000444335 0.000313937 0.000296964 -0.000550049 -0.000154978 0.000385783 -0.00109268 0.000495484
internal_weight=1076 1056 1022 146 123 876 178 146 698 411 287 101 379 228 151 123 84 51 67 264 159 105 92 76 77 197 114 76 83 62
internal_count=1076 1056 1022 146 123 876 178 146 698 411 287 101 379 228 151 123 84 51 67 264 159 105 92 76 77 197 114 76 83 62
is_linear=0
shrinkage=0.05


Tree=87
num_leaves=31
num_cat=0
split_feature=3 3 17 35 2 21 21 51 57 8 18 46 13 19 35 41 64 41 28 18 18 28 50 65 72 69 63 56 64 8
split_gain=0.0129638 0.0155079 0.0149201 0.018198 0.0184448 0.0150311 0.0141617 0.015429 0.025001 0.0215201 0.0224154 0.0220936 0.0190758 0.0164517 0.0218771 0.0164428 0.0286079 0.0173312 0.015839 0.0151027 0.0220337 0.021241 0.0185125 0.0172712 0.018397 0.016848 0.0214488 0.0151772 0.0269313 0.0149393
threshold=1.6434370875358584 1.3979903459548952 -2.0319763422012325 -1.4611905217170713 -0.34895630180835718 -1.0248054862022398 1.8890497088432314 -0.61393034458160389 -1.2573232054710386 0.42859442532062536 0.07721129804849626 -0.68944618105888356 -1.0822321176528928 -0.36935247480869288 -0.16672080010175702 -1.0331647396087644 0.082209598273038878 -0.77391186356544484 -0.43041278421878809 0.058082692325115211 0.53334602713584911 0.73111653327941906 0.22814647108316424 1.3420472741127016 -0.94682517647743214 1.0187284946441653 -0.1064908094704151 -0.24764140695333478 0.18413691222667697 -0.44542470574378962
decision_type=2 2 2 2 2 2 2 2 2 2 2 2 2 2 2 2 2 2 2 2 2 2 2 2 2 2 2 2 2 2
left_child=1 2 -1 4 5 -4 7 9 -9 10 11 -5 -10 14 -13 16 -14 -17 -15 23 -21 22 -22 24 29 26 -26 28 -28 -19
right_child=-2 -3 3 6 -6 -7 -8 8 12 -11 -12 13 15 18 -16 17 -18 19 -20 20 21 -23 -24 -25 25 -27 27 -29 -30 -31
leaf_value=0.0012296250713310052 -0.00093281422329406869 0.0011159299210703466 -0.0013596455289405726 -0.0014943696592968924 -0.0020810254313983023 0.00034171786143869057 -0.0012235184877433559 0.0016131265875597382 0.0013228353315724 0.00066939761143823334 -0.0015569902777801767 0.00033328528588754129 -0.0001616504709610516 -0.00011249026958301496 -0.0017747450782917441 -0.0014015620666958223 0.0022182299765636741 0.0022517482210374015 0.0017848159101876348 -0.0008485667591136833 0.00022933227446628735 -0.00041701637171253064 0.0020706290914677085 -0.00083585726351884668 -0.00019659839053120878 -0.00091216303960115104 0.0013386192101669232 0.0014215118723281454 -0.000874574505185053 0.00038730877602661384
leaf_weight=24 36 32 21 27 20 34 22 29 31 44 43 32 28 22 20 22 23 22 22 97 43 79 20 32 90 29 28 56 27 21
leaf_count=24 36 32 21 27 20 34 22 29 31 44 43 32 28 22 20 22 23 22 22 97 43 79 20 32 90 29 28 56 27 21
internal_value=4.72717e-12 3.22897e-05 -2.11155e-06 -3.21539e-05 -0.000780729 -0.000307894 2.96097e-05 6.06907e-05 0.000176834 -0.000313732 -0.00057432 -0.000230785 0.000112555 0.000124598 -0.000477496 5.17467e-05 0.000911629 -2.57338e-05 0.000836163 2.99063e-05 -0.000267705 0.000129082 0.000813871 0.000263116 0.000391934 0.00021446 0.000377008 0.000842095 0.000252142 0.00134121
internal_weight=1076 1040 1008 984 75 55 909 887 677 210 166 123 648 96 52 617 51 566 44 544 239 142 63 305 273 230 201 111 55 43
internal_count=1076 1040 1008 984 75 55 909 887 677 210 166 123 648 96 52 617 51 566 44 544 239 142 63 305 273 230 201 111 55 43
is_linear=0
shrinkage=0.05


Tree=88
num_leaves=31
num_cat=0
split_feature=12 58 26 68 28 26 24 15 35 12 19 16 74 72 65 20 44 48 69 16 8 31 19 17 41 70 65 53 58 5
split_gain=0.0123406 0.0123593 0.013251 0.0209747 0.0141658 0.0213132 0.0295843 0.0289641 0.0208981 0.0196747 0.0174939 0.0164777 0.0175317 0.0166809 0.0166542 0.0287393 0.0205136 0.0183986 0.0321553 0.0199802 0.0180887 0.0172123 0.015816 0.0156888 0.0158596 0.0314286 0.0156681 0.0152276 0.0147945 0.0136253
threshold=-1.5624362230300901 -1.9390588402748106 -1.2343052625656126 -0.60273221135139454 -0.80919519066810597 -0.52305534482002247 -0.024453409016132351 -0.66827291250228871 -0.26370210945606226 -0.40131193399429316 -0.61239418387413014 -0.58408647775650013 1.7277618646621706 1.6807035803794863 -0.61162561178207386 0.93255954980850231 -0.76736393570899952 -0.59649032354354847 0.85200771689414989 1.6415742039680483 1.5279690623283388 0.24652975052595141 0.28832250833511358 -0.16047519445419309 0.8183199167251588 -0.13968634605407712 0.43453951179981237 1.1359624862670901 0.39197374880313879 -0.05218719691038131
decision_type=2 2 2 2 2 2 2 2 2 2 2 2 2 2 2 2 2 2 2 2 2 2 2 2 2 2 2 2 2 2
left_child=-1 -2 3 -3 10 6 7 8 -6 -9 -4 28 13 14 15 -13 -16 26 19 20 23 -20 -11 24 25 -19 -18 -12 -7 -25
right_child=1 2 4 -5 5 11 -8 9 -10 22 27 12 -14 -15 16 -17 17 18 21 -21 -22 -23 -24 29 -26 -27 -28 -29 -30 -31
leaf_value=-0.00092347256352825623 0.0011525433748223199 -0.0020419637870509179 0.0016598555617607558 0.00011178666027262808 -0.00032153471732850785 0.00022044531087071371 -0.0022587306403279816 -0.00050971425173338498 -0.0025547053990885617 -7.9185098531359648e-05 9.1888174583156845e-06 0.00025873487614600974 -0.0012653517920558376 -0.0013386896290328533 0.0012528475215991162 0.0023629838880151514 -9.925143094733358e-05 -0.0025029860271994649 5.1496209453034679e-05 -0.0012953638374854468 0.0013788175239460544 0.0019720012421852776 0.0017423651449812148 -0.00047848940361291167 0.00032251762513624271 -0.00032209414260611288 -0.0020127725514137874 0.0014470000743048413 0.0014661035991298992 0.0006978696885198588
leaf_weight=35 24 20 26 26 22 67 22 50 20 22 113 86 27 21 28 20 20 24 20 38 20 28 26 40 32 53 23 22 37 64
leaf_count=35 24 20 26 26 22 67 22 50 20 22 113 86 27 21 28 20 20 24 20 38 20 28 26 40 32 53 23 22 37 64
internal_value=5.84177e-13 3.10485e-05 4.5826e-06 -0.000824627 4.38654e-05 -4.12781e-05 -0.000554236 -0.000286387 -0.00138495 0.000184426 0.000472227 8.69614e-05 -2.32807e-05 4.15857e-05 0.000100025 0.000655763 -5.1022e-05 -0.000151874 -2.10016e-05 -0.000232271 -5.88912e-05 0.00117179 0.000907488 -0.000193887 -0.000613047 -0.00100185 -0.00112276 0.000243499 0.000663612 0.000245424
internal_weight=1076 1041 1017 46 971 810 162 140 42 98 161 648 544 517 496 106 390 362 319 271 233 48 48 213 109 77 43 135 104 104
internal_count=1076 1041 1017 46 971 810 162 140 42 98 161 648 544 517 496 106 390 362 319 271 233 48 48 213 109 77 43 135 104 104
is_linear=0
shrinkage=0.05


Tree=89
num_leaves=31
num_cat=0
split_feature=69 48 14 61 2 71 53 21 50 65 65 61 21 58 42 53 56 24 15 28 51 31 9 58 50 7 6 61 51 16
split_gain=0.0119031 0.0189492 0.0144669 0.0138524 0.018818 0.0210553 0.0177049 0.0167472 0.0134962 0.0278328 0.0174923 0.0196303 0.0212452 0.0175507 0.0191434 0.0182582 0.0155995 0.0154 0.0146186 0.0135662 0.0176411 0.0137762 0.0131968 0.0121542 0.0155695 0.013891 0.0116031 0.011582 0.018104 0.0131858
threshold=1.9120565056800845 -1.3645224571228025 -1.3167442083358762 -1.1705973148345945 -1.2473994493484495 -0.90352389216423024 -0.93828442692756642 -1.7964776158332822 -0.68162044882774342 -0.45053195953369135 1.7096632719039919 0.17713283002376559 0.79387918114662182 0.473546713590622 0.5624174475669862 -0.418812945485115 0.38370804488658911 0.44687987864017492 0.3133810311555863 -0.39569790661334986 -0.38398650288581843 0.19393627345561984 -0.7444782257080077 -0.85984060168266285 0.60131517052650463 0.33997267484664923 0.060933304950594909 1.2262254953384402 1.0000000180025095e-35 -0.66350287199020375
decision_type=2 2 2 2 2 2 2 2 2 2 2 2 2 2 2 2 2 2 2 2 2 2 2 2 2 2 2 2 2 2
left_child=1 -1 -3 4 -4 -6 -7 -5 9 -9 11 18 13 15 -15 -13 27 26 23 -20 -21 -22 -14 -10 -25 -26 -17 28 -11 -30
right_child=-2 2 3 7 5 6 -8 8 10 16 -12 12 22 14 -16 17 -18 -19 19 20 21 -23 -24 24 25 -27 -28 -29 29 -31
leaf_value=-0.0011251443069532367 0.0009498816255131715 0.00090958560603064328 0.00069464693733607425 0.0012666814919308914 -0.00018810369668300362 -0.0027860628184862438 -0.00068220599438063812 -0.0016240211724329531 -0.00043677747578777632 -0.00049762855332087855 0.0013546205199047648 -0.0023437591455876829 -0.00041939422919075819 0.00052482352601083255 -0.00091898283229200305 -0.00077647622524855604 -0.0010472882455360379 -0.0014673946987707443 0.00096095521532168441 0.00044030042150257652 -0.0016541532570272467 -0.00012058337300981362 0.0010907015136371438 0.00042213270611434124 0.0022628666590899229 0.00054018691801254381 0.00080371784473148497 -0.00062261080189097322 3.2476184860570359e-05 0.0016504300165894059
leaf_weight=38 32 43 24 27 49 20 20 36 29 29 27 20 23 58 38 26 32 34 22 37 32 27 39 161 25 22 21 31 20 34
leaf_count=38 32 43 24 27 49 20 20 36 29 29 27 20 23 58 38 26 32 34 22 37 32 27 39 161 25 22 21 31 20 34
internal_value=-3.94533e-13 -2.91151e-05 1.22856e-05 -2.77808e-05 -0.000547884 -0.000882949 -0.00173413 4.13624e-05 1.16357e-06 -0.000378824 0.000109054 5.42815e-05 -0.000276707 -0.000530754 -4.66832e-05 -0.00099086 -7.17893e-05 -0.000656811 0.000295764 -0.000158954 -0.000415599 -0.00095235 0.000530505 0.000522163 0.000655861 0.00145651 -7.04321e-05 0.000202035 0.000510035 0.00105119
internal_weight=1076 1044 1006 963 113 89 40 850 823 182 641 614 259 197 96 101 146 81 355 118 96 59 62 237 208 47 47 114 83 54
internal_count=1076 1044 1006 963 113 89 40 850 823 182 641 614 259 197 96 101 146 81 355 118 96 59 62 237 208 47 47 114 83 54
is_linear=0
shrinkage=0.05


Tree=90
num_leaves=31
num_cat=0
split_feature=3 3 17 23 71 10 51 58 51 41 39 9 74 21 45 23 45 45 50 33 43 63 9 19 8 1 2 63 27 40
split_gain=0.0113679 0.0135528 0.0132936 0.017325 0.0281932 0.0180591 0.0162099 0.0258609 0.019721 0.0173315 0.0172537 0.0164405 0.0172591 0.0160465 0.0202029 0.0143772 0.0137851 0.0150523 0.0166612 0.0140237 0.0119236 0.0109294 0.0168589 0.0153475 0.0150785 0.0107106 0.0152144 0.0102175 0.020617 0.0142372
threshold=1.6434370875358584 1.3979903459548952 -2.0319763422012325 -1.4082790613174436 -0.70026767253875721 -0.98389366269111622 -0.61393034458160389 -1.4763210415840147 -0.3119294792413711 -1.2860743999481199 0.26715433597564703 -0.34151388704776758 -0.0092044626362621767 -0.8312287926673888 0.77731779217720043 -0.57952162623405445 1.3511129021644595 0.0651424676179886 0.96551284193992626 0.77905786037445079 0.62210169434547435 0.32350708544254309 0.0095697576180100458 -0.21939216554164884 -0.58889421820640553 1.2351417541503908 1.3504280447959902 -0.3518435657024383 -0.579423427581787 -0.043427303433418267
decision_type=2 2 2 2 2 2 2 2 2 2 2 2 2 2 2 2 2 2 2 2 2 2 2 2 2 2 2 2 2 2
left_child=1 2 -1 4 5 -4 9 -8 10 -5 11 -9 -13 -11 15 -15 17 18 27 -18 -17 22 -19 -24 -25 26 -23 29 -29 -10
right_child=-2 -3 3 6 -6 -7 7 8 16 13 -12 12 -14 14 -16 20 19 21 -20 -21 -22 25 23 24 -26 -27 -28 28 -30 -31
leaf_value=0.0011607383513061601 -0.0008735149176775141 0.0010432676819618792 -0.0010143373350036285 0.00065265382096792266 -0.0018849004207368127 0.0009934116504155099 0.0017971665947698057 0.00015956687189086721 -0.0013074708990752698 -0.0014771151660022805 -0.00034036466590973931 0.00078657317668936837 0.0027254066869235516 -0.0017572051538577813 0.00086922115670890431 -1.9382227785951856e-05 0.00011902997891108196 0.0013462828512203094 0.0011601066458388233 -0.0016181835461443719 -0.0013778086918007052 0.00051365065107615126 0.0013333285923264075 0.00078542264788363046 -0.00080745194498330172 -0.0010177216407927599 -0.00086852239485149497 0.0013816146220779046 -0.00033457061090822599 0.00019565057490304434
leaf_weight=24 36 32 21 36 32 24 23 27 50 37 27 24 22 22 29 70 21 51 20 26 21 85 22 24 39 22 26 20 140 23
leaf_count=24 36 32 21 36 32 24 23 27 50 37 27 24 22 22 29 70 21 51 20 26 21 85 22 24 39 22 26 20 140 23
internal_value=-1.3044e-12 3.02371e-05 -1.92265e-06 -3.02802e-05 -0.000750338 5.64621e-05 3.08492e-05 0.00014867 9.19955e-05 -0.00034837 0.000739552 0.00113897 0.00171384 -0.000549693 -0.000308041 -0.00061017 -2.18105e-05 5.20364e-05 -0.000224818 -0.000841982 -0.000332865 0.000312424 0.000627597 0.000196385 -0.000200643 -9.85829e-06 0.000189898 -0.000343696 -0.000120047 -0.000833885
internal_weight=1076 1040 1008 984 77 45 907 692 669 215 100 73 46 179 142 113 569 522 253 47 91 269 136 85 63 133 111 233 160 73
internal_count=1076 1040 1008 984 77 45 907 692 669 215 100 73 46 179 142 113 569 522 253 47 91 269 136 85 63 133 111 233 160 73
is_linear=0
shrinkage=0.05


Tree=91
num_leaves=31
num_cat=0
split_feature=63 23 51 41 33 21 38 19 14 17 53 36 48 34 73 73 17 32 24 26 1 2 55 5 2 55 52 35 50 68
split_gain=0.010755 0.0103724 0.0331538 0.0197895 0.0215557 0.0212008 0.0205775 0.0197475 0.0186707 0.019394 0.017935 0.0164217 0.0209037 0.0169138 0.0210732 0.020007 0.0159734 0.0126031 0.0169336 0.0196366 0.0143762 0.0329858 0.0241282 0.0233193 0.0177021 0.0195221 0.0150449 0.0128348 0.0122368 0.0160768
threshold=2.1614530086517338 -0.18943845480680463 1.1188619732856753 -1.0946109294891355 -0.4277184903621673 0.4294233918190003 -0.71152672171592701 -0.37971420586109156 0.40812222659587866 -0.49778881669044489 0.18961761891841891 1.2052588462829592 0.5104372799396516 0.83223122358322155 0.15390607714653018 1.423774838447571 0.23804373294115069 -1.2909055352210996 -0.52495703101158131 -0.62324702739715565 0.38739696145057684 -0.22756762057542798 0.0084814107976853865 -0.39505000412464136 0.15737810730934146 0.83717450499534618 0.31453070044517523 -0.68408581614494313 0.37795896828174597 0.38698513805866247
decision_type=2 2 2 2 2 2 2 2 2 2 2 2 2 2 2 2 2 2 2 2 2 2 2 2 2 2 2 2 2 2
left_child=1 2 3 8 6 7 -5 -6 9 -1 -7 13 -13 15 -15 17 28 -3 27 -20 21 22 -21 -23 -22 -26 -25 -19 -8 -30
right_child=-2 11 -4 4 5 10 16 -9 -10 -11 -12 12 -14 14 -16 -17 -18 18 19 20 24 23 -24 26 25 -27 -28 -29 29 -31
leaf_value=0.0021407238239771688 -0.0011486463248729707 -0.0011995112884324044 -0.002111135642501592 -0.0020241060108394148 0.0011458539900895967 -0.0017446064449613914 0.0007395319007784942 -9.1621080591721701e-05 -0.00059842950684706804 0.00031735287979245191 0.00019006303501436893 -0.001922519746724339 9.5435379471658086e-05 0.0020502134148652359 1.3953879291269309e-05 0.00097027825859186123 -0.0015176315964199605 0.0016965400424669497 -0.0011779213704777739 -0.00054759961986464677 -0.00098893777001649139 -0.0025185125177813461 0.0014292439402638455 0.00048519544705579229 0.00097036909615983162 -0.00058507407901253413 -0.0012244653812235958 0.0003366518317105716 0.00039296975708566609 -0.0016118275576445741
leaf_weight=25 20 20 21 26 54 25 29 80 23 35 23 21 33 27 24 64 25 20 39 29 20 20 33 22 90 26 31 131 20 20
leaf_count=25 20 20 21 26 54 25 29 80 23 35 23 21 33 27 24 64 25 20 39 29 20 20 33 22 90 26 31 131 20 20
internal_value=2.37762e-12 2.17547e-05 -0.000176522 -7.09974e-05 -0.000258926 8.40809e-05 -0.000779152 0.000407063 0.00061279 0.00107709 -0.000817577 0.000145601 -0.000689325 0.000221249 0.00109197 0.000139768 -0.000434803 2.92637e-05 8.25728e-05 -0.000128923 2.20399e-05 -0.000343479 0.000504591 -0.00106376 0.000384872 0.000621735 -0.000514795 0.000516769 -4.24744e-05 -0.000609429
internal_weight=1076 1056 406 385 302 182 120 134 83 60 48 650 54 596 51 545 94 481 461 310 271 135 62 73 136 116 53 151 69 40
internal_count=1076 1056 406 385 302 182 120 134 83 60 48 650 54 596 51 545 94 481 461 310 271 135 62 73 136 116 53 151 69 40
is_linear=0
shrinkage=0.05


Tree=92
num_leaves=31
num_cat=0
split_feature=3 1 45 36 48 59 10 0 65 1 22 2 38 38 20 41 67 62 1 2 2 0 29 65 54 64 37 72 47 20
split_gain=0.0105126 0.012148 0.0126312 0.0129837 0.0198368 0.0191345 0.0132136 0.0136914 0.0245092 0.0166744 0.0151387 0.0145226 0.01325 0.0179185 0.0158996 0.0148333 0.0179122 0.0168236 0.0157095 0.0154335 0.0185729 0.0176254 0.0175342 0.0132868 0.0131509 0.0208715 0.0142918 0.0127594 0.0118122 0.0114858
threshold=1.8180378675460818 -1.752259314060211 -2.2852385044097896 1.1712555885314944 0.62059986591339122 -0.98192721605300892 2.2414097785949711 0.8194282352924348 -0.62738734483718861 1.0216273665428164 0.26055094599723821 -1.42890989780426 -1.0225870013236997 -0.88409486413002003 -1.0777101516723631 0.095921061933040633 0.4698121845722199 -0.54567784070968617 1.0068019628524782 -0.57564499974250782 0.057745212689042098 -0.82009482383728016 0.14985489845275882 0.0075682667084038266 -0.094960745424032197 -0.11544972285628317 -0.53241640329360951 0.39166110754013067 0.60652378201484691 -0.17940852791070935
decision_type=2 2 2 2 2 2 2 2 2 2 2 2 2 2 2 2 2 2 2 2 2 2 2 2 2 2 2 2 2 2
left_child=1 -1 -3 6 -5 -6 7 11 -9 10 -10 -4 14 -14 -13 18 19 -18 24 -17 -21 -22 -23 -16 29 -26 -27 -7 -24 -15
right_child=-2 2 3 4 5 27 -8 8 9 -11 -12 12 13 15 23 16 17 -19 -20 20 21 22 28 -25 25 26 -28 -29 -30 -31
leaf_value=-0.00098769245162437644 -0.0011356295436689835 0.0012942515021677537 -0.0011048240047371522 -0.0014758981892373413 -0.0012689753196900712 -0.00032063602062407884 0.0013552125758724287 0.00070689257092049554 -0.00050918856989471361 0.00034817948608713994 -0.0017288136546420375 -4.9606919590685818e-05 -0.0010018819586976487 -3.9362049197922625e-05 0.0022803802361955777 0.0017323727169241466 0.0011680124832006793 -0.00042008546254321657 -0.0013063711875778003 -0.0004307883904977261 -0.00048539730021730071 6.416600566202154e-06 0.0021530320126801504 0.0006895263031557468 -0.0013677032303188326 0.00088053478975780308 -0.00037609427604365923 0.0014061582763173174 0.00076995604792430713 0.00098928333238433759
leaf_weight=29 20 20 22 35 20 20 20 45 77 34 38 37 34 58 21 32 21 81 24 38 20 24 38 35 34 35 64 23 26 51
leaf_count=29 20 20 22 35 20 20 20 45 77 34 38 37 34 58 21 32 21 81 24 38 20 24 38 35 34 35 64 23 26 51
internal_value=1.37827e-12 2.15081e-05 5.00055e-05 2.52936e-05 -0.0005215 8.72085e-06 8.42439e-05 5.56506e-05 -0.000315743 -0.000624593 -0.000912195 0.00015932 0.000200644 0.000111806 0.000754688 0.000181157 0.000435169 -9.31241e-05 -8.62244e-05 0.000737899 0.000519933 0.000854446 0.00115896 0.0012861 3.47819e-05 -0.000298896 6.81685e-05 0.000602998 0.00159116 0.000441931
internal_weight=1076 1056 1027 1007 98 63 909 889 194 149 115 695 673 580 93 546 280 102 266 178 146 108 88 56 242 133 99 43 64 109
internal_count=1076 1056 1027 1007 98 63 909 889 194 149 115 695 673 580 93 546 280 102 266 178 146 108 88 56 242 133 99 43 64 109
is_linear=0
shrinkage=0.05


Tree=93
num_leaves=31
num_cat=0
split_feature=52 9 44 52 32 10 4 14 16 36 36 35 15 47 75 12 25 28 45 12 10 21 5 68 38 26 1 15 48 70
split_gain=0.0103286 0.0189491 0.0152204 0.0141129 0.0149313 0.0153159 0.0221267 0.0207338 0.0171965 0.0154642 0.0182099 0.0271954 0.0170003 0.0159559 0.0136985 0.0135656 0.0186735 0.0160053 0.0145365 0.0139972 0.0123428 0.019169 0.0180681 0.0142382 0.016014 0.0122489 0.012227 0.0152123 0.0116384 0.0105627
threshold=-0.99120178818702687 0.98550808429718029 -1.0887814760208128 -0.86586186289787281 -1.2618246674537656 -0.92004892230033863 -1.1188192963600156 -0.63140463829040516 -0.10776447504758833 0.77942633628845226 1.9118055701255801 -0.58086490631103505 0.41561920940876013 1.0000000180025095e-35 1.0000000180025095e-35 0.33869306743144995 -0.92559295892715443 0.64869150519371044 0.43989351391792303 0.21650468558073047 -0.58715912699699391 0.092634759843349471 0.83781817555427562 -0.090445764362812028 -0.70009687542915333 -0.41784477233886713 0.35673189163208013 0.46593607962131506 -0.45589797198772425 -0.51980727910995472
decision_type=2 2 2 2 2 2 2 2 2 2 2 2 2 2 2 2 2 2 2 2 2 2 2 2 2 2 2 2 2 2
left_child=1 2 -1 -2 -5 7 -7 -6 -9 15 11 -11 13 -13 -4 16 -8 19 26 20 21 -18 23 -22 -25 -26 27 -17 -16 -24
right_child=3 -3 14 4 5 6 9 8 -10 10 -12 12 -14 -15 28 18 17 -19 -20 -21 22 -23 29 24 25 -27 -28 -29 -30 -31
leaf_value=0.0011286936386022716 0.001235293086618185 -0.0016692143981344998 -0.00089121569480069473 -0.00096675915022691097 0.0016354594892514539 -0.0016449753218330443 0.0012409012230429133 -0.00062692857666011811 0.0010044399907928891 -0.001981029694481197 0.00060179002381012059 0.0013524748384952546 -0.0010898698317552253 -0.00046151708121652964 -0.0007242839786340483 0.00027720211470626634 -0.00035971428892067213 -0.0010565781724066116 0.0010856826381801723 -0.0011262172549031675 -0.00096039746576934712 0.0015456683303592868 0.0013083686566224733 0.0011536332797455228 -0.001222112304934014 0.00017894408277546368 0.00078444117486682488 -0.0013095707688278156 0.00081326392910341383 0.00016816829295016871
leaf_weight=20 25 24 59 36 35 20 28 35 30 31 34 22 35 27 20 44 22 39 69 25 64 33 27 23 26 39 47 23 32 82
leaf_count=20 25 24 59 36 35 20 28 35 30 31 34 22 35 27 20 44 22 39 69 25 64 33 27 23 26 39 47 23 32 82
internal_value=-2.0658e-13 -0.000377614 -0.000140985 6.35507e-05 3.0857e-05 7.26177e-05 -3.92177e-06 0.000654318 0.000126011 4.0431e-05 -0.000414785 -0.000715338 -0.000248238 0.000352928 -0.000369756 0.000155198 -5.23437e-06 -9.70549e-05 0.000512883 1.26853e-05 0.000102788 0.000783515 -4.06598e-05 -0.000392947 1.97439e-05 -0.000381478 0.000166189 -0.000267511 0.000221899 0.000450603
internal_weight=1076 155 131 921 896 860 760 100 65 740 149 115 84 49 111 591 408 380 183 341 316 55 261 152 88 65 114 67 52 109
internal_count=1076 155 131 921 896 860 760 100 65 740 149 115 84 49 111 591 408 380 183 341 316 55 261 152 88 65 114 67 52 109
is_linear=0
shrinkage=0.05


Tree=94
num_leaves=31
num_cat=0
split_feature=22 53 11 51 69 34 38 26 43 43 27 56 56 26 35 18 4 74 53 35 19 65 59 9 27 26 57 22 55 36
split_gain=0.00991372 0.0130273 0.0114044 0.011951 0.0113197 0.0108241 0.0161984 0.020854 0.0113276 0.0237464 0.0193596 0.0159803 0.0138273 0.0186274 0.0214904 0.0313416 0.0166188 0.016599 0.0186872 0.016482 0.0164721 0.0142641 0.0137909 0.0137236 0.0159141 0.0134414 0.0127344 0.0126972 0.0116993 0.0122162
threshold=-1.3744930624961851 1.8005895614624026 1.3189637660980227 1.7256343364715578 1.9120565056800845 1.8194111585617068 1.483072102069855 0.59671679139137279 -2.0692988634109493 -1.2330782413482664 -1.5481478571891782 1.0000000180025095e-35 -0.83671042323112477 -0.52305534482002247 -0.2934963703155517 -0.46873396635055536 -0.9083348512649535 1.2246779799461367 0.5083129107952119 0.72461614012718212 0.21060898154973987 0.43967700004577642 0.03163583483546973 -0.47489736974239344 0.073930919170379653 -0.87028574943542469 0.61418077349662792 0.55991810560226452 0.3912480771541596 -0.13487225025892255
decision_type=2 2 2 2 2 2 2 2 2 2 2 2 2 2 2 2 2 2 2 2 2 2 2 2 2 2 2 2 2 2
left_child=-1 2 3 4 5 6 8 -8 -2 11 -11 -10 19 14 15 -14 -16 18 23 22 -19 26 -12 24 -15 -18 -20 -23 29 -25
right_child=1 -3 -4 -5 -6 -7 7 -9 9 10 12 -13 13 17 16 -17 25 20 21 -21 -22 27 -24 28 -26 -27 -28 -29 -30 -31
leaf_value=-0.00082770123111133994 -0.0011622296208294021 -0.0009347758478457657 0.0011609187977307516 0.0010007428249903774 0.00105306835193187 0.00072262932972871181 6.5193791736171332e-05 -0.0021376225609509719 -0.00013029566376084964 -0.0012366449884960759 0.00082213224248884817 0.001408816922200155 0.0011482466869994015 0.00061198513283142674 -0.0021972033671946042 -0.0013203947542933748 2.7461990446847101e-06 -0.0017328028564710014 -0.00041798023753366324 0.0016903783692016631 0.00021009368865634317 -8.1343733472749602e-05 -0.00043698476391992619 0.00099159633105790068 -0.00095439723415492001 -0.0011697231217245149 0.00093780707453522058 -0.0016544677260941988 0.0013091841536758391 4.1684625235079282e-05
leaf_weight=35 21 34 23 31 25 46 22 21 26 34 43 48 36 31 21 20 44 24 43 23 20 23 44 55 34 55 29 29 48 88
leaf_count=35 21 34 23 31 25 46 22 21 26 34 43 48 36 31 21 20 44 24 43 23 20 23 44 55 34 55 29 29 48 88
internal_value=2.11652e-12 2.78286e-05 6.03296e-05 3.46045e-05 3.17709e-06 -2.51066e-05 -6.41042e-05 -0.0010106 -1.55949e-05 1.3842e-05 -7.11193e-05 0.000868048 -1.53054e-05 -0.000109783 -0.000542194 0.000266589 -0.000919627 6.97083e-05 0.000176162 0.000500028 -0.000849668 -0.000327639 0.000185337 0.000420191 -0.000207353 -0.000648626 0.000128101 -0.000958663 0.000633753 0.000407035
internal_weight=1076 1041 1007 984 953 928 882 43 839 818 744 74 710 600 176 56 120 424 380 110 44 124 87 256 65 99 72 52 191 143
internal_count=1076 1041 1007 984 953 928 882 43 839 818 744 74 710 600 176 56 120 424 380 110 44 124 87 256 65 99 72 52 191 143
is_linear=0
shrinkage=0.05


Tree=95
num_leaves=31
num_cat=0
split_feature=12 25 11 11 9 49 27 49 47 71 58 54 69 19 66 50 50 28 54 26 11 50 73 49 19 71 65 58 12 56
split_gain=0.00984126 0.0113833 0.0265598 0.0128849 0.0148837 0.0124509 0.0112308 0.0108765 0.0284545 0.0214753 0.0210664 0.0149795 0.0243777 0.0159144 0.0122446 0.0173853 0.013293 0.0190503 0.0157593 0.0120673 0.0137214 0.0147337 0.0210403 0.0196248 0.0155468 0.0128414 0.0121365 0.0114949 0.0113538 0.0102888
threshold=2.1952847242355351 1.1477078795433047 0.69208475947380077 1.169717073440552 1.8345411419868471 0.61274603009223949 0.26819235086441046 0.15197370946407321 -0.2937923520803451 -1.9214451313018797 -1.6942825913429258 -0.8672102391719817 -0.41272039711475367 -0.1931837052106857 0.76860070228576671 0.11961673200130464 0.40071576833724981 0.85201105475425731 0.66985002160072338 1.6194679737091067 -1.0104768276214597 0.038947360590100295 1.0321633815765383 -1.1053869128227232 -0.69258022308349598 -0.56197690963745106 -0.93516209721565235 0.99562612175941478 0.34763641655445104 -0.57994085550308216
decision_type=2 2 2 2 2 2 2 2 2 2 2 2 2 2 2 2 2 2 2 2 2 2 2 2 2 2 2 2 2 2
left_child=1 3 5 4 7 -3 -5 9 -9 -1 -11 12 -12 -14 16 -16 17 28 -18 20 26 22 23 -22 -25 -26 -13 -23 29 -10
right_child=-2 2 -4 6 -6 -7 -8 8 14 10 11 19 13 -15 15 -17 18 -19 -20 -21 21 27 -24 24 25 -27 -28 -29 -30 -31
leaf_value=-0.0014084083515973319 0.00083711217050543333 -0.0007002042235958821 -0.0021717232119408438 9.8559749784652852e-05 -0.0013427277406056724 0.00064227035224077205 0.0013887333439807634 -0.0014792210628701678 0.00039781241648597645 0.0017364653860568069 0.00086439050376914883 -0.0012898579058237374 -0.0019456535819559716 -0.00025555695581715556 0.00035911755077540873 -0.0013299555761757521 0.0014195718711562224 -0.0014346654614200817 -5.9885377736969132e-05 0.0014209354189171626 -0.0014616203464000771 0.0012188030408544685 0.0012765119875742434 0.0012724284902409031 0.0010183910536579789 -0.00037950877038225449 6.8726572014080978e-05 -0.00014481815509498122 0.00069336269824656061 -0.00057526018706635694
leaf_weight=21 34 39 20 37 21 31 31 39 44 22 24 25 26 30 25 39 36 24 36 22 23 68 33 24 20 92 48 20 51 71
leaf_count=21 34 39 20 37 21 31 31 39 44 22 24 25 26 30 25 39 36 24 36 22 23 68 33 24 20 92 48 20 51 71
internal_value=4.5069e-13 -2.73146e-05 -0.000564801 2.34981e-05 -2.75195e-05 -0.00010568 0.000686727 4.48444e-06 -0.000202853 0.000156449 0.000225342 0.000152277 -0.000468854 -0.00104024 -5.01589e-05 -0.000670161 0.000101292 -0.000117948 0.000679843 0.000284784 0.000213976 0.000373147 0.000127599 -0.000110855 0.000117583 -0.000129884 -0.000396542 0.000908889 7.24203e-05 -0.000202954
internal_weight=1076 1042 90 952 884 70 68 863 365 498 477 455 80 56 326 64 262 190 72 375 353 280 192 159 136 112 73 88 166 115
internal_count=1076 1042 90 952 884 70 68 863 365 498 477 455 80 56 326 64 262 190 72 375 353 280 192 159 136 112 73 88 166 115
is_linear=0
shrinkage=0.05


Tree=96
num_leaves=31
num_cat=0
split_feature=48 63 14 19 61 2 66 68 68 74 8 69 64 59 53 51 1 36 50 21 26 15 61 62 27 41 67 40 40 11
split_gain=0.00956747 0.0406296 0.0111371 0.009229 0.0127265 0.0180136 0.013646 0.0112471 0.0121379 0.0114163 0.0109756 0.0106118 0.0115587 0.0132698 0.0137148 0.0131412 0.0168597 0.0171754 0.0167425 0.0122637 0.0159079 0.0109348 0.0107114 0.013225 0.0110021 0.0108658 0.0107053 0.0105234 0.0157809 0.0103724
threshold=-1.3645224571228025 0.85342988371849071 -1.3167442083358762 -1.7906637787818906 -1.2452786564826963 -0.96442097425460804 -1.2978529334068296 -0.94073602557182301 -0.79014572501182545 -0.8816445767879485 -0.10471694171428679 -0.62924864888191212 -0.13933289796113965 0.46111509203910833 0.38227178156375891 -0.32260188460350031 0.39978460967540747 -0.31686528027057642 -0.62257516384124745 1.0386458635330202 -0.045739442110061639 -0.06476797908544539 -0.0785100683569908 1.2703461050987246 0.18420927971601489 -0.174953818321228 -0.021691776812076565 -0.14125181734561917 0.93629831075668346 0.30513241887092596
decision_type=2 2 2 2 2 2 2 2 2 2 2 2 2 2 2 2 2 2 2 2 2 2 2 2 2 2 2 2 2 2
left_child=1 -1 -2 -4 5 -5 10 9 -9 -8 -6 22 13 14 -13 18 17 -17 -14 20 -15 -18 24 -24 25 -10 -20 -19 -29 -23
right_child=2 -3 3 4 6 -7 7 8 11 -11 -12 12 15 19 -16 16 21 27 26 -21 -22 29 23 -25 -26 -27 -28 28 -30 -31
leaf_value=0.00075572293384459997 0.00081886842838071582 -0.0022498135776417754 0.00081894422306284093 0.00020891753551711048 -0.0013804824488640103 -0.0012416585519605754 0.0013814810918824326 -0.0011194962720923209 -9.5487962856790747e-05 0.00018926250103456704 0.00013166056422051042 -0.0001577207030398616 -0.00041591443913057449 -0.00061401420410756827 -0.0013479394127738061 0.00062712943867934104 0.0014032315247243755 -0.0016586175814847508 0.00046276057705240829 0.0014066188922151925 0.0011204114898282569 0.0011929756870655262 -0.0015184458567422223 6.4187501133842906e-05 -0.00080588013765269103 0.0013443304167594762 0.0015224454155451476 0.00011355231242002144 -0.0015581329324777472 -2.2693343753171332e-05
leaf_weight=23 43 22 33 38 30 49 31 23 38 57 20 84 25 39 34 35 27 21 44 20 20 23 33 22 28 20 52 48 20 74
leaf_count=23 43 22 33 38 30 49 31 23 38 57 20 84 25 39 34 35 27 21 44 20 20 23 33 22 28 20 52 48 20 74
internal_value=9.36543e-14 -0.00071365 3.11487e-05 -3.13469e-06 -3.15416e-05 -0.000608074 2.62444e-05 7.52585e-05 1.08871e-05 0.000609249 -0.000775625 4.76605e-05 0.000144345 -0.000164896 -0.000500665 0.000309441 0.000101019 -0.000311239 0.000736618 0.000336634 -2.60733e-05 0.000513277 -0.000340448 -0.000885393 8.06305e-06 0.000401001 0.00103676 -0.00068026 -0.00037812 0.000265558
internal_weight=1076 45 1031 988 955 87 868 818 730 88 50 707 566 197 118 369 248 124 121 79 59 124 141 55 86 58 96 89 68 97
internal_count=1076 45 1031 988 955 87 868 818 730 88 50 707 566 197 118 369 248 124 121 79 59 124 141 55 86 58 96 89 68 97
is_linear=0
shrinkage=0.05


Tree=97
num_leaves=31
num_cat=0
split_feature=25 23 30 11 59 48 46 10 40 58 54 41 58 15 0 30 56 65 65 56 28 39 19 25 66 21 56 19 35 15
split_gain=0.00934134 0.0202989 0.0201983 0.00989498 0.0122474 0.0126363 0.0106722 0.0319033 0.0184767 0.015565 0.0169949 0.014908 0.0136909 0.0165924 0.0133241 0.0163083 0.01543 0.015673 0.0170523 0.0155779 0.0153674 0.013868 0.0131347 0.0125223 0.0135342 0.0176022 0.0121063 0.0111908 0.0138022 0.0121566
threshold=1.2826007604599001 0.8741709589958192 0.53266665339469921 1.169717073440552 0.28915029764175421 -0.60354983806610096 0.292771726846695 1.9438933730125429 0.62315040826797496 -1.5023661255836485 -0.8874911069869994 0.48522244393825537 -0.71930044889450062 -0.9028044044971465 -0.3708945289254188 -1.1193844079971311 -1.0816159248352049 -0.22480107843875882 0.34721292555332189 -0.24764140695333478 -0.51152387261390675 0.45322400331497198 -0.90981450676918019 -0.40549382567405695 -0.17097189277410504 0.18126435577869418 0.38370804488658911 0.044623075053095825 0.34570112824440008 -0.092105362564325319
decision_type=2 2 2 2 2 2 2 2 2 2 2 2 2 2 2 2 2 2 2 2 2 2 2 2 2 2 2 2 2 2
left_child=3 2 -2 6 5 -5 7 8 9 -1 11 -11 -8 -14 22 -16 -17 19 -19 -18 -21 26 -12 -15 25 -25 -20 29 -29 -24
right_child=1 -3 -4 4 -6 -7 12 -9 -10 10 14 -13 13 23 15 16 17 18 21 20 -22 -23 27 24 -26 -27 -28 28 -30 -31
leaf_value=0.0011277173797134309 -0.0021757038079764849 0.00064114305828495526 -5.2367016628739376e-05 0.0008869258795723158 0.0014463505683966948 -0.00083151974293286905 -0.00058773152193845662 -0.0020408756010943936 -0.0010444131190359425 -0.00028824006818929719 0.0015154295919880194 -0.0017755291743568428 0.0015157175364687906 -0.00024264258662175933 -0.0014725289615203762 0.0012122263243604129 -0.0015669524692179214 0.00092571062390925374 0.0010035380317796288 -0.0013094642567739356 0.00039523834502921468 -0.0009498482568520367 -0.0013270589930471034 0.0022437739355320283 0.00021006955222517204 0.00024364998204294932 -0.00058458962843620352 5.8013284707739645e-05 0.0012442951252124637 0.00037617184570990506
leaf_weight=30 24 23 21 23 27 20 44 21 44 63 24 23 28 89 21 23 31 50 28 20 39 38 20 22 113 22 21 61 41 22
leaf_count=30 24 23 21 23 27 20 44 21 44 63 24 23 28 89 21 23 31 50 28 20 39 38 20 22 113 22 21 61 41 22
internal_value=5.59221e-13 -0.00056721 -0.00118481 3.82642e-05 0.00061172 8.76488e-05 -4.53098e-06 -0.000125316 -5.81595e-05 2.00299e-05 -4.32665e-05 -0.000686003 0.000230962 0.000362431 8.26455e-05 -0.000134238 -2.18213e-05 -0.000146857 0.000189883 -0.00065945 -0.000182627 -0.000233006 0.000432499 0.000231163 0.000499753 0.00124371 0.000322912 0.00025201 0.000534852 -0.00043489
internal_weight=1076 68 45 1008 70 43 938 620 599 555 525 86 318 274 439 271 250 227 137 90 59 87 168 246 157 44 49 144 102 42
internal_count=1076 68 45 1008 70 43 938 620 599 555 525 86 318 274 439 271 250 227 137 90 59 87 168 246 157 44 49 144 102 42
is_linear=0
shrinkage=0.05


Tree=98
num_leaves=31
num_cat=0
split_feature=13 12 25 2 18 15 58 16 10 35 35 1 65 32 38 38 18 15 28 29 35 35 58 26 57 33 49 64 44 44
split_gain=0.00895447 0.0112038 0.0189511 0.0179693 0.0185728 0.0177727 0.0143038 0.0133608 0.0123451 0.0121638 0.0161805 0.0140053 0.0154484 0.0135823 0.0111521 0.018916 0.0137499 0.020412 0.0151529 0.0147224 0.0171887 0.0156686 0.0138451 0.0174215 0.016307 0.0128161 0.0123825 0.011457 0.0188915 0.0116262
threshold=2.6393742561340336 -0.43899776041507715 1.1477078795433047 -1.5127548575401304 -0.27272400259971613 -0.48946812748908991 0.010494231712073089 -0.58408647775650013 -0.083507362753152833 -0.31628158688545221 0.3177992850542069 -0.37510988116264338 -0.46004736423492426 -0.40563848614692682 2.0414836406707768 1.483072102069855 0.53334602713584911 0.024310491979122165 -0.67225754261016835 0.16878560930490497 0.085133023560047164 0.84453472495079052 0.66693499684333812 0.85874927043914806 -0.16660656034946439 1.1236091256141665 -0.18782679736614225 -0.34932981431484217 -0.015893239527940747 0.20954749733209613
decision_type=2 2 2 2 2 2 2 2 2 2 2 2 2 2 2 2 2 2 2 2 2 2 2 2 2 2 2 2 2 2
left_child=1 2 3 -1 9 -6 -7 8 -3 13 11 -11 -13 -5 15 16 18 -18 26 20 -19 -21 23 27 -24 -23 -9 28 -20 -29
right_child=-2 7 -4 4 5 6 -8 14 -10 10 -12 12 -14 -15 -16 -17 17 19 22 21 -22 25 24 -25 -26 -27 -28 29 -30 -31
leaf_value=-0.0016015537572093307 0.0010480950513738208 0.00016408973319364162 -0.0015976491617038847 0.0010302303557475699 -0.0017735112555480254 0.00085417781636351717 -0.0008720762154553086 -0.00037073390441946688 0.0012021936689961877 -0.0016718479371933348 0.00036146257189102472 -0.0013110589742427693 0.00043092510164050122 -0.00023814912292436931 0.00099067304572262975 -0.0011744674977879706 0.0011525073932911515 0.00015941076393749927 -0.00014538724130640427 0.00095490560013981201 -0.0016229097152972828 -0.0011213432125615605 -0.0020627387515876608 0.0012516498973127455 -0.0003841012570027931 0.00058710051536244078 0.0012354068602629317 -0.00040257413227878075 -0.0021292523201555014 0.00070864336998460611
leaf_weight=20 20 71 24 62 27 20 30 20 48 23 85 20 35 32 27 35 56 31 30 56 24 23 23 20 39 21 30 68 20 36
leaf_count=20 20 71 24 62 27 20 30 20 48 23 85 20 35 32 27 35 56 31 30 56 24 23 23 20 39 21 30 68 20 36
internal_value=1.22342e-12 -1.98503e-05 -0.000237967 -0.000145786 -5.86138e-05 -0.000739786 -0.000181575 0.000101755 0.000582821 0.000145473 -0.000115748 -0.000635786 -0.000202524 0.000598442 -6.54567e-07 -5.09663e-05 2.81535e-05 0.000334338 -0.000197738 3.87408e-05 -0.000618329 0.000400129 -0.000365256 -0.000136653 -0.00100682 -0.00030595 0.000592951 -0.000316952 -0.000938933 -1.79219e-05
internal_weight=1076 1056 378 354 334 77 50 678 119 257 163 78 55 94 559 532 497 211 286 155 55 100 236 174 62 44 50 154 50 104
internal_count=1076 1056 378 354 334 77 50 678 119 257 163 78 55 94 559 532 497 211 286 155 55 100 236 174 62 44 50 154 50 104
is_linear=0
shrinkage=0.05


Tree=99
num_leaves=31
num_cat=0
split_feature=21 23 28 32 45 45 37 21 27 3 14 26 38 21 21 27 32 28 56 52 6 1 12 63 17 6 43 69 28 13
split_gain=0.00904871 0.0118957 0.017796 0.0205217 0.0121444 0.0136298 0.0234448 0.0123874 0.0135625 0.0120438 0.0102309 0.0128798 0.0128688 0.00942792 0.00933876 0.00865733 0.00828305 0.0120406 0.0120017 0.0113534 0.00952733 0.0133807 0.0208186 0.0110597 0.0119187 0.0100672 0.0110201 0.0122575 0.0120916 0.0138493
threshold=-2.4675463438034053 -1.4082790613174436 0.89657092094421398 -0.11829252913594245 -2.1785504817962642 -1.4572263360023496 -1.0329994559288023 -1.685946464538574 -1.5481478571891782 1.6434370875358584 -1.329192519187927 -1.2343052625656126 -1.1576437354087827 1.8890497088432314 1.4146980047225954 0.11920348554849626 -1.1519799232482908 -0.85485574603080738 -0.41848950088024134 -1.2098231315612791 0.5943269431591035 0.11047847568988801 -0.18206286430358884 -0.16573239117860791 0.18417616188526156 0.47689221799373632 -0.72745230793952931 1.0500221848487856 0.56631726026535045 -0.34117855131626124
decision_type=2 2 2 2 2 2 2 2 2 2 2 2 2 2 2 2 2 2 2 2 2 2 2 2 2 2 2 2 2 2
left_child=-1 2 3 -2 -3 6 -6 -7 -9 10 -10 15 -13 14 16 -12 -14 18 -18 -19 25 -22 -23 -24 -25 26 -21 28 29 -28
right_child=1 4 -4 -5 5 7 -8 8 9 -11 11 12 13 -15 -16 -17 17 19 -20 20 21 22 23 24 -26 -27 27 -29 -30 -31
leaf_value=0.0010535959177650513 -0.0001023383520077914 0.0011630939050835719 0.00040268973742578441 -0.0021117732860147956 0.00050319041086671254 0.001276253434480168 -0.001660545963433481 -0.0012693245260743426 0.00094713104842936234 -0.00090410021584830247 -0.00010534778508978587 0.00098003439492552009 -0.00093082779591592644 -0.0010229268993134611 0.0011429443972883746 -0.0015588951465906576 0.0013898067525587978 -0.00096169695236061794 9.4215424346307731e-05 -0.00046572172618280247 -0.00070346474371728535 -0.0013423751533264295 0.0014151524572463877 -0.00035679889608771826 0.00095160886589188266 0.0012705018951757146 0.00020200542328952469 -0.00075502123486680486 -0.00042158473083056894 0.0010335116993739272
leaf_weight=20 24 23 28 27 21 20 31 20 33 32 21 39 21 20 20 20 33 29 39 61 84 20 22 46 28 21 124 26 39 84
leaf_count=20 24 23 28 27 21 20 31 20 33 32 21 39 21 20 20 20 33 29 39 61 84 20 22 46 28 21 124 26 39 84
internal_value=-5.75196e-14 -1.99545e-05 -0.00061011 -0.00116616 2.77654e-05 3.93719e-07 -0.000786729 4.57711e-05 1.7869e-05 4.77343e-05 8.44315e-05 4.87112e-05 9.55199e-05 4.74082e-05 7.81209e-05 -0.000814395 4.66637e-05 7.79554e-05 0.000688028 2.74095e-06 5.3135e-05 -0.000222864 0.000125156 0.000430892 0.000138274 0.000208628 0.000141863 0.000277624 0.000386323 0.000537806
internal_weight=1076 1056 79 51 977 954 52 902 882 862 830 797 756 717 697 41 677 656 72 584 555 200 116 96 74 355 334 273 247 208
internal_count=1076 1056 79 51 977 954 52 902 882 862 830 797 756 717 697 41 677 656 72 584 555 200 116 96 74 355 334 273 247 208
is_linear=0
shrinkage=0.05


Tree=100
num_leaves=31
num_cat=0
split_feature=12 22 11 68 28 53 33 74 2 73 48 43 43 52 7 43 43 73 33 6 12 27 0 72 47 5 14 69 62 71
split_gain=0.00842152 0.00958482 0.0119339 0.0103572 0.0128706 0.0120012 0.00851567 0.0179406 0.0149013 0.0171741 0.0124376 0.0110403 0.0140817 0.0135731 0.0113431 0.0101207 0.0104173 0.0132487 0.0100028 0.00928729 0.016487 0.015509 0.0169533 0.0150125 0.0135375 0.0101742 0.0110256 0.0101694 0.0102455 0.011582
threshold=-1.5624362230300901 -1.3744930624961851 1.3189637660980227 -1.4780175089836118 -0.65173375606536854 1.884780287742615 -1.1765415668487547 -0.25028158724308008 -0.99858564138412464 -0.48555935919284815 2.0108780860900883 -1.2330782413482664 -0.93011024594306935 -0.52809831500053395 1.2953500151634219 1.4228823184967043 0.93087276816368114 0.038463618606328971 1.3110020756721499 0.5943269431591035 0.33869306743144995 -0.46787932515144343 -0.3708945289254188 0.61523130536079418 0.86056476831436168 0.36797629296779638 0.88791757822036754 -0.20714107155799863 0.0061571577098220595 0.6319340467453004
decision_type=2 2 2 2 2 2 2 2 2 2 2 2 2 2 2 2 2 2 2 2 2 2 2 2 2 2 2 2 2 2
left_child=-1 -2 3 4 -3 6 7 -5 -9 -10 11 13 -13 -8 15 16 18 -18 19 20 21 22 -14 24 27 26 -21 -23 29 -29
right_child=1 2 -4 5 -6 -7 10 8 9 -11 -12 12 14 -15 -16 -17 17 -19 -20 25 -22 23 -24 -25 -26 -27 -28 28 -30 -31
leaf_value=-0.00076286976820223837 -0.0010317215319013311 0.0015563433881955766 0.0012567514821421356 0.00050257958389599532 6.9630321436184076e-05 -0.0011718267977068369 -0.00039020541647914801 0.0001435175795698094 -0.0025279542262433099 -0.00052458102885714691 0.0012640159527238992 -0.00090030333525392909 0.0017824694296628561 0.001198585809452641 -0.00099240773384875742 0.0008432162539975252 -0.0011853978639823925 0.00015313491551043829 0.00097008096711379628 -0.0012120569668435824 0.00082707508019619173 0.00050772523175945266 0.0001006831941573859 -0.0009125642876218385 0.0011992313364647669 0.00026913555816281587 -0.00010275984068357502 0.00030736276059573265 -0.0010577568221157667 -0.0010599619451178504
leaf_weight=35 21 24 20 34 37 22 20 22 20 23 21 43 23 41 26 40 38 36 31 42 77 46 43 54 22 50 48 59 37 21
leaf_count=35 21 24 20 34 37 22 20 22 20 23 21 43 23 41 26 40 38 36 31 42 77 46 43 54 22 50 48 59 37 21
internal_value=-1.1225e-12 2.56488e-05 4.74182e-05 2.32316e-05 0.000654567 -1.77817e-05 9.90533e-06 -0.000428074 -0.000914878 -0.00145638 6.29126e-05 3.1265e-05 -2.23094e-05 0.000677671 3.21693e-05 7.21079e-05 2.29143e-05 -0.00053422 9.74676e-05 4.56457e-05 0.000173322 8.27657e-06 0.00068676 -0.000179087 3.50089e-05 -0.000302729 -0.000620432 -0.000122125 -0.000369759 -5.156e-05
internal_weight=1076 1041 1020 1000 61 939 917 99 65 43 818 797 736 61 693 667 627 74 553 522 382 305 66 239 185 140 90 163 117 80
internal_count=1076 1041 1020 1000 61 939 917 99 65 43 818 797 736 61 693 667 627 74 553 522 382 305 66 239 185 140 90 163 117 80
is_linear=0
shrinkage=0.05


Tree=101
num_leaves=31
num_cat=0
split_feature=63 2 2 34 67 58 55 32 9 24 52 17 72 9 72 44 21 57 52 19 67 43 48 65 2 56 38 15 12 32
split_gain=0.0086258 0.00925149 0.011565 0.0138335 0.0136508 0.0145738 0.0124746 0.0117492 0.0172218 0.0141284 0.0158005 0.0157331 0.0141461 0.0177862 0.0177132 0.0148267 0.0146759 0.0152052 0.0181213 0.0139175 0.0130494 0.0114356 0.0110935 0.0116052 0.0109351 0.0148436 0.0114275 0.0112604 0.0109175 0.010057
threshold=2.1614530086517338 2.4044257402420048 1.2750426530838015 1.8194111585617068 0.067131794989109053 0.21098904311656955 1.9333024621009829 -1.2618246674537656 0.44592414796352392 -0.70506051182746876 -1.0416067838668821 -0.686406910419464 -0.31990574300289149 -0.33574475347995753 0.14128154516220096 0.57638490200042736 -0.50326573848724354 -1.0024648308753965 0.63072684407234203 0.051356611773371703 -0.75613990426063526 0.58656746149063121 1.174230754375458 0.68213143944740307 -0.029592239297926422 -0.15569585561752317 -0.12803921848535535 -0.12999777495861051 0.23096089065074923 -0.069273073226213441
decision_type=2 2 2 2 2 2 2 2 2 2 2 2 2 2 2 2 2 2 2 2 2 2 2 2 2 2 2 2 2 2
left_child=1 2 3 6 -4 -6 7 8 -1 11 19 -9 13 21 15 -14 17 -16 -19 -11 -15 -12 23 24 25 -18 -27 -26 -22 -13
right_child=-2 -3 4 -5 5 -7 -8 9 -10 10 12 29 14 20 16 -17 22 18 -20 -21 28 -23 -24 -25 27 26 -28 -29 -30 -31
leaf_value=-5.182011039270198e-05 -0.0010286803636699916 0.0010340779323914004 -0.0015142388614969185 0.0010096020071715531 -0.0011309764773139487 0.00047177872801438679 0.0010690181309419805 0.0014852867343766517 -0.0019008826200297335 -0.001627560899554131 0.00017376036428484238 0.00034396983176670403 -0.00036712111654600856 -0.00022108028484085069 0.00050161511542021555 -0.0016506372167107962 -0.0015845325380644721 -9.9308628705330193e-05 -0.0020227858349680899 7.5221883525955499e-05 0.0007755666237077391 -0.0012258383029256949 0.0013295422532662218 0.00094702038221709827 0.0011875954666174949 0.00085468284669332206 -0.00083554570621345201 -3.7712866983686883e-05 0.0021618187209242025 -0.00084609482175437747
leaf_weight=34 20 22 26 36 23 37 27 28 20 30 54 158 90 22 22 30 23 24 25 20 49 20 21 35 25 20 20 75 20 20
leaf_count=34 20 22 26 36 23 37 27 28 20 30 54 158 90 22 22 30 23 24 25 20 49 20 21 35 25 20 20 75 20 20
internal_value=-1.53076e-12 1.94826e-05 -2.10455e-06 4.82603e-05 -0.000557289 -0.000142611 1.03126e-05 -2.19869e-05 -0.000736658 2.44538e-05 -9.39076e-05 0.00038356 -1.97737e-05 0.000371162 -0.000177101 -0.000688 3.43052e-05 -0.000590388 -0.00108067 -0.000946448 0.00083929 -0.00020451 0.000236831 0.000120938 -5.64422e-05 -0.000572405 9.56857e-06 0.000268614 0.00117738 0.000210255
internal_weight=1076 1056 1034 948 86 60 912 885 54 831 625 206 575 165 410 120 290 71 49 50 91 74 219 198 163 63 40 100 69 178
internal_count=1076 1056 1034 948 86 60 912 885 54 831 625 206 575 165 410 120 290 71 49 50 91 74 219 198 163 63 40 100 69 178
is_linear=0
shrinkage=0.05


Tree=102
num_leaves=31
num_cat=0
split_feature=69 48 13 25 33 29 30 59 9 26 2 20 35 50 68 36 68 36 36 75 42 31 4 30 48 10 41 68 60 73
split_gain=0.00818276 0.0135187 0.00777694 0.00799065 0.00931017 0.0183389 0.00983475 0.018516 0.0118055 0.0102493 0.0162338 0.0144215 0.0140701 0.0118623 0.0118092 0.0132122 0.0174988 0.0141485 0.0176937 0.0135709 0.0141877 0.014934 0.0123112 0.0121239 0.0118338 0.011702 0.0171162 0.0116409 0.0105063 0.0117232
threshold=1.9120565056800845 -1.3645224571228025 -1.4283157587051389 1.6190873980522158 1.1697582602500918 0.53921750187873851 -0.91096177697181691 -0.84152826666831959 1.2195465564727785 -0.52305534482002247 0.28917697072029119 -0.680070400238037 -0.31628158688545221 -0.65626651048660267 -0.94073602557182301 1.1712555885314944 0.94240206480026256 0.96805384755134594 0.77942633628845226 1.0000000180025095e-35 0.24551866203546527 0.39583545923233038 -1.0488814711570738 0.22726529091596606 0.84463146328926098 0.88502788543701183 -1.0716177225112913 -0.020110553130507466 0.12620016187429431 -0.043646894395351403
decision_type=2 2 2 2 2 2 2 2 2 2 2 2 2 2 2 2 2 2 2 2 2 2 2 2 2 2 2 2 2 2
left_child=1 -1 -3 4 6 -6 7 -4 -9 10 11 12 -8 -13 22 17 24 18 19 25 23 -22 -11 -21 -17 26 -16 -14 29 -28
right_child=-2 2 3 -5 5 -7 9 8 -10 14 -12 13 27 -15 15 16 -18 -19 -20 20 21 -23 -24 -25 -26 -27 28 -29 -30 -31
leaf_value=-0.00094989201848205229 0.00078756976663498792 0.00091967052664348689 0.0017331210580388353 -0.00082807108375508804 -0.00029824180885278172 0.0013717475281529396 0.00071635232724171763 -0.00013495808152277206 0.0012094039202202112 0.001509294828865677 0.00058000288349028466 -0.0020165776512537075 -0.0014044742297846826 -0.00069813093099490567 0.0015063621530134698 -0.00097835814250918861 -0.001769882591441274 0.0011853396037208768 -0.0012085727058971922 -0.00013412652884832991 -0.00013312562725183611 0.0014881985148531387 0.00011982864724070003 -0.0011390015482902528 0.0006116540441289545 0.0011346655751530751 -0.00026633752492704878 0.00019237335072830319 -0.00049423773501378792 0.0012362609782812799
leaf_weight=38 32 23 21 29 31 35 30 89 20 25 34 24 25 59 20 22 25 25 30 71 49 20 44 52 25 39 27 21 66 25
leaf_count=38 32 23 21 29 31 35 30 89 20 25 34 24 25 59 20 22 25 25 30 71 49 20 44 52 25 39 27 21 66 25
internal_value=-1.6028e-12 -2.41401e-05 1.08287e-05 -1.04362e-05 1.44186e-05 0.000587359 -2.81648e-05 0.000373633 0.000111714 -9.70748e-05 -0.000411653 -0.000623705 -0.000126072 -0.00107937 1.03827e-05 -7.48762e-05 -0.000701105 3.14646e-05 -4.08334e-05 5.41048e-05 -0.000237033 0.000336823 0.000623258 -0.000558952 -0.000132607 0.000369915 0.00015379 -0.000675479 -7.546e-05 0.000456066
internal_weight=1076 1044 1006 983 954 66 888 130 109 758 193 159 76 83 565 496 72 424 399 369 192 69 69 123 47 177 138 46 118 52
internal_count=1076 1044 1006 983 954 66 888 130 109 758 193 159 76 83 565 496 72 424 399 369 192 69 69 123 47 177 138 46 118 52
is_linear=0
shrinkage=0.05


Tree=103
num_leaves=31
num_cat=0
split_feature=3 1 1 37 18 41 65 72 62 45 21 4 4 14 62 14 37 0 53 72 74 33 60 15 34 30 25 72 26 43
split_gain=0.00849589 0.00932182 0.0106775 0.0119015 0.0104103 0.0101277 0.0192421 0.012149 0.0211816 0.0159169 0.015344 0.0132755 0.012411 0.011218 0.0146971 0.0111595 0.0116075 0.0128968 0.0152758 0.0131872 0.0131765 0.0150773 0.0140094 0.012119 0.0119342 0.0170476 0.0123634 0.0110359 0.0169147 0.0106788
threshold=1.8180378675460818 -1.752259314060211 -1.5820760130882261 -2.193007111549377 -1.3932846188545225 -1.0716177225112913 0.57029163837432872 -0.90975341200828541 -0.38390530645847315 -1.578605532646179 -1.0248054862022398 -1.1188192963600156 1.9363437891006472 0.40812222659587866 -0.11175961047410964 1.5676168799400332 0.1066950559616089 0.16609807033091786 1.2670445442199709 0.21668079495429995 0.44977967441082006 0.36298780143260961 0.50914618372917186 0.07701395079493524 -1.065966725349426 -0.5593435764312743 -0.44048772752284998 -1.1879314780235288 -0.69437897205352772 0.16714803129434588
decision_type=2 2 2 2 2 2 2 2 2 2 2 2 2 2 2 2 2 2 2 2 2 2 2 2 2 2 2 2 2 2
left_child=1 -1 -3 -4 -5 6 13 8 27 -9 -11 -12 15 14 -6 16 24 18 19 -18 21 -19 -22 -21 -13 -26 -27 28 -7 -25
right_child=-2 2 3 4 5 7 -8 9 -10 10 11 12 -14 -15 -16 -17 17 20 -20 23 22 -23 -24 29 25 26 -28 -29 -30 -31
leaf_value=-0.00086471034607304076 -0.001020904609322315 0.00097370738832978541 -0.0010393820248562125 -0.00085691759379715815 -0.00018033710657618942 0.0013287369962074144 0.0019261847827146995 -0.0014222665626134369 -0.00045946982537294035 0.00093830833898093068 -0.0013195190032655817 -0.0014912618417292833 -0.0010701106487041605 -0.00055948893751783834 0.0013720828590110968 0.0009636772648985338 -0.00022237584585777122 -0.0014481440324743745 0.0015780442328832578 0.0011631687114690887 -0.0003852798225125298 -0.00011890743562616991 0.0013415882824515195 -0.00078601446446208742 0.00050290315160409437 -0.0013564757896925917 -0.00024945788905807886 0.0017163617016570964 -0.00044598261266946793 0.00075789476492597418
leaf_weight=29 20 30 26 31 30 29 20 21 41 39 21 20 28 31 31 29 84 32 24 51 24 64 23 21 59 33 107 29 25 24
leaf_count=29 20 30 26 31 30 29 20 21 41 39 21 20 28 31 31 29 84 32 24 51 24 64 23 21 59 33 107 29 25 24
internal_value=-4.48662e-13 1.93353e-05 4.42986e-05 1.63325e-05 4.46008e-05 7.43318e-05 0.000520571 1.39708e-05 0.000470323 -6.64093e-05 -2.47212e-05 -8.30413e-05 -4.13623e-05 0.000215003 0.000608598 7.04939e-06 -4.19651e-05 0.000137918 0.000393129 0.00023514 -0.00022616 -0.000561986 0.000459783 0.000635466 -0.000326985 -0.000209972 -0.000510398 0.000929618 0.000507108 3.74038e-05
internal_weight=1076 1056 1027 997 971 940 112 828 124 704 683 644 623 92 61 595 566 347 204 180 143 96 47 96 219 199 140 83 54 45
internal_count=1076 1056 1027 997 971 940 112 828 124 704 683 644 623 92 61 595 566 347 204 180 143 96 47 96 219 199 140 83 54 45
is_linear=0
shrinkage=0.05


Tree=104
num_leaves=31
num_cat=0
split_feature=63 12 10 17 45 53 61 23 43 72 50 22 5 25 37 15 62 54 20 30 12 42 12 44 59 26 64 22 8 59
split_gain=0.00782513 0.0086064 0.0123948 0.0105088 0.0137468 0.0123835 0.0135024 0.0164048 0.014682 0.0136318 0.0132465 0.0167052 0.0114179 0.0181066 0.0141299 0.0144576 0.0106874 0.0108104 0.0105823 0.0150075 0.0102739 0.0147684 0.0129605 0.0104734 0.0121528 0.0143045 0.0166593 0.0146137 0.011953 0.0118942
threshold=2.1614530086517338 2.1952847242355351 2.0551315546035771 -2.0319763422012325 1.7912449836730959 -0.4720503687858581 0.17713283002376559 -0.46028567850589747 0.2586184442043305 0.56306356191635143 1.3732187151908877 0.24453829228878024 -1.1886751055717466 -1.1037418246269224 -1.2212937474250791 0.70499593019485485 -0.21740769594907758 -0.68248987197875965 -0.75365346670150746 -0.052893819287419312 0.33869306743144995 0.98409885168075573 0.23798409849405291 0.7188645899295808 1.0035545229911806 -0.57097592949867237 -0.1522111892700195 0.27134531736373907 -0.78484472632408131 -0.066289082169532762
decision_type=2 2 2 2 2 2 2 2 2 2 2 2 2 2 2 2 2 2 2 2 2 2 2 2 2 2 2 2 2 2
left_child=1 2 3 -1 5 6 7 8 18 -8 11 16 14 -14 -7 -16 17 -9 -5 -20 22 -22 23 24 25 26 -15 -27 -28 -30
right_child=-2 -3 -4 4 -6 12 9 10 -10 -11 -12 -13 13 20 15 -17 -18 -19 19 -21 21 -23 -24 -25 -26 27 28 -29 29 -31
leaf_value=0.0011052706763042476 -0.00097977537428960214 0.00081330476254648119 -0.00096034496049414344 -0.0018653609049083157 -0.0012651779799766486 0.00058985379459045365 -0.0015039717417911979 0.00050593699259199917 0.0003219662438795874 7.4018480954691771e-06 0.0014166650341146372 -0.0011611326740504329 0.0016607134481005017 -0.0011170076795309087 -0.0019474865890861976 -6.9097466039238497e-05 0.00091148385393392784 -0.0010402715239615646 0.00050143625761847946 -0.0013056369747371519 0.00070290576336117449 -0.00061784479301422838 -0.001007853977664906 0.00097241198127449033 0.00066618773431162219 0.0005699619159568102 0.00095660591867509413 -0.00047695247805677353 -0.0012533397535267085 0.00030759325510678958
leaf_weight=22 20 33 33 22 21 20 37 26 33 25 22 22 21 59 21 20 46 20 20 27 138 25 28 32 61 100 23 50 23 26
leaf_count=22 20 33 33 22 21 20 37 26 33 25 22 22 21 59 21 20 46 20 20 27 138 25 28 32 61 100 23 50 23 26
internal_value=-4.44266e-13 1.85564e-05 -7.08069e-06 2.46948e-05 1.36238e-07 2.81949e-05 -0.000237332 -6.61245e-05 -0.000545456 -0.000894547 0.000293374 7.65989e-05 0.000151314 0.000219082 -0.000499706 -0.0010312 0.000372578 -0.000166328 -0.00096031 -0.00053667 0.0001655 0.000500337 2.97323e-05 0.000107413 2.64769e-05 -0.000112393 -0.000494129 0.00022099 1.62854e-05 -0.00042509
internal_weight=1076 1056 1023 990 968 947 300 238 102 62 136 114 647 586 61 41 92 46 69 47 565 163 402 374 342 281 131 150 72 49
internal_count=1076 1056 1023 990 968 947 300 238 102 62 136 114 647 586 61 41 92 46 69 47 565 163 402 374 342 281 131 150 72 49
is_linear=0
shrinkage=0.05


Tree=105
num_leaves=31
num_cat=0
split_feature=53 22 51 26 16 72 16 23 15 68 6 33 27 61 51 0 37 31 65 2 29 22 69 45 19 15 42 40 29 66
split_gain=0.00777926 0.00832885 0.00767101 0.00803985 0.0143713 0.0132986 0.00730441 0.00760183 0.0164326 0.0114419 0.0111252 0.00907664 0.00725649 0.0095326 0.00998985 0.0129123 0.0117867 0.0113029 0.00827228 0.0133399 0.0165873 0.0138231 0.015083 0.0113153 0.0152032 0.0112153 0.00959051 0.014053 0.0100518 0.00904329
threshold=1.8005895614624026 -1.3744930624961851 1.7256343364715578 -1.0728403329849241 -0.46955218911170954 -0.85416886210441578 2.4887238740921025 -1.4082790613174436 -1.4086751937866209 -1.4780175089836118 -1.2852566242218015 -0.74812805652618397 -0.37687467038631434 -1.2452786564826963 0.086617428809404387 0.16609807033091786 0.032472394406795509 -0.33137927949428553 0.43453951179981237 0.12253867462277414 0.66239485144615184 -0.030740357935428616 -0.11309696733951567 0.22337911278009417 -0.20043227821588513 0.63935899734497081 0.085339229553937926 0.49537087976932531 0.075176488608121886 0.3825428187847138
decision_type=2 2 2 2 2 2 2 2 2 2 2 2 2 2 2 2 2 2 2 2 2 2 2 2 2 2 2 2 2 2
left_child=1 -1 3 4 5 -3 7 8 -5 -9 -11 -10 13 -12 15 -15 -16 -17 19 20 21 29 -23 24 -21 -25 28 -28 -20 -14
right_child=-2 2 -4 6 -6 -7 -8 9 11 10 12 -13 18 14 16 17 -18 -19 26 23 -22 22 -24 25 -26 -27 27 -29 -30 -31
leaf_value=-0.00075662130618707815 -0.00072260076849488546 0.0019393986242719275 0.00082495683229588462 0.00076185453217476613 -0.00061128129920689394 0.00032010422914936499 0.00090683266254408014 0.00096885204383094492 -0.0015139866251653682 -0.00084927056599647197 -0.00068112476728856566 -0.00032076109474634426 2.7278518962067745e-05 0.00015353196977742649 0.00052799482681703839 0.0017537570654359812 -0.0011491241981275381 0.00039718667560789201 -0.00084846180370732336 -0.0010326581678652604 -0.0012536999971523664 -0.0016234055176660744 0.00022998489550359196 0.00099420591185872369 0.00037464771847255899 -0.0002418036411048282 -0.0015646986016001779 -1.038962912459213e-05 0.00019464000068248688 0.0011511956630274654
leaf_weight=33 36 21 31 20 20 32 21 30 30 39 23 34 63 71 22 34 20 28 32 28 34 23 21 78 61 24 33 26 83 25
leaf_count=33 36 21 31 20 20 32 21 30 30 39 23 34 63 71 22 34 20 28 32 28 34 23 21 78 61 24 33 26 83 25
internal_value=-7.93293e-13 2.50131e-05 5.06277e-05 2.60333e-05 0.000530755 0.000961711 -1.47692e-05 -3.67121e-05 -0.000489147 1.09126e-05 -2.65069e-05 -0.000880086 1.75093e-05 0.000275845 0.000401618 0.000613908 -0.000270633 0.00114111 -7.88192e-05 5.89576e-05 -0.000268892 -1.52288e-05 -0.000738833 0.000343895 -6.81002e-05 0.00070338 -0.000361499 -0.000879749 -9.56144e-05 0.000346573
internal_weight=1076 1040 1007 976 73 53 903 882 84 798 768 64 729 198 175 133 42 62 531 357 166 132 44 191 89 102 174 59 115 88
internal_count=1076 1040 1007 976 73 53 903 882 84 798 768 64 729 198 175 133 42 62 531 357 166 132 44 191 89 102 174 59 115 88
is_linear=0
shrinkage=0.05


Tree=106
num_leaves=31
num_cat=0
split_feature=3 13 2 53 58 45 54 32 54 44 68 72 72 30 4 24 40 27 50 44 2 35 65 22 26 71 29 24 18 26
split_gain=0.00751679 0.00707789 0.00938974 0.00848994 0.0133234 0.0131791 0.0116504 0.0110449 0.0140036 0.0120728 0.0109414 0.0100658 0.0174347 0.0159741 0.0128466 0.0115915 0.0199775 0.0123708 0.0087894 0.00746079 0.00766965 0.0185317 0.0170619 0.0159714 0.0211203 0.0120186 0.0102067 0.00957161 0.0150049 0.0123152
threshold=1.8180378675460818 2.6393742561340336 -1.5127548575401304 -0.92883887887001026 -1.5023661255836485 -1.4572263360023496 -1.3053436279296873 -0.33916917443275446 0.055982289835810668 0.31737284362316137 -1.2972366809844968 -1.1879314780235288 -0.94682517647743214 -0.64924645423889149 1.9363437891006472 1.3036527037620547 0.19978690892457965 -0.13736183941364286 -0.48169647157192225 1.5215654373168948 0.21887854486703875 -0.31628158688545221 0.68915244936943065 0.048450535163283355 -0.62324702739715565 -0.66295552253723133 0.12402494996786119 -0.66416069865226735 0.53334602713584911 0.73698407411575328
decision_type=2 2 2 2 2 2 2 2 2 2 2 2 2 2 2 2 2 2 2 2 2 2 2 2 2 2 2 2 2 2
left_child=1 2 -1 5 -5 -4 -6 18 9 -9 -8 13 -13 -12 15 19 -17 -18 -7 20 21 -14 23 24 -23 -22 -27 -28 -29 -30
right_child=-2 -3 3 4 6 7 10 8 -10 -11 11 12 14 -15 -16 16 17 -19 -20 -21 25 22 -24 -25 -26 26 27 28 29 -31
leaf_value=-0.00085687385815676426 -0.00096027812614920551 0.00094984128596479426 -0.0014438604340698063 0.0012767953701689335 -0.0010784477514045483 -0.00016716238689696184 0.00099375356605833085 -0.00088861210754624133 -0.0014065419422247662 0.00044875757872230482 0.00013450651032919134 0.0011245331624218707 0.00037778216077856354 -0.001729858441394754 -0.00097410553503626341 0.0020275538985151799 0.00082703906368335786 -0.00076643819865282806 0.0013151834963355214 -0.00093798344023525719 0.0014289187407121064 -0.0010085614446057555 0.00053859603975931695 -0.0016798987487951914 0.00026741174768821728 -0.00042843805769511519 0.0013442267137136134 -0.00018924264978799647 0.0014909691268712778 -7.3482789351449654e-06
leaf_weight=31 20 20 22 23 22 20 32 27 26 45 27 39 118 20 30 20 29 21 20 20 20 68 38 30 62 57 21 92 32 24
leaf_count=31 20 20 22 23 22 20 32 27 26 45 27 39 118 20 30 20 29 21 20 20 20 68 38 30 62 57 21 92 32 24
internal_value=-6.63187e-13 1.81871e-05 2.01483e-07 2.66386e-05 8.98756e-05 -0.000307331 5.66649e-05 -0.000126146 -0.000411924 -5.27561e-05 8.78805e-05 5.01358e-05 9.6352e-05 -0.00065884 3.75557e-05 8.41046e-05 0.000692 0.000157779 0.000574011 1.099e-05 4.47613e-05 -0.000118211 -0.000413803 -0.000639998 -0.00040002 0.000254108 0.000150142 0.000345285 0.000203543 0.000848833
internal_weight=1076 1056 1036 1005 845 160 822 138 98 72 800 768 721 47 682 652 70 50 40 582 562 316 198 160 130 246 226 169 148 56
internal_count=1076 1056 1036 1005 845 160 822 138 98 72 800 768 721 47 682 652 70 50 40 582 562 316 198 160 130 246 226 169 148 56
is_linear=0
shrinkage=0.05


Tree=107
num_leaves=31
num_cat=0
split_feature=53 32 73 14 69 47 49 21 12 73 45 45 38 36 47 64 14 12 44 10 37 13 2 56 70 1 33 39 46 52
split_gain=0.00712702 0.00798012 0.0118551 0.0102973 0.00918384 0.00761001 0.0129762 0.0189952 0.0112863 0.0112141 0.0109634 0.0112624 0.0120994 0.0161914 0.011498 0.0126282 0.0101359 0.00989597 0.0136817 0.0132287 0.0094161 0.00940814 0.008584 0.0105724 0.0186092 0.0110089 0.0107455 0.0121988 0.0108649 0.00913861
threshold=1.8005895614624026 -1.2618246674537656 0.93995267152786266 -1.3776798844337461 1.9120565056800845 0.14540138095617297 0.15197370946407321 0.34393890202045446 -0.21673338115215299 -0.42110152542591089 0.51934665441513073 0.24642580002546313 1.1097962856292727 1.1449910998344424 -0.9639705717563628 0.090565368533134474 -0.57762682437896717 1.3784247040748598 1.7410651445388796 0.8686434030532838 0.29992601275444036 -0.44852298498153681 -1.1443938016891477 -0.091796588152647005 -0.1990607678890228 0.46093967556953436 0.85065686702728283 0.08696483820676805 -0.15614502131938932 0.059031115844845779
decision_type=2 2 2 2 2 2 2 2 2 2 2 2 2 2 2 2 2 2 2 2 2 2 2 2 2 2 2 2 2 2
left_child=1 2 -1 -3 5 6 10 9 -9 -8 11 12 13 14 -5 16 -16 18 22 -19 -11 -17 -7 26 25 -25 27 -24 -29 -26
right_child=-2 3 -4 4 -6 17 7 8 -10 20 -12 -13 -14 -15 15 21 -18 19 -20 -21 -22 -23 23 24 29 -27 -28 28 -30 -31
leaf_value=-0.0010988798606882079 -0.00069164496348498184 0.0010199426259431576 0.0004193979734554887 0.00039805887284240238 0.00095667508184515797 -0.00067688581613245861 -0.00026310398116038416 -0.00055518399569250295 0.0010480558899555194 -0.0020289199071703476 -0.00082647153375936414 0.00085018488984629098 0.00092063895426690583 -0.0014765576944637362 2.2251641369491283e-05 -0.00068329835106851534 -0.0010551934769519621 2.8064409672792649e-05 -0.001153757538469065 0.0018248473521089181 -0.00066705129707274454 0.00059623337078579329 0.0009237202859028828 -0.0016953813578722823 -0.00031827619830624034 -0.00021268423616645798 0.0012968605333888855 -0.00086349585737856423 0.00055886839683898877 0.0006061649435757906
leaf_weight=36 36 27 20 108 26 28 32 21 23 30 35 44 32 20 35 20 58 21 21 20 22 51 43 21 39 31 37 29 25 85
leaf_count=36 36 27 20 108 26 28 32 21 23 30 35 44 32 20 35 20 58 21 21 20 22 51 43 21 39 31 37 29 25 85
internal_value=-4.61235e-13 2.39416e-05 -0.000556638 5.69827e-05 2.98145e-05 3.93011e-06 -0.000120141 -0.000558716 0.000282873 -0.000999548 1.91583e-05 9.95851e-05 -2.34824e-06 -0.000103498 -2.53721e-06 -0.000266344 -0.000649703 0.000168634 8.4589e-05 0.000904544 -0.00145274 0.000235802 0.000161528 0.000237255 -1.75282e-05 -0.000811466 0.000571897 0.000295364 -0.000204994 0.000315413
internal_weight=1076 1040 56 984 957 931 531 128 44 84 403 368 324 292 272 164 93 400 359 41 52 71 338 310 176 52 134 97 54 124
internal_count=1076 1040 56 984 957 931 531 128 44 84 403 368 324 292 272 164 93 400 359 41 52 71 338 310 176 52 134 97 54 124
is_linear=0
shrinkage=0.05


Tree=108
num_leaves=31
num_cat=0
split_feature=25 23 11 46 10 40 58 54 69 23 62 21 64 10 66 26 73 64 49 65 41 59 2 30 19 42 46 4 39 45
split_gain=0.00705459 0.0162618 0.0069208 0.009349 0.0212531 0.012877 0.0124922 0.0109793 0.0132547 0.0108493 0.0101999 0.0119077 0.010072 0.0120907 0.0119048 0.0170572 0.0119725 0.0194671 0.00954404 0.00984905 0.00927356 0.00881912 0.00879861 0.0124089 0.0137072 0.00825381 0.00811374 0.00780929 0.00752202 0.0156338
threshold=1.2826007604599001 0.63624298572540294 1.169717073440552 0.2575590461492539 1.9438933730125429 0.62315040826797496 -1.5023661255836485 -0.8874911069869994 -0.41272039711475367 0.080062698572874083 -1.0107695460319517 1.0386458635330202 -0.76110079884529103 -0.89267891645431507 0.76535826921463024 0.072591837495565428 -0.54518878459930409 0.75758862495422374 0.51946094632148754 0.074202649295330061 -1.2589848041534422 0.28915029764175421 1.0610485076904299 -0.91096177697181691 1.0000000180025095e-35 0.37361770868301397 -0.6588730216026305 1.0900780558586123 -0.0066985073499381534 -0.25751896202564234
decision_type=2 2 2 2 2 2 2 2 2 2 2 2 2 2 2 2 2 2 2 2 2 2 2 2 2 2 2 2 2 2
left_child=2 -2 3 4 5 6 -1 8 -8 -10 26 20 -5 -14 15 -15 -17 27 19 -16 -12 -4 23 24 -22 28 -9 -18 -25 -30
right_child=1 -3 21 12 -6 -7 7 10 9 -11 11 -13 13 14 18 16 17 -19 -20 -21 22 -23 -24 25 -26 -27 -28 -29 29 -31
leaf_value=0.0010119397417995436 -0.0012892192459813406 0.0002578786590934864 6.8128235877634857e-05 -0.00042696632447656999 -0.001721718063345179 -0.00088704944008151712 0.00052182875778747817 -0.001353934597467411 -0.0016656413566254612 -0.00036113036519570932 0.00088091714773327109 0.00099508330887248218 0.0011598719488048167 -0.00047636247144486663 -0.00052537933869254111 0.0016320604307111354 0.0013811409482647234 -0.00052931098352101719 -0.0010966497571923985 0.00090706119136441327 0.0013979037762619556 0.0012210914054540572 0.0006655761759014776 0.00010114744126431014 -0.00014436750301255791 -0.001275405552760276 3.7551068817265336e-05 0.00024551620502582714 -0.0016270054741956603 -0.00017198564833961427
leaf_weight=29 33 35 43 52 20 44 21 22 28 37 30 36 38 39 28 28 41 33 26 21 25 27 39 99 34 20 20 24 24 80
leaf_count=29 33 35 43 52 20 44 21 22 28 37 30 36 38 39 28 28 41 33 26 21 25 27 39 99 34 20 20 24 24 80
internal_value=6.64603e-13 -0.000492919 3.32525e-05 -2.53785e-06 -0.000118832 -6.43117e-05 2.23331e-06 -5.46239e-05 -0.000570249 -0.000923074 4.87414e-05 0.000129058 0.000211725 0.000331192 0.000199984 0.000437403 0.000720235 0.000459713 -0.000322336 8.85237e-05 4.02353e-05 0.000512843 -3.83331e-05 -0.000135682 0.000509137 -0.000306285 -0.000691322 0.000961833 -0.000210805 -0.000507759
internal_weight=1076 68 1008 938 608 588 544 515 86 65 429 387 330 278 240 165 126 98 75 49 351 70 321 282 59 223 42 65 203 104
internal_count=1076 68 1008 938 608 588 544 515 86 65 429 387 330 278 240 165 126 98 75 49 351 70 321 282 59 223 42 65 203 104
is_linear=0
shrinkage=0.05


Tree=109
num_leaves=31
num_cat=0
split_feature=21 22 53 61 2 53 54 35 39 68 69 56 63 39 21 1 69 51 50 53 15 63 14 45 32 56 42 6 33 33
split_gain=0.00694092 0.00852325 0.0078901 0.00721487 0.0148735 0.0136525 0.0110408 0.0106957 0.00767933 0.00856667 0.00650899 0.012421 0.013009 0.00875651 0.00915345 0.00828122 0.00805343 0.0114153 0.0105052 0.00974279 0.0121544 0.00814786 0.00718505 0.0125784 0.00888868 0.00950583 0.00755349 0.0127081 0.011074 0.0112774
threshold=-2.4675463438034053 -1.4606560468673704 1.8005895614624026 -1.1857819557189939 -1.2885972261428831 -0.99143561720848072 -1.0164126753807066 -0.44138833880424494 -1.7861724495887754 -1.4780175089836118 -0.62924864888191212 -0.75353085994720448 0.37182514369487768 0.13562002778053286 0.13905057311058047 -0.24103394150733945 -0.21429621428251264 0.20776842534542087 1.1925035119056704 -0.33014567196369166 0.024310491979122165 -0.77077344059944142 1.9468844532966616 1.3750964999198916 -1.1359688639640806 -0.61525350809097279 -0.65593168139457692 0.0061699768994003543 0.36788100004196173 1.1697582602500918
decision_type=2 2 2 2 2 2 2 2 2 2 2 2 2 2 2 2 2 2 2 2 2 2 2 2 2 2 2 2 2 2
left_child=-1 -2 3 4 -3 6 -6 -7 -5 -10 11 -11 13 14 15 -13 17 19 21 -12 -21 -18 23 24 25 -23 -26 -28 -29 -30
right_child=1 2 -4 8 5 7 -8 -9 9 10 16 12 -14 -15 -16 -17 18 -19 -20 20 -22 22 -24 -25 26 -27 27 28 29 -31
leaf_value=0.0009227614503470251 -0.0009489591851888691 0.00082823316084354058 -0.00073369270810092401 0.00086263454480407147 -0.00049915662000950603 0.00082082493172492838 -0.0021019693458497169 -0.00079480314383371963 0.00087895487139273134 0.00052723415313889025 -0.00053778367867847487 -0.0016143010028273515 -0.0016087247228080579 0.00048521355091842066 0.00033477752779920898 -0.00036211409887689498 -0.00075303466001059866 0.0010130833010547438 0.00102170024717149 0.0013743616377367924 -0.00020355250722227191 0.0001035226670368998 0.00091211397158899457 -0.00097370192436783607 0.00047460501657518189 -0.0013663126727227462 -0.00047125329023622203 0.00063316044855953849 -0.00054034313827036509 0.0008365239930571988
leaf_weight=20 24 21 35 30 22 20 21 21 30 38 37 23 22 28 21 31 38 52 24 23 26 22 21 33 107 22 99 87 58 20
leaf_count=20 24 21 35 30 22 20 21 21 30 38 37 23 22 28 21 31 38 52 24 23 26 22 21 33 107 22 99 87 58 20
internal_value=-7.37654e-13 -1.74765e-05 4.18584e-06 3.00893e-05 -0.000361945 -0.00065949 -0.00128193 -6.69189e-06 7.62369e-05 4.88681e-05 1.89371e-05 -0.000264388 -0.000505041 -0.000269302 -0.000550988 -0.000895453 8.79683e-05 0.000428263 -4.69799e-07 7.46507e-05 0.000537101 -4.88565e-05 8.1984e-06 -3.41726e-05 4.05369e-05 -0.000631395 0.000120227 -2.34036e-05 0.000245306 -0.0001873
internal_weight=1076 1056 1032 997 105 84 43 41 892 862 832 163 125 103 75 54 669 138 531 86 49 507 469 448 415 44 371 264 165 78
internal_count=1076 1056 1032 997 105 84 43 41 892 862 832 163 125 103 75 54 669 138 531 86 49 507 469 448 415 44 371 264 165 78
is_linear=0
shrinkage=0.05


Tree=110
num_leaves=31
num_cat=0
split_feature=3 1 45 31 3 19 36 64 27 14 8 18 55 55 60 71 34 53 26 56 14 68 55 16 73 41 55 59 55 15
split_gain=0.00665724 0.00794304 0.00905379 0.00735763 0.01335 0.0101403 0.00897637 0.0128212 0.0118579 0.00846739 0.00841189 0.0112086 0.00712615 0.0156092 0.0139769 0.0137808 0.00937642 0.0086042 0.00767978 0.0135877 0.0161427 0.0129247 0.012992 0.0093192 0.00849384 0.00926155 0.0116751 0.00792039 0.0133055 0.00938664
threshold=1.8180378675460818 -1.752259314060211 -2.2852385044097896 -1.6342040896415708 -0.57623496651649464 -1.7906637787818906 1.1712555885314944 0.80005282163620006 -1.572363495826721 1.7778551578521731 -1.2788853049278257 -1.2887431383132932 0.70045927166938793 1.1181696653366091 -0.25807464122772211 0.83917221426963817 -0.27454222738742823 0.54229384660720836 -0.47435082495212549 -0.85423859953880299 -0.18048124015331266 -0.92320656776428212 0.36841860413551336 0.19453924894332889 -0.72999197244644154 0.1850421875715256 -0.039202587679028504 0.064661493524909033 -0.2221143841743469 0.18283376097679141
decision_type=2 2 2 2 2 2 2 2 2 2 2 2 2 2 2 2 2 2 2 2 2 2 2 2 2 2 2 2 2 2
left_child=1 -1 -3 4 -4 -5 8 -8 -7 10 -10 -12 18 15 16 17 -15 -14 19 -13 24 -20 27 -24 -21 -26 -27 29 -29 -23
right_child=-2 2 3 5 -6 6 7 -9 9 -11 11 12 13 14 -16 -17 -18 -19 21 20 -22 22 23 -25 25 26 -28 28 -30 -31
leaf_value=-0.00079893595889032074 -0.00090370750600413888 0.0010935743973823264 0.0001672647910059563 0.00092549275514102196 -0.0014584800211077497 -0.0010045602193567902 1.7429888723608183e-05 -0.0012818407639110041 0.00082298673005068077 0.00082972000504684591 -0.00097026949321540694 0.00065770757692007464 -0.000609517783564313 0.00014613623229356914 0.00083155735990860392 0.00027877571759745481 -0.0011267458069715243 -0.0019771720302030546 0.0015053123424184464 0.00091178917602519516 -0.0012338517815805973 0.00063574255070373675 0.0014536254266204196 0.0002955373077910688 -0.00067899164117440002 0.00083346726129424173 -0.0006974992627510802 -0.00095613071353846174 0.00026726718541518176 -0.00014097772356173074
leaf_weight=29 20 20 28 32 23 25 49 31 35 38 27 48 23 39 45 20 23 23 21 20 36 82 32 38 53 33 20 43 46 74
leaf_count=29 20 20 28 32 23 25 49 31 35 38 27 48 23 39 45 20 23 23 21 20 36 82 32 38 53 33 20 43 46 74
internal_value=-5.13693e-13 1.71157e-05 4.0159e-05 1.92371e-05 -0.000565914 5.04534e-05 2.0149e-05 -0.000486037 6.81287e-05 0.000100873 6.54101e-05 2.9867e-05 6.74243e-05 -0.00021222 0.000160787 -0.000816945 -0.000326062 -0.00129334 0.00015603 -8.11669e-05 -0.000300093 0.000304277 0.000224208 0.000824949 -3.33043e-05 -0.000211624 0.000255744 5.25682e-05 -0.000323813 0.000267298
internal_weight=1076 1056 1027 1007 51 956 924 80 844 819 781 746 719 173 107 66 62 46 546 210 162 336 315 70 126 106 53 245 89 156
internal_count=1076 1056 1027 1007 51 956 924 80 844 819 781 746 719 173 107 66 62 46 546 210 162 336 315 70 126 106 53 245 89 156
is_linear=0
shrinkage=0.05


Tree=111
num_leaves=31
num_cat=0
split_feature=21 6 34 17 17 61 65 73 19 20 15 38 73 52 10 3 59 33 40 70 37 4 19 41 34 56 6 41 9 56
split_gain=0.0065764 0.0204876 0.00735587 0.00852527 0.0114047 0.0105602 0.0215437 0.0156604 0.0114964 0.0108707 0.0102127 0.0164131 0.0141709 0.0131414 0.0159049 0.0155045 0.012769 0.00986339 0.010855 0.01579 0.00942785 0.0117007 0.0092709 0.0089077 0.00804589 0.0104754 0.00914495 0.00794023 0.0075131 0.00665706
threshold=1.5389587283134463 0.44856326282024389 1.8194111585617068 1.078075170516968 0.28114676475524908 1.266246020793915 0.59897327423095714 -0.83013886213302601 -0.3516708612442016 -0.36808972060680384 0.12344282865524293 1.0449432134628298 1.0933423638343813 -0.91564074158668507 -0.74794957041740406 -0.38808180391788477 -0.73730087280273426 0.59794262051582348 -0.022308412007987496 0.27981917560100561 0.40195444226264959 -0.16632187366485593 -0.19851034879684445 1.0775896906852724 -1.065966725349426 0.23151423037052157 -0.19478936493396756 0.58222481608390819 0.73689836263656627 0.36047674715518957
decision_type=2 2 2 2 2 2 2 2 2 2 2 2 2 2 2 2 2 2 2 2 2 2 2 2 2 2 2 2 2 2
left_child=2 -2 3 4 10 6 7 -6 -9 -8 12 23 13 22 16 -16 -15 18 19 -10 21 28 -1 -12 -5 26 -26 -22 -17 -23
right_child=1 -3 -4 24 5 -7 9 8 17 -11 11 -13 -14 14 15 20 -18 -19 -20 -21 27 29 -24 -25 25 -27 -28 -29 -30 -31
leaf_value=-0.0010984600519577726 -0.0015628553691785783 0.00050491260101451826 0.0006518271864560019 0.0012212962537887506 -0.0018119097885210067 -0.0012017310229918709 -0.0001006698003038764 0.00050119997675100237 -0.00052438187537036894 0.0013073007880252433 0.0001034061882543649 -0.0011751343979787116 0.0013914175562094898 0.0018429992718328896 -0.0010809000853138665 -0.001276110171001283 0.00019909298113946405 0.00042018692807427473 -9.9824889588894124e-05 -0.0022206543489237843 0.0011064055648684088 -1.7134903672350839e-05 0.0002348814392462373 -0.00076867148225788062 -0.0010999603927346125 0.00076835988445786722 0.00031537703494541347 0.00017224387923741471 -3.5523729596976556e-05 0.0011772326919890475
leaf_weight=32 25 23 45 24 20 31 26 33 34 29 211 35 25 27 24 23 21 21 36 23 45 28 22 34 21 41 25 46 26 20
leaf_count=32 25 23 45 24 20 31 26 33 34 29 211 35 25 27 24 23 21 21 36 23 45 28 22 34 21 41 25 46 26 20
internal_value=2.91004e-12 -0.00057205 2.67105e-05 -1.90623e-06 -5.44415e-05 -0.00033728 -0.000216568 -0.000499236 -0.000320641 0.000641715 6.11612e-05 -0.000162307 0.000245736 0.00015452 0.000301933 0.000115852 0.00112379 -0.000558542 -0.000779545 -0.00120884 0.000268629 -7.43224e-05 -0.000555247 -1.76168e-05 0.000410803 0.000187219 -0.000330755 0.000634192 -0.00061784 0.000480518
internal_weight=1076 48 1028 983 872 253 222 167 147 55 619 280 339 314 260 212 48 114 93 57 188 97 54 245 111 87 46 91 49 48
internal_count=1076 48 1028 983 872 253 222 167 147 55 619 280 339 314 260 212 48 114 93 57 188 97 54 245 111 87 46 91 49 48
is_linear=0
shrinkage=0.05


Tree=112
num_leaves=31
num_cat=0
split_feature=3 1 1 2 74 48 32 14 69 41 65 43 67 19 65 18 12 63 69 49 43 70 33 64 4 66 41 65 16 68
split_gain=0.00617312 0.00695144 0.00880932 0.00904268 0.00932906 0.0077534 0.0117006 0.0107857 0.00989976 0.00645516 0.0170024 0.0173278 0.0118031 0.0116066 0.00961214 0.00652419 0.0181013 0.0098042 0.014029 0.0139193 0.0109249 0.0100718 0.0109504 0.00995491 0.00901311 0.00803754 0.00792403 0.0074665 0.00714417 0.0156431
threshold=1.8180378675460818 -1.752259314060211 -1.5820760130882261 -1.3939272761344907 1.8131399750709536 -1.310402989387512 -1.2618246674537656 -1.3776798844337461 0.6786615550518037 -1.0716177225112913 0.57029163837432872 -0.58489465713500965 -0.71014636754989613 -1.6705219745635984 -1.1917648315429685 0.058082692325115211 -0.48648385703563685 -0.074318777769803987 0.54039171338081371 0.34202650189399725 0.24390708655118945 -0.13968634605407712 0.95668742060661327 -0.11000161990523337 0.74595361948013317 0.77576902508735668 0.14968270063400271 -0.69991597533226002 -0.1899551376700401 0.35558022558689123
decision_type=2 2 2 2 2 2 2 2 2 2 2 2 2 2 2 2 2 2 2 2 2 2 2 2 2 2 2 2 2 2
left_child=1 -1 -3 -4 5 8 -7 -8 -5 10 11 12 -9 -11 -15 24 -17 26 21 20 -20 22 -19 -21 28 -23 27 -18 -16 -30
right_child=-2 2 3 4 -6 6 7 9 -10 13 -12 -13 -14 14 15 16 17 18 19 23 -22 25 -24 -25 -26 -27 -28 -29 29 -31
leaf_value=-0.00074693487213466905 -0.00087022844819330215 0.00088223401845122392 -0.0010139279505459681 0.0014256929348567095 -0.00091869574319571263 -0.000911081753383769 0.0011307633741323472 -0.00099764786059762739 -5.7895068312063817e-05 0.0011679564270889388 0.0017084884809446524 0.0011113628985938329 0.00037544255690841839 -0.000849478231086525 0.00020047433720789674 -0.0013628946819968907 0.0006097296951338649 -0.0018694256181613759 0.0003880509632290341 2.5951661640040888e-05 -0.001209789149351823 0.00028858314900259886 -0.00043177398965107625 0.0014381036028051032 0.0010547049362212419 -0.00094873691864666486 0.00075101654428925198 -0.00065516724716871986 0.00012844669668856166 -0.0014101821133711686
leaf_weight=29 20 30 21 23 25 32 23 34 22 20 20 29 29 36 247 29 20 26 20 24 23 35 27 26 25 21 55 28 53 24
leaf_count=29 20 30 21 23 25 32 23 34 22 20 20 29 29 36 247 29 20 26 20 24 23 35 27 26 25 21 55 28 53 24
internal_value=-2.23536e-12 1.64816e-05 3.80386e-05 1.26366e-05 3.47245e-05 5.97882e-05 2.79705e-05 6.23523e-05 0.000700383 3.34763e-05 0.000387206 9.9971e-05 -0.00036559 -2.01336e-05 -5.3182e-05 -1.12103e-05 -0.000169176 -5.56748e-05 -0.000258102 0.000193004 -0.000466608 -0.000642991 -0.00113704 0.000760271 0.000139966 -0.000175412 0.000341319 -0.000128127 6.93842e-05 -0.000351126
internal_weight=1076 1056 1027 997 976 951 906 874 45 851 112 92 63 739 719 683 334 305 202 93 43 109 53 50 349 56 103 48 324 77
internal_count=1076 1056 1027 997 976 951 906 874 45 851 112 92 63 739 719 683 334 305 202 93 43 109 53 50 349 56 103 48 324 77
is_linear=0
shrinkage=0.05


Tree=113
num_leaves=31
num_cat=0
split_feature=52 71 58 54 55 30 19 70 16 19 22 24 65 59 41 41 19 17 2 13 8 3 71 50 35 58 17 46 51 55
split_gain=0.00609198 0.00806369 0.00982317 0.00931899 0.0212905 0.0142338 0.0127241 0.00979784 0.00967673 0.0147109 0.0114317 0.0121579 0.0105857 0.00965606 0.0106424 0.0102381 0.0146644 0.0147107 0.0135289 0.00941703 0.00898532 0.00861336 0.0083265 0.00775055 0.00772547 0.00829408 0.00762328 0.00754579 0.0081655 0.0104458
threshold=1.8666899204254153 -1.9214451313018797 -1.9390588402748106 -0.92410346865653981 1.4987141489982607 -1.4353845715522764 -1.6705219745635984 0.96836134791374218 -0.59877574443817128 -1.1098401546478269 -0.71353158354759205 -0.49341227114200586 1.6741608977317812 -1.3681079149246214 -1.0331647396087644 0.8183199167251588 0.59383100271224987 1.078075170516968 -0.62344121932983387 -0.63342916965484608 -1.1360996365547178 0.38878808915615087 0.43691445887088781 0.79270586371421825 0.84453472495079052 -0.53540185093879689 0.29774752259254461 0.80489277839660656 0.6674601435661317 0.47540125250816351
decision_type=2 2 2 2 2 2 2 2 2 2 2 2 2 2 2 2 2 2 2 2 2 2 2 2 2 2 2 2 2 2
left_child=1 -1 -3 4 7 -5 -7 26 10 -10 11 20 13 -11 23 16 18 22 -16 -17 -8 -21 -18 -15 25 -12 -4 28 29 -20
right_child=-2 2 3 5 -6 6 8 -9 9 12 24 -13 -14 14 15 19 17 -19 27 21 -22 -23 -24 -25 -26 -27 -28 -29 -30 -31
leaf_value=-0.00083859901521997219 0.00086448998103151099 0.0010520038548169064 0.00055343212570733156 -0.0012419821991075186 -0.0018655300578324216 0.0012357431990296945 0.0011077032505206509 -0.00092663517125715622 -0.0011418451582236838 -0.001050755134581224 -0.00041102110742031073 -0.0010827183792240581 0.0010958929346608264 0.00022306315112495569 0.00072431754451827155 0.0007791089544688086 -0.0017172267814837114 0.00027098890766501428 -0.00033850736293496321 0.00024801250471716269 -4.1457330342382199e-05 -0.00096666272467700771 -0.00061018335699502917 0.0014236518717370928 0.0015736894682049753 0.00074171705043777952 -0.00040162391598789473 0.00048498953765374608 0.00023084543199518014 -0.0015298398191352254
leaf_weight=29 20 22 48 21 21 23 22 29 30 23 20 22 21 41 48 56 33 25 92 54 75 20 35 20 20 71 37 32 43 23
leaf_count=29 20 22 48 21 21 23 22 29 30 23 20 22 21 41 48 56 33 25 92 54 75 20 35 20 20 71 37 32 43 23
internal_value=-1.62069e-12 -1.63729e-05 6.84476e-06 -1.60343e-05 -0.000402547 4.39418e-05 7.57491e-05 -0.000133051 4.3449e-05 -6.28636e-05 0.000318938 -2.15095e-05 -5.67381e-06 -4.81195e-05 -3.94207e-06 -8.60659e-05 -0.000233734 -0.000766131 -2.56964e-05 0.000289919 0.000219177 -8.02781e-05 -0.00114743 0.000616699 0.000683921 0.000488368 0.000137702 -0.000215174 -0.000356979 -0.000576774
internal_weight=1076 1056 1027 1005 135 870 849 114 826 596 230 119 566 545 522 461 331 93 238 130 97 74 68 61 111 91 85 190 158 115
internal_count=1076 1056 1027 1005 135 870 849 114 826 596 230 119 566 545 522 461 331 93 238 130 97 74 68 61 111 91 85 190 158 115
is_linear=0
shrinkage=0.05


Tree=114
num_leaves=31
num_cat=0
split_feature=63 12 10 17 45 35 61 21 12 55 12 47 6 26 37 22 25 5 54 21 25 25 15 45 2 51 9 29 20 55
split_gain=0.00610273 0.00696116 0.00903637 0.00858349 0.0107149 0.00855097 0.013107 0.0123199 0.00810206 0.0110465 0.00914279 0.00831441 0.00899996 0.00997038 0.00933878 0.0080666 0.00803811 0.00931827 0.0134978 0.00960406 0.00792591 0.0171771 0.0104092 0.0132251 0.0109927 0.00963051 0.00909613 0.00920238 0.00903848 0.00840449
threshold=2.1614530086517338 2.1952847242355351 2.0551315546035771 -2.0319763422012325 1.7912449836730959 -1.7694969773292539 1.9438673853874209 1.485876798629761 0.33869306743144995 1.3462168574333193 0.23798409849405291 1.0890578627586367 0.54042908549308788 0.8517739772796632 0.23373484611511233 0.36832551658153539 1.1477078795433047 -1.3289543986320493 -0.26653906702995295 1.0734791755676272 -0.75915566086769093 -0.446311205625534 -0.86396861076354969 -0.91061711311340321 -0.84163624048233021 -1.0049968361854551 1.4970279932022097 0.43989750742912298 -0.62437206506729115 0.70045927166938793
decision_type=2 2 2 2 2 2 2 2 2 2 2 2 2 2 2 2 2 2 2 2 2 2 2 2 2 2 2 2 2 2
left_child=1 2 3 -1 5 -5 7 8 10 11 16 12 13 -10 15 -14 17 18 -7 20 25 -22 -23 -24 28 -19 27 -26 -25 -29
right_child=-2 -3 -4 4 -6 6 -8 -9 9 -11 -12 -13 14 -15 -16 -17 -18 19 -20 -21 21 22 23 24 26 -27 -28 29 -30 -31
leaf_value=0.00099704843755303476 -0.00086525289458222693 0.00073114631937421643 -0.00082060458144317676 -0.00072207502164166879 -0.0011188314512505062 0.00013267154903256928 0.0012589166364209219 -0.00092450093026414076 0.00087198795356608217 0.0014064194967171977 -0.0008567886397941038 -0.00065215230174362664 -0.0013237565732561053 -0.00037163999513722956 0.00046207540165973688 7.9323729455825834e-05 -0.00074738583873223627 -0.0002494324708823115 -0.0013906229479918974 0.0011993331206031144 -0.00099330784511179318 -0.00053551739232110171 0.0014594994694925845 0.0016149758128449323 -0.00036210600649343877 0.0011123766837487425 0.00090016739492197176 0.00047324520506328722 0.00018024501588787762 -0.0006634472755831667
leaf_weight=22 20 33 33 37 21 33 22 33 83 21 32 25 20 20 41 21 33 20 26 20 39 54 20 21 133 37 26 87 23 20
leaf_count=22 20 33 33 37 21 33 22 33 83 21 32 25 20 20 41 21 33 20 26 20 39 54 20 21 133 37 26 87 23 20
internal_value=2.40644e-12 1.63874e-05 -6.66937e-06 2.04618e-05 -1.73335e-06 2.30386e-05 5.33345e-05 2.34664e-05 6.00546e-05 0.000313026 -3.35933e-05 0.000203686 0.00031934 0.000630507 -7.15151e-05 -0.000605106 1.09037e-05 5.56686e-05 -0.000538611 0.000125794 8.10627e-05 6.47946e-06 0.00010802 0.000213327 0.000132928 0.000634549 1.18332e-05 -8.4403e-05 0.000865003 0.000260779
internal_weight=1076 1056 1023 990 968 947 910 888 855 231 624 210 185 103 82 41 592 559 59 500 480 423 384 330 310 57 266 240 44 107
internal_count=1076 1056 1023 990 968 947 910 888 855 231 624 210 185 103 82 41 592 559 59 500 480 423 384 330 310 57 266 240 44 107
is_linear=0
shrinkage=0.05


Tree=115
num_leaves=31
num_cat=0
split_feature=48 65 13 21 28 31 21 17 32 42 40 40 28 39 39 55 14 12 60 45 22 32 12 17 35 42 25 40 44 69
split_gain=0.00630081 0.0231727 0.0065826 0.00561706 0.00678846 0.0076148 0.00902684 0.00851935 0.00789616 0.0082119 0.00988698 0.012667 0.0097559 0.0105729 0.0087516 0.014661 0.00795632 0.0118627 0.00963434 0.0108723 0.00859455 0.00879416 0.0116428 0.0113054 0.0080284 0.00797057 0.00777261 0.00717265 0.0110504 0.0108428
threshold=-1.3645224571228025 0.91472569108009349 -1.4283157587051389 -2.4675463438034053 2.3677934408187871 0.39583545923233038 1.4146980047225954 1.7703931331634524 -1.1743977069854734 -0.9674609601497649 -0.29950384795665735 -0.35845622420310969 -0.29310564696788782 -1.1076453924179075 -0.49172632396221155 -0.38477516174316401 1.1735935807228091 -0.60075989365577687 1.356712877750397 1.0538239479064944 -0.60901325941085804 0.33007037639617925 0.23798409849405291 -0.52618846297264088 -0.24102996289730069 0.68295973539352428 -0.01021332200616598 -0.96364980936050404 -0.17461656033992765 0.87052518129348766
decision_type=2 2 2 2 2 2 2 2 2 2 2 2 2 2 2 2 2 2 2 2 2 2 2 2 2 2 2 2 2 2
left_child=1 -1 -2 -4 5 6 7 8 -5 26 11 12 13 -11 -15 -16 17 24 19 20 -19 23 -23 -22 -12 -18 -10 -7 -29 -30
right_child=2 -3 3 4 -6 27 -8 -9 9 10 16 -13 -14 14 15 -17 25 18 -20 -21 21 22 -24 -25 -26 -27 -28 28 29 -31
leaf_value=0.00043569689360447228 0.00086166208126561969 -0.0018476906279101969 0.00083577246608911081 -0.0010013878259443395 -0.00080781920024981877 0.0008813981933053583 -0.0011366243066731842 0.00090890702135352933 0.00128942354127676 0.0009932269876298961 0.00012462209513712977 -0.0016055910011345987 -0.001015698081755545 -0.00117334282050641 0.0010714380830077889 -0.00044811727044968093 -0.0013220186709077099 0.0015121399264206134 -0.00067103719550438902 -0.00061606356460040183 0.0010131606657523661 0.0014352206945324342 0.00021306903981894721 -0.00032795049678745934 -0.00090353181173365247 1.7151687643490732e-05 1.6908874775773647e-05 -0.00020309024093085497 0.00024318201724689563 0.0014384072104638274
leaf_weight=25 23 20 20 23 26 35 20 22 21 20 37 20 34 21 22 57 20 21 22 22 22 38 40 55 39 25 28 138 138 22
leaf_count=25 23 20 20 23 26 35 20 22 21 20 37 20 34 21 22 57 20 21 22 22 22 38 40 55 39 25 28 138 138 22
internal_value=1.20838e-12 -0.000579142 2.52778e-05 6.19361e-06 -1.05995e-05 1.0947e-05 -9.14079e-05 -5.70822e-05 -9.32862e-05 -5.62537e-05 -0.000115104 -0.000421795 -0.000268055 -5.62226e-05 -0.000266112 -2.495e-05 4.13895e-05 0.000135559 0.000321601 0.000431894 0.000562888 0.00043428 0.000808476 5.52241e-05 -0.000402983 -0.000578035 0.000562272 0.000204284 0.000124757 0.000407525
internal_weight=1076 45 1031 1008 988 962 629 609 587 564 515 174 154 120 100 79 341 296 220 198 176 155 78 77 76 45 49 333 298 160
internal_count=1076 45 1031 1008 988 962 629 609 587 564 515 174 154 120 100 79 341 296 220 198 176 155 78 77 76 45 49 333 298 160
is_linear=0
shrinkage=0.05


Tree=116
num_leaves=31
num_cat=0
split_feature=3 10 10 41 10 47 44 36 49 24 14 10 68 28 7 19 74 19 25 68 66 41 41 68 64 26 64 37 73 64
split_gain=0.00604029 0.00615489 0.0120484 0.00682289 0.00985129 0.00836794 0.00832768 0.0124861 0.0081404 0.00821425 0.00892251 0.00776516 0.00857755 0.0115896 0.00772726 0.00843292 0.00746877 0.00969613 0.00962352 0.00716562 0.00613225 0.00566093 0.00987542 0.00979495 0.0172358 0.0139917 0.0110357 0.0102089 0.0112069 0.00776816
threshold=1.8180378675460818 2.2414097785949711 1.8581215739250185 1.0775896906852724 0.60048657655715953 -0.75057178735733021 -0.4571766853332519 0.50268694758415233 -1.9128973484039304 -1.3628730177879331 -1.329192519187927 0.098791524767875685 1.1009922623634341 0.013151363935321571 0.35002961754798895 0.10997056216001512 -0.11519742384552954 0.61304450035095226 0.38074482977390295 -0.070321347564458833 -0.0473116748034954 0.79387947916984569 0.61299586296081554 0.67912945151329052 0.77024564146995556 -0.44150133430957789 0.16824458539485934 0.14902039617300036 1.0000000180025095e-35 -0.38054843246936793
decision_type=2 2 2 2 2 2 2 2 2 2 2 2 2 2 2 2 2 2 2 2 2 2 2 2 2 2 2 2 2 2
left_child=1 2 3 4 8 -6 -5 -8 -1 -10 -11 12 21 -14 -7 -16 18 19 -13 -18 -17 22 23 24 27 -26 -25 29 -29 -12
right_child=-2 -3 -4 6 5 14 7 -9 9 10 11 16 13 -15 15 20 17 -19 -20 -21 -22 -23 -24 26 25 -27 -28 28 -30 -31
leaf_value=0.00076860764282614446 -0.00086081455941894097 0.00080786094901365377 -0.0010444135849226128 -0.0010807771323665552 -0.00035694828361906383 0.001376595652524244 0.00036842394793781927 -0.00080165711881004665 -0.0007930591095560779 0.00089401123394189342 9.1360163912553377e-05 -0.0015416704796662089 7.6791911463563645e-05 -0.001454717797293727 0.00088551443610492215 0.00053503543715037059 -0.000434580424021428 -0.00091228432619783022 -0.00018026760986281768 0.00061689870821875204 -0.00064673418604323403 0.00075074604845961886 -0.00084490784599135314 7.4294154797999428e-05 5.5724969738198878e-05 -0.001569352978926704 0.0017154009698424491 -0.00098487168515930539 0.0001771991246210222 0.0007131012557782051
leaf_weight=33 20 24 27 28 26 27 57 38 34 27 99 25 30 21 46 21 26 26 27 43 23 34 27 21 26 27 20 32 59 102
leaf_count=33 20 24 27 28 26 27 57 38 34 27 99 25 30 21 46 21 26 26 27 43 23 34 27 21 26 27 20 32 59 102
internal_value=-2.90261e-13 1.63033e-05 -2.10501e-06 2.58973e-05 7.4548e-05 0.000454419 -0.000322964 -9.96085e-05 1.04115e-06 -3.48366e-05 3.52585e-06 -3.37503e-05 6.05058e-05 -0.00055383 0.000634723 0.000412161 -0.000353067 -8.93878e-05 -0.000834788 0.000220689 -8.27078e-05 0.000130598 7.95444e-05 0.000144208 5.73802e-05 -0.000772145 0.000874834 0.000207945 -0.000231441 0.000406871
internal_weight=1076 1056 1032 1005 882 143 123 95 739 706 672 645 498 51 117 90 147 95 52 69 44 447 413 386 345 53 41 292 91 201
internal_count=1076 1056 1032 1005 882 143 123 95 739 706 672 645 498 51 117 90 147 95 52 69 44 447 413 386 345 53 41 292 91 201
is_linear=0
shrinkage=0.05


Tree=117
num_leaves=31
num_cat=0
split_feature=69 48 24 45 14 17 66 69 23 61 10 71 6 39 69 54 54 34 66 21 22 67 48 21 48 45 12 44 4 66
split_gain=0.00566763 0.00912424 0.00618985 0.00694563 0.00661215 0.00926122 0.00713766 0.00954322 0.00859495 0.00776979 0.0103962 0.0128061 0.0087546 0.00816227 0.00647293 0.0117156 0.00831896 0.0100334 0.00730768 0.00741866 0.00726222 0.00651925 0.00621548 0.00737339 0.00595099 0.00846511 0.00820603 0.00820125 0.0076504 0.00868307
threshold=1.9120565056800845 -1.3645224571228025 2.0635768175125127 1.7912449836730959 -1.3167442083358762 0.10687825456261636 -1.2978529334068296 -0.92369773983955372 0.4271377176046372 -1.1857819557189939 -0.74794957041740406 -0.90352389216423024 1.7396101951599123 -1.7861724495887754 -0.62924864888191212 -0.53659692406654347 1.3699408769607546 0.20835878700017932 -1.0943852663040159 -1.0791716575622556 -0.23195742815732953 -0.78192415833473194 0.84463146328926098 -0.56632262468338002 -1.1145433187484739 0.0651424676179886 0.57405564188957225 0.48180253803730017 0.98064669966697704 -0.64548060297965992
decision_type=2 2 2 2 2 2 2 2 2 2 2 2 2 2 2 2 2 2 2 2 2 2 2 2 2 2 2 2 2 2
left_child=1 -1 3 4 5 -3 7 -6 -9 10 -8 -12 13 -11 15 -15 17 20 -16 -20 -17 -19 23 -21 -25 -26 28 -28 29 -27
right_child=-2 2 -4 -5 6 -7 9 8 -10 12 11 -13 -14 14 18 16 -18 21 19 22 -22 -23 -24 24 25 26 27 -29 -30 -31
leaf_value=-0.00078063611198510784 0.00065545025067876856 0.0013626497516053774 0.00070419446480715837 -0.00089180876397718263 0.00033533494487138736 -0.00012229196949019319 0.00019304040548819547 -0.0016520731627348473 -0.00021991805231664333 0.0010516534091121602 -0.00017102430809665329 -0.0018101089559918781 -0.00072939891081963046 0.00071333858563944145 0.001065300646171506 -0.00057576333840968024 0.00048637105268426237 0.00055132711505783457 0.0008789604965325755 -0.00063850382530990138 -0.0017748393816873433 -0.00064367345068603752 0.00067676958532478574 0.00088043036706618623 -0.0002467352262592952 0.00091664907494334565 0.00108802244001047 -0.00013309831963852049 -0.00087349799578078095 -1.0010326620238923e-05
leaf_weight=38 32 21 31 22 21 21 37 22 20 22 26 22 33 27 21 28 20 21 30 39 23 25 39 22 161 31 44 20 20 137
leaf_count=38 32 21 31 22 21 21 37 22 20 22 26 22 33 27 21 28 20 21 30 39 23 25 39 22 161 31 44 20 20 137
internal_value=-8.78136e-13 -2.00904e-05 8.63794e-06 -1.34772e-05 6.79908e-06 0.000620179 -2.14797e-05 -0.000534951 -0.000970095 1.66674e-05 -0.000436783 -0.000922271 6.71828e-05 0.000103193 7.37207e-05 -0.00022548 -0.00044213 -0.000633574 0.000150112 0.000114718 -0.00111652 -9.81297e-05 7.00258e-05 2.01038e-05 7.91514e-05 3.64683e-05 0.000217404 0.000706422 5.09295e-05 0.00016098
internal_weight=1076 1044 1006 975 953 42 911 63 42 848 85 48 763 730 708 144 117 97 564 543 51 46 513 474 435 413 252 64 188 168
internal_count=1076 1044 1006 975 953 42 911 63 42 848 85 48 763 730 708 144 117 97 564 543 51 46 513 474 435 413 252 64 188 168
is_linear=0
shrinkage=0.05


Tree=118
num_leaves=31
num_cat=0
split_feature=53 13 55 55 6 30 23 15 19 70 33 7 29 74 21 32 39 62 8 59 8 55 49 43 43 59 46 46 20 63
split_gain=0.00537651 0.00619876 0.0060626 0.0113586 0.00850439 0.00827536 0.00749456 0.0161653 0.0129724 0.00786138 0.00765486 0.00744788 0.00746245 0.00741145 0.0119955 0.0107433 0.00869527 0.00833654 0.0178725 0.014359 0.0107576 0.0127436 0.00839692 0.00674452 0.0152544 0.0117657 0.0102615 0.0112688 0.011247 0.00945739
threshold=1.8005895614624026 -1.4283157587051389 1.1364096999168398 0.82271796464920055 -0.17018672078847882 -1.3989309072494505 -1.4082790613174436 -1.2296400666236875 1.6604517698287966 0.85003226995468151 -0.59930807352066029 -0.4536058902740478 0.2498058155179024 1.0298016071319582 -1.685946464538574 0.61995798349380504 -0.51569551229476918 -0.071404654532670961 0.51086881756782543 0.80371016263961803 -0.63156360387802113 0.24623625725507739 -0.015023511834442614 0.28175775706768041 0.77816349267959606 -0.1623820289969444 1.1427845954895022 0.60787072777748119 1.0928666591644289 -0.29155208170413965
decision_type=2 2 2 2 2 2 2 2 2 2 2 2 2 2 2 2 2 2 2 2 2 2 2 2 2 2 2 2 2 2
left_child=1 -1 3 5 -5 -3 7 -7 13 10 -9 -4 -13 14 -8 16 -15 18 20 23 21 -16 -22 26 29 -26 27 28 -19 -25
right_child=-2 2 11 4 -6 6 8 9 -10 -11 -12 12 -14 15 17 -17 -18 19 -20 -21 22 -23 -24 24 25 -27 -28 -29 -30 -31
leaf_value=0.00083250691355003618 -0.00060073055752177934 -0.00079465960607781345 -0.00026722262805378705 -0.0014901838363254106 -0.00024238942488510578 0.00074880635154179554 0.0014013408496975901 -0.0019286772521445528 -0.0010810258431972572 -1.9465579243842511e-05 -0.00056187456828497709 0.0013688745467031064 0.00028523348229739101 -0.00079628457566617399 0.0002574735951029806 -0.0009852514956625836 0.00035372972763770335 -0.00018036508334002326 0.0015209634795845036 -0.00094661849767102731 0.00029954198022175621 0.0016917233383061275 -0.00067829791999732454 0.0015690532223931676 0.00045843011913044998 -0.00098028403676666881 0.00098944167090978994 -0.0011015155674873054 0.0010357363283136775 0.000420861179071003
leaf_weight=23 36 31 32 22 36 22 20 20 23 20 21 24 47 22 59 34 65 140 31 35 46 21 42 29 30 27 21 28 22 47
leaf_count=23 36 31 32 22 36 22 20 20 23 20 21 24 47 22 59 34 65 140 31 35 46 21 42 29 30 27 21 28 22 47
internal_value=-1.84333e-12 2.07945e-05 2.43721e-06 -3.8544e-05 -0.000715691 7.33746e-06 3.74731e-05 -0.000413114 8.78757e-05 -0.000832168 -0.00122861 0.000366096 0.000651535 0.000125268 0.000197478 -0.000231606 6.29215e-05 0.000155822 0.000417876 1.82257e-05 0.000214331 0.000633964 -0.000167154 0.000116393 0.00039525 -0.000223066 -5.93795e-05 -0.000175302 -1.52155e-05 0.000858987
internal_weight=1076 1040 1017 914 58 856 825 83 742 61 41 103 71 719 598 121 87 578 199 379 168 80 88 344 133 57 211 190 162 76
internal_count=1076 1040 1017 914 58 856 825 83 742 61 41 103 71 719 598 121 87 578 199 379 168 80 88 344 133 57 211 190 162 76
is_linear=0
shrinkage=0.05


Tree=119
num_leaves=31
num_cat=0
split_feature=3 1 45 74 74 33 11 19 17 36 36 52 8 8 13 6 33 5 3 17 43 49 26 11 68 22 30 34 41 41
split_gain=0.00585845 0.00634891 0.00737237 0.00635609 0.00874544 0.00782456 0.0116687 0.0110658 0.00805575 0.00794253 0.00927582 0.0085689 0.0104103 0.00892611 0.00830674 0.0070874 0.00607673 0.00891963 0.00725139 0.0067063 0.00736123 0.0127005 0.00857431 0.00749244 0.00585595 0.00573182 0.0137383 0.0089893 0.00671395 0.0135648
threshold=1.8180378675460818 -1.752259314060211 -2.2852385044097896 -2.0371680259704585 -1.6351922154426572 -1.1765415668487547 -0.062741352245211587 -1.5592736601829527 -1.0125167369842527 1.426005005836487 1.9481226801872256 -1.5835115909576414 -1.1360996365547178 -1.0160124301910398 -1.2154632806777952 -0.92327186465263356 1.3110020756721499 0.53262251615524303 -1.1947790980339048 0.92136925458908092 -0.25699646770954127 0.18047563731670382 -0.47756373882293696 0.4918272346258164 0.75037983059883129 -0.8631223440170287 -0.56477066874504078 -0.51194080710411061 1.0609276890754702 0.40347205102443701
decision_type=2 2 2 2 2 2 2 2 2 2 2 2 2 2 2 2 2 2 2 2 2 2 2 2 2 2 2 2 2 2
left_child=1 -1 -3 -4 -5 6 8 -7 -6 11 -11 -9 -13 -14 -15 -16 18 -18 -17 20 21 22 -20 -23 -24 -22 27 -27 29 -28
right_child=-2 2 3 4 5 7 -8 9 -10 10 -12 12 13 14 15 16 17 -19 19 -21 25 23 24 -25 -26 26 28 -29 -30 -31
leaf_value=-0.00071352566712824957 -0.00084775854251347479 0.00098723625706043094 0.00085831564131446866 -0.0009058220177673949 -0.00096403234776516918 0.0010297650724231942 -0.0014853662834502757 -0.00085528442765886816 0.00022329924296354874 -0.0013126592840189521 5.3764402292910277e-05 0.00092235704611772938 -0.00088560973379874983 0.0009549787105815658 0.00078701856000407133 -0.00081989609084471508 0.001307311531325633 -4.8965013653893645e-05 -0.00049120291437897579 0.0005009272221968786 -0.00043793070521628988 -0.0015246058252939424 0.00066051755370015452 -0.00027523582809538185 -0.00036430061649298298 0.00041570974572096024 -0.00023502545451928176 0.0017139756566029972 -0.00054874609143654304 0.00062880479013016806
leaf_weight=29 20 20 22 26 20 29 20 24 50 23 27 37 24 27 32 27 22 27 56 64 44 28 46 21 20 40 107 20 45 79
leaf_count=29 20 20 22 26 20 29 20 24 50 23 27 37 24 27 32 27 22 27 56 64 44 28 46 21 20 40 107 20 45 79
internal_value=-1.29121e-12 1.6056e-05 3.66577e-05 1.77782e-05 -9.95183e-07 2.35361e-05 -0.000420256 6.94984e-05 -0.000115938 3.63464e-05 -0.00057479 7.50259e-05 0.000104174 6.26476e-05 9.49287e-05 6.06789e-05 2.46992e-05 0.000559975 -1.92347e-05 1.86914e-05 -4.23029e-05 -0.000309231 -3.6144e-05 -0.000989162 0.000349967 9.39499e-05 0.000174372 0.000848465 -7.174e-07 0.00013187
internal_weight=1076 1056 1027 1007 985 959 90 869 70 840 50 790 766 729 705 678 646 49 597 570 506 171 122 49 66 335 291 60 231 186
internal_count=1076 1056 1027 1007 985 959 90 869 70 840 50 790 766 729 705 678 646 49 597 570 506 171 122 49 66 335 291 60 231 186
is_linear=0
shrinkage=0.05


Tree=120
num_leaves=31
num_cat=0
split_feature=63 2 2 23 34 55 68 55 35 2 31 2 1 68 8 8 2 47 54 4 2 71 22 64 39 64 45 70 61 65
split_gain=0.00527347 0.00596814 0.00776707 0.0109885 0.00925172 0.00814933 0.00659661 0.00625195 0.00593405 0.00696479 0.0105456 0.00946397 0.00854856 0.0115992 0.0109072 0.0103408 0.00786604 0.00878135 0.00772437 0.00761768 0.011368 0.0108666 0.0129417 0.00915117 0.00778077 0.0077821 0.00700432 0.00682369 0.00676721 0.0115205
threshold=2.1614530086517338 2.4044257402420048 1.2750426530838015 -0.1819643899798393 1.8194111585617068 1.9333024621009829 0.39960072934627539 1.5905010104179385 -2.3366985321044917 -1.3107185959815977 -0.60752931237220753 -1.1833459734916685 -1.1421197056770322 0.78189969062805187 -1.1132622957229612 -1.0317266583442686 -0.64298972487449635 0.15217803418636325 1.2963945865631106 0.32697667181491857 0.21887854486703875 0.88849371671676647 0.67017588019371044 -0.75377765297889698 -0.1550604850053787 0.18413691222667697 -0.35977405309677118 0.39173918962478643 -0.36155703663825983 0.72013273835182201
decision_type=2 2 2 2 2 2 2 2 2 2 2 2 2 2 2 2 2 2 2 2 2 2 2 2 2 2 2 2 2 2
left_child=1 2 4 -4 5 7 -5 8 -1 10 -10 26 13 -13 -14 -16 27 18 19 20 23 22 -21 -18 25 -25 -11 -17 -19 -30
right_child=-2 -3 3 6 -6 -7 -8 -9 9 11 -12 12 14 -15 15 16 17 28 -20 21 -22 -23 -24 24 -26 -27 -28 -29 29 -31
leaf_value=-0.0008079014988404444 -0.00080432066577486696 0.00083013764180412352 -0.0013399333402048796 -0.00057421050944619554 0.00082535191872415859 0.00086383941169414268 0.00046920975093728756 -0.00087038964099649867 0.0010751401074230672 -0.0013933467007951723 -0.00021098144274479377 -8.0170268216645535e-05 0.00080537697645013397 -0.0014846841150539974 -0.0010416226167184173 0.0001536565569300105 -0.0011045793855252366 -0.0002034978773515446 0.00074810449572396468 -0.0014705807680498268 0.00052542302960150496 0.00027176242050093913 -7.0112079138989037e-06 0.00084937176635039267 -0.00062034916922223211 -0.0004326707516156603 -0.00010195348697293195 0.0010516380264615529 0.0006740567590076443 -0.00027436216090184952
leaf_weight=22 20 22 25 33 36 27 28 21 37 21 28 49 48 21 22 56 30 66 20 44 54 24 23 29 39 20 21 34 111 45
leaf_count=22 20 22 25 33 36 27 28 21 37 21 28 49 48 21 22 56 30 66 20 44 54 24 23 29 39 20 21 34 111 45
internal_value=2.68842e-12 1.52333e-05 -2.10504e-06 -0.000457086 3.91696e-05 8.1361e-06 -9.52635e-05 -1.79701e-05 2.74843e-06 2.39293e-05 0.000521119 -1.76631e-05 2.40504e-05 -0.000501524 7.93741e-05 2.28942e-05 6.22544e-05 -1.44932e-05 -0.00019916 -0.000271195 -7.54639e-05 -0.000641148 -0.000968161 -0.000350446 -9.33551e-05 0.000326089 -0.00074765 0.000492894 0.000220915 0.000400474
internal_weight=1076 1056 1034 86 948 912 61 885 864 842 65 777 735 70 665 617 595 505 283 263 172 91 67 118 88 49 42 90 222 156
internal_count=1076 1056 1034 86 948 912 61 885 864 842 65 777 735 70 665 617 595 505 283 263 172 91 67 118 88 49 42 90 222 156
is_linear=0
shrinkage=0.05


Tree=121
num_leaves=31
num_cat=0
split_feature=3 1 45 60 24 2 61 47 58 37 65 21 23 35 58 11 3 58 65 43 6 68 48 1 26 36 35 49 35 20
split_gain=0.00538746 0.00584265 0.00655375 0.00637181 0.00871265 0.00733095 0.0122752 0.0153847 0.0076565 0.00865225 0.00791938 0.00779415 0.00699469 0.00639298 0.00604241 0.00517774 0.00740038 0.0054378 0.00634143 0.00625559 0.00679161 0.0100263 0.0076706 0.00492422 0.00491251 0.0140731 0.00984176 0.00675804 0.00812101 0.00689303
threshold=1.8180378675460818 -1.752259314060211 -2.2852385044097896 -2.1635925769805904 -1.3628730177879331 -1.3107185959815977 -1.1857819557189939 -0.32017758488655085 -1.3134365677833555 1.5926902294158938 1.7803887724876406 -0.95640286803245533 -1.4082790613174436 -0.26370210945606226 0.41919377446174627 -1.6812093853950498 -1.3041394352912901 -1.1239752173423765 1.3491192460060122 1.4228823184967043 0.88857874274253856 0.54145678877830516 -0.1366431042551994 0.20143483579158786 -0.80217397212982167 -0.95444935560226429 0.27250908315181738 1.0031619369983675 0.61629933118820202 0.27149702608585363
decision_type=2 2 2 2 2 2 2 2 2 2 2 2 2 2 2 2 2 2 2 2 2 2 2 2 2 2 2 2 2 2
left_child=1 -1 -3 -4 -5 -6 7 -7 -8 10 11 14 -13 -9 -10 -14 -17 -18 19 20 24 22 -22 -24 25 -19 -27 28 -26 -29
right_child=-2 2 3 4 5 6 8 13 9 -11 -12 12 15 -15 -16 16 17 18 -20 -21 21 -23 23 -25 27 26 -28 29 -30 -31
leaf_value=-0.0006844922261922781 -0.00081296657670463894 0.00093141059071058421 0.00087917741814938694 -0.00081252790450889742 0.00070673184887518319 -0.0014005101200275343 0.00076755266523428466 0.00064582587524671998 9.0933786570810931e-05 -0.00077059217517010201 0.00097002829526267624 -0.00085451928722856492 0.00080662295629736031 -0.00054874727017401417 0.0011796215339563787 -0.00076404306779412801 0.00083862200335715897 0.00039804546848042972 -0.00070799225824885075 0.00082789718677910669 -0.0012774235208780739 0.0002509685042443582 -0.00079359403054695592 0.00031593531486578285 0.00012241359570924821 -0.0016435815483245757 -0.00017531269462779165 0.00011431197563069873 0.00073387375003171849 -0.0010689660860225558
leaf_weight=29 20 20 21 32 38 34 36 21 26 33 23 24 20 24 25 31 20 45 30 24 32 45 20 20 212 21 25 32 73 20
leaf_count=29 20 20 21 32 38 34 36 21 26 33 23 24 20 24 25 31 20 45 30 24 32 45 20 20 212 21 25 32 73 20
internal_value=7.1965e-13 1.53971e-05 3.51603e-05 1.73599e-05 -9.95264e-07 2.6226e-05 -2.00464e-06 -0.000597784 5.42278e-05 2.21683e-05 5.62322e-05 2.8021e-05 -1.58201e-05 8.7202e-06 0.000624604 1.42229e-05 -1.01587e-05 2.75965e-05 5.17136e-07 3.78726e-05 3.08257e-06 -0.000334506 -0.000700427 -0.000238829 9.53672e-05 -0.000230615 -0.000845609 0.000183392 0.000279033 -0.000340795
internal_weight=1076 1056 1027 1007 986 954 916 79 837 801 768 745 694 45 51 670 650 619 599 569 545 117 72 40 428 91 46 337 285 52
internal_count=1076 1056 1027 1007 986 954 916 79 837 801 768 745 694 45 51 670 650 619 599 569 545 117 72 40 428 91 46 337 285 52
is_linear=0
shrinkage=0.05


Tree=122
num_leaves=31
num_cat=0
split_feature=12 63 21 71 7 62 38 3 7 35 36 35 16 35 64 14 38 38 63 43 41 46 60 42 69 31 26 24 13 49
split_gain=0.00533685 0.0118604 0.0112603 0.00837742 0.0080043 0.012726 0.00972788 0.00901518 0.0117069 0.00836746 0.00895804 0.00823251 0.00790081 0.00963422 0.0108602 0.00787297 0.00632173 0.0100052 0.00838475 0.0148698 0.00899416 0.00815165 0.00843678 0.0190708 0.0107286 0.0130092 0.00842299 0.0116233 0.00953467 0.0076256
threshold=-0.33998906612396235 1.3117192983627322 -1.7964776158332822 1.19103080034256 -0.87404212355613697 -0.77701550722122181 -0.70009687542915333 -0.50878700613975514 0.018439720384776596 0.21731761842966082 -0.37076492607593531 -0.3944378644227981 -0.58408647775650013 0.84453472495079052 0.39157080650329595 -0.76151242852210987 2.0414836406707768 1.483072102069855 -0.80006167292594899 -1.092297315597534 -1.1519568562507627 0.19375527650117877 -0.25807464122772211 -0.093724168837070451 0.39823400974273687 0.051639914512634284 1.1999861598014834 0.69037336111068737 -0.66266614198684681 0.14201683551073077
decision_type=2 2 2 2 2 2 2 2 2 2 2 2 2 2 2 2 2 2 2 2 2 2 2 2 2 2 2 2 2 2
left_child=1 2 -1 4 6 -6 -4 -7 -9 11 -11 -10 13 14 -2 -13 17 18 20 -20 -14 22 23 -21 29 -26 27 28 -23 -24
right_child=12 -3 3 -5 5 7 -8 8 9 10 -12 15 16 -15 -16 -17 -18 -19 19 21 -22 26 24 -25 25 -27 -28 -29 -30 -31
leaf_value=0.0010408821041478819 -8.3571700228136396e-05 -0.0010314462831421919 -0.001597926354346176 0.00048073907422076446 0.0004972683665661915 0.00044633482429002041 -0.00028504585037765983 -0.0013793984369840475 7.6039173897394607e-05 0.00065772426629287983 -0.00046653199790264757 -0.00040025098798131308 -0.001336236869350874 0.0014702739473432304 0.0011426930148154498 -0.0017693804466121254 0.00077216612363162525 -0.00085560435194672799 0.0011735077365301551 -5.889349887621831e-05 -0.000103175338357687 0.0009756881002844736 0.00016639153891446768 -0.0017528370599999715 -0.00054640923432695376 0.00093655197107000282 -0.00026974654306699948 0.00118869943002802 -0.00030408799546759923 -0.00090899474145022825
leaf_weight=22 65 34 21 50 68 34 43 28 24 37 34 21 21 20 25 21 26 34 31 54 50 22 32 24 21 50 44 43 43 34
leaf_count=22 65 34 21 50 68 34 43 28 24 37 34 21 21 20 25 21 26 34 31 54 50 22 32 24 21 50 44 43 43 34
internal_value=-1.81087e-12 -0.000134653 -5.8993e-05 -0.000122503 -0.000213627 -9.32477e-05 -0.000715835 -0.000295032 -0.000447799 -0.000257399 0.000119348 -0.000662687 9.20867e-05 0.000477642 0.000257057 -0.00108482 1.19144e-05 -2.73829e-05 3.26588e-05 0.000121951 -0.000467884 3.31279e-05 -0.000165008 -0.000580107 7.13264e-05 0.00049793 0.000313385 0.000550958 0.000129067 -0.000387595
internal_weight=1076 437 403 381 331 267 64 199 165 137 71 66 639 110 90 42 529 503 469 398 71 367 215 78 137 71 152 108 65 66
internal_count=1076 437 403 381 331 267 64 199 165 137 71 66 639 110 90 42 529 503 469 398 71 367 215 78 137 71 152 108 65 66
is_linear=0
shrinkage=0.05


Tree=123
num_leaves=31
num_cat=0
split_feature=52 71 58 53 35 13 8 8 50 18 60 35 72 23 61 3 23 28 72 61 59 72 29 64 24 46 63 1 45 23
split_gain=0.00532759 0.00628154 0.00801567 0.00958442 0.00659337 0.00607059 0.00479783 0.0102332 0.00917537 0.00858844 0.00961618 0.00755086 0.00630462 0.00811895 0.0113428 0.00924202 0.00777314 0.007303 0.00630111 0.0099075 0.00896815 0.00979126 0.0115468 0.0105206 0.00925671 0.0118024 0.00849269 0.00637998 0.00579334 0.00535988
threshold=1.8666899204254153 -1.9214451313018797 -1.9390588402748106 1.8005895614624026 -2.029660582542419 -1.4283157587051389 -1.1132622957229612 -1.0383758544921873 -0.68934887647628773 -1.0892496705055235 -0.5206196904182433 -0.2791465818881988 -0.58273953199386586 0.02063739858567715 0.030488926917314533 0.65065589547157299 -1.4295263290405271 0.24058414250612262 0.14128154516220096 -0.27049642801284784 0.057628085836768157 0.72758507728576671 0.25579138100147253 0.3860336840152741 -0.1197681315243244 0.10147587209939958 0.37182514369487768 -0.39208178222179407 0.33600188791751867 -0.32814964652061457
decision_type=2 2 2 2 2 2 2 2 2 2 2 2 2 2 2 2 2 2 2 2 2 2 2 2 2 2 2 2 2 2
left_child=1 -1 -3 4 -4 -6 8 -8 -7 10 -9 -10 13 14 29 17 -14 -15 19 28 21 27 -23 -24 -22 -26 -27 -20 -18 -11
right_child=-2 2 3 -5 5 6 7 9 11 12 -12 -13 16 15 -16 -17 18 -19 20 -21 24 22 23 -25 25 26 -28 -29 -30 -31
leaf_value=-0.00074101159076110038 0.00080843707488384106 0.00094929912067775806 -0.00080547991713804867 -0.00085349029184065076 0.00085455647720002821 0.0011564663145691156 -0.0010820664975116497 -0.001466804844676517 0.00065104710822197378 0.00077765512812350479 -9.9394149340999627e-05 -0.0007064389914462698 -0.00071074611164237324 8.9000018952572918e-05 0.0017483688271022404 0.00096535580058116461 -0.00035218353658037394 -0.0010325448565362465 0.00018731775844935329 3.1970822727336427e-05 -0.00070329544181004173 0.00048404837566825643 5.1611227270147611e-05 -0.0013471669715363534 0.0008262989108098319 0.00040332922932347656 -0.00092682476575386584 0.0011759326416296897 -0.0013353074950155925 -0.0002940471144393087
leaf_weight=29 20 22 24 33 22 26 22 20 20 28 36 21 38 47 20 20 43 21 25 162 50 90 41 20 37 21 28 47 23 20
leaf_count=29 20 22 24 33 22 26 22 20 20 28 36 21 38 47 20 20 43 21 25 162 50 90 41 20 37 21 28 47 23 20
internal_value=-6.30962e-13 -1.53113e-05 5.18071e-06 -1.54866e-05 1.29642e-05 3.36843e-05 1.41819e-05 -1.76035e-05 0.000421699 1.03752e-05 -0.000587755 -4.42507e-05 5.3263e-05 0.000337612 0.000747953 2.05304e-05 -1.77105e-05 -0.000257359 2.71538e-05 -0.000178407 0.000157705 0.000352865 0.000124087 -0.000407005 -0.000162301 0.000152231 -0.000356759 0.000832664 -0.000694787 0.000331113
internal_weight=1076 1056 1027 1005 972 948 926 859 67 837 56 41 781 156 68 88 625 68 587 228 359 223 151 61 136 86 49 72 66 48
internal_count=1076 1056 1027 1005 972 948 926 859 67 837 56 41 781 156 68 88 625 68 587 228 359 223 151 61 136 86 49 72 66 48
is_linear=0
shrinkage=0.05


Tree=124
num_leaves=31
num_cat=0
split_feature=3 1 1 2 28 37 41 65 64 53 49 2 25 37 28 13 62 25 50 71 71 71 19 57 6 66 2 61 47 9
split_gain=0.00515329 0.00516712 0.00573564 0.00655071 0.00731639 0.00672144 0.00689388 0.011381 0.0086511 0.00762745 0.00986555 0.00745445 0.00742879 0.00642159 0.00609341 0.00604033 0.00704068 0.00592991 0.0119998 0.00632305 0.00632796 0.00943806 0.0078204 0.0100504 0.00941892 0.00898282 0.00658072 0.00688371 0.0131083 0.00649508
threshold=1.8180378675460818 -1.752259314060211 -1.5820760130882261 -1.3939272761344907 -1.3420037627220152 -2.2172127962112422 -1.0716177225112913 0.57029163837432872 0.14906067401170733 -1.1891800165176389 -0.72017648816108693 -0.42636960744857783 -1.047571539878845 -0.51342585682868946 2.3677934408187871 -1.0822321176528928 0.29997576773166662 1.1477078795433047 -0.085169211030006395 1.2344721555709841 1.044424891471863 0.85359612107276928 0.61304450035095226 0.5873054862022401 -0.98451852798461903 0.14237566292285922 1.7287437915802004 0.20329228788614276 -0.059506529942154877 0.75929221510887157
decision_type=2 2 2 2 2 2 2 2 2 2 2 2 2 2 2 2 2 2 2 2 2 2 2 2 2 2 2 2 2 2
left_child=1 -1 -3 -4 -5 -6 7 8 11 10 -8 -7 -11 -12 15 16 -14 19 -19 20 21 22 24 25 -17 -24 27 29 -29 -26
right_child=-2 2 3 4 5 6 9 -9 -10 12 13 -13 14 -15 -16 17 -18 18 -20 -21 -22 -23 23 -25 26 -27 -28 28 -30 -31
leaf_value=-0.00064312712337564809 -0.00079510264353302776 0.00071482576124253688 -0.00086059194277151533 0.000978418515296653 -0.00089482848241459576 0.0002184552542695945 -0.0014556254711351358 0.0014830668400099968 0.00076123215646172566 0.00081321790880636033 -0.00083566084358608359 -0.0010048752755392343 9.2456323213612108e-05 0.0003209854400483892 -0.00084215736437943728 0.0010333423330651029 0.0011349122328683735 -0.0011279284909559305 0.00023224075970750663 0.0004735771956367661 -0.00078148460155784123 0.0008959366166111847 -0.0017444990220246836 0.00016549650636325417 0.00026212464557853288 -0.00040160321373012707 0.000866649928575498 -0.0012112649932318805 1.7564929827737314e-05 -0.00033072068593658819
leaf_weight=29 20 30 21 20 20 33 20 20 36 29 20 20 46 30 21 23 25 34 31 69 27 28 20 37 154 33 20 34 60 66
leaf_count=29 20 30 21 20 20 33 20 20 36 29 20 20 46 30 21 23 25 34 31 69 27 28 20 37 154 33 20 34 60 66
internal_value=-1.03865e-12 1.50588e-05 3.36443e-05 1.31474e-05 3.19471e-05 1.21465e-05 3.15263e-05 0.000405296 0.0001631 -1.77371e-05 -0.000517088 -0.000243179 2.8438e-05 -0.000141673 -2.82386e-06 2.21068e-05 0.000459518 -2.67237e-05 -0.000479232 2.47878e-05 -3.68984e-05 5.42547e-06 -5.0356e-05 -0.000466884 5.46509e-05 -0.000908356 -1.2744e-05 -6.87563e-05 -0.000426905 8.4271e-05
internal_weight=1076 1056 1027 997 976 956 936 109 89 827 70 53 757 50 728 707 71 636 65 571 502 475 447 90 357 53 334 314 94 220
internal_count=1076 1056 1027 997 976 956 936 109 89 827 70 53 757 50 728 707 71 636 65 571 502 475 447 90 357 53 334 314 94 220
is_linear=0
shrinkage=0.05


Tree=125
num_leaves=31
num_cat=0
split_feature=12 10 21 55 4 17 45 35 32 14 52 69 12 51 1 43 68 51 17 71 70 66 25 36 11 8 25 52 68 43
split_gain=0.00520942 0.00681426 0.00674446 0.00952772 0.00912395 0.00682071 0.00745882 0.00712811 0.00491344 0.00927038 0.00658197 0.00635357 0.00722267 0.00835136 0.0100675 0.00800605 0.00666932 0.00675199 0.00637633 0.00637928 0.00588027 0.0103008 0.00917301 0.00880202 0.00888366 0.00703053 0.00702702 0.00744669 0.00619283 0.00633106
threshold=2.1952847242355351 2.0551315546035771 1.485876798629761 1.9333024621009829 0.069845911115407958 -2.0319763422012325 1.7912449836730959 -1.7694969773292539 -1.2618246674537656 -1.3776798844337461 -0.50542896986007679 1.9635846018791201 -0.63458240032196034 -0.38398650288581843 0.25218877196311956 -0.035349611192941659 -0.94073602557182301 -1.3134093880653379 -0.22262230515480039 -0.39383402466773981 -0.18779797852039334 -0.57419106364250172 -1.1037418246269224 -0.17933628708124158 0.048442147672176368 0.22879569232463839 -0.43032956123352045 -0.54683026671409596 -0.020110553130507466 0.93087276816368114
decision_type=2 2 2 2 2 2 2 2 2 2 2 2 2 2 2 2 2 2 2 2 2 2 2 2 2 2 2 2 2 2
left_child=1 2 3 5 -4 -1 7 -7 10 -10 -9 12 13 18 15 -15 -14 -18 -11 -20 21 -19 -22 25 -25 -23 -24 -28 -29 -30
right_child=-2 -3 4 -5 -6 6 -8 8 9 11 -12 -13 16 14 -16 -17 17 20 19 -21 22 23 26 24 -26 -27 27 28 29 -31
leaf_value=0.00091957096941769128 0.00060904990258517074 -0.00072689692659134216 -0.0013242166304156524 0.00099515765160322189 7.1923485491424808e-05 -0.00069144258807812419 -0.00094526234759195228 9.4446034636348487e-05 0.0010546991705347823 -0.0011920410610224692 -0.0010913650936510584 0.00091623055661330013 0.00057029278326428624 0.0010083815562170046 -0.00045409587701393392 -0.0002594016687362455 -0.00077891405138264718 0.00045919084987676174 0.0002530162347722109 -0.00082413405190371637 0.0012490963138588997 -0.0003129372656985652 -0.00039060506136521849 -0.0015608605594657687 -0.0003697002076125723 0.00083520196320023381 0.00097887728761340809 -0.00024700167601052393 0.00048637244908604775 -0.00043876749299339612
leaf_weight=20 34 33 22 25 25 35 21 25 23 31 22 20 67 33 51 20 24 51 27 28 20 40 51 23 49 20 31 67 116 22
leaf_count=20 34 33 22 25 25 35 21 25 23 31 22 20 67 33 51 20 24 51 27 28 20 40 51 23 49 20 31 67 116 22
internal_value=4.50817e-13 -1.9873e-05 3.25065e-06 3.18239e-05 -0.000581589 6.12128e-06 -1.38013e-05 8.02983e-06 3.64637e-05 6.51647e-05 -0.000460614 3.63919e-05 1.35686e-05 -0.000254042 4.74007e-05 0.000529973 0.000101083 3.99216e-05 -0.000618577 -0.000295351 8.00279e-05 -0.000144316 0.000213757 -0.000377489 -0.00075021 6.97758e-05 0.000141608 0.00025662 0.000147401 0.000338886
internal_weight=1076 1042 1009 962 47 937 917 896 861 814 47 791 771 190 104 53 581 514 86 55 490 183 307 132 72 60 287 236 205 138
internal_count=1076 1042 1009 962 47 937 917 896 861 814 47 791 771 190 104 53 581 514 86 55 490 183 307 132 72 60 287 236 205 138
is_linear=0
shrinkage=0.05


Tree=126
num_leaves=31
num_cat=0
split_feature=46 40 31 31 21 27 12 16 58 4 45 24 65 44 10 13 71 40 24 50 31 33 1 62 20 72 27 15 39 64
split_gain=0.00491004 0.0106758 0.00873775 0.0110613 0.00866399 0.0104004 0.00746248 0.00862806 0.00691707 0.0139593 0.0136442 0.00944532 0.0113331 0.00717477 0.00688542 0.00775943 0.0066683 0.00642757 0.0138227 0.00874544 0.00828824 0.00792357 0.00972007 0.00628562 0.0107755 0.00862089 0.00797352 0.00981462 0.0103644 0.0066707
threshold=0.292771726846695 0.62315040826797496 1.6450808644294741 1.2079256772994997 -1.685946464538574 -1.572363495826721 -0.63458240032196034 -0.61346596479415882 -0.70277589559555043 -0.022546936757862564 0.17475543916225436 0.16752991825342181 -0.09894626215100287 0.69820472598075878 0.45664589107036596 -0.84569606184959401 0.29421484470367437 -0.23163823783397672 0.060009738430380828 0.35280647873878485 0.23695214837789538 0.40435959398746496 0.60806417465209972 -0.41577850282192225 -1.3672593832015989 -0.86232215166091908 -0.49773806333541865 -0.36703014373779291 0.46946127712726599 0.044576877728104598
decision_type=2 2 2 2 2 2 2 2 2 2 2 2 2 2 2 2 2 2 2 2 2 2 2 2 2 2 2 2 2 2
left_child=1 2 3 4 -1 -6 7 -2 -8 13 14 -12 -13 -10 -11 -16 -14 18 23 21 -20 -19 -23 24 -7 -26 -25 29 -29 -28
right_child=6 -3 -4 -5 5 17 8 -9 9 10 11 12 16 -15 15 -17 -18 19 20 -21 -22 22 -24 26 25 -27 27 28 -30 -31
leaf_value=0.00093745391998461202 0.00012692286281890119 -0.00075667865732509019 -0.0010494579933583738 0.00087631910773260265 -0.0010509422957861367 -0.00083983942633494748 -0.00043832978808495683 -0.0011773841012091865 0.0014444820941813912 -0.00098784804150151722 -0.00038009897465459433 0.0014590834371119854 -0.00023319395006789518 0.0003975122259968582 -0.00074400131858055841 0.00057731283502653248 0.00082102799341858676 0.00038207416882647612 -0.0012900608375423111 0.0010598701286923004 -0.00018171856457728053 -0.0012061312371356922 0.00016807053817178858 0.00053197711513348629 0.00088158310406883679 5.5081265147876098e-05 -0.00044766238049393707 0.00023830193225876431 -0.00080379923315109306 -0.001618899536551908
leaf_weight=22 32 53 20 35 26 20 32 21 36 30 26 32 30 30 20 25 30 82 37 27 31 22 31 32 55 74 31 80 34 20
leaf_count=22 32 53 20 35 26 20 32 21 36 30 26 32 30 30 20 25 30 82 37 27 31 22 31 32 55 74 31 80 34 20
internal_value=1.67699e-13 -7.32201e-05 -1.98721e-05 1.13748e-05 -3.71397e-05 -7.2756e-05 0.000155806 -0.000389878 0.000255191 0.000340877 0.00012622 0.000461382 0.000699192 0.000968587 -0.000401102 -9.9379e-06 0.000293917 -2.86018e-05 -0.000133083 0.000238407 -0.000784787 7.41139e-05 -0.000402353 -5.00283e-06 0.000240042 0.000407466 -0.000190342 -0.000330428 -7.25002e-05 -0.000906971
internal_weight=1076 732 679 659 624 602 344 53 291 259 193 118 92 66 75 45 60 576 414 162 68 135 53 346 149 129 197 165 114 51
internal_count=1076 732 679 659 624 602 344 53 291 259 193 118 92 66 75 45 60 576 414 162 68 135 53 346 149 129 197 165 114 51
is_linear=0
shrinkage=0.05


Tree=127
num_leaves=31
num_cat=0
split_feature=52 64 5 31 54 72 20 27 54 72 1 5 37 50 20 39 3 37 34 16 52 63 61 17 9 50 58 51 27 67
split_gain=0.00487997 0.00511941 0.0118689 0.0106545 0.0109958 0.0113051 0.0128417 0.00932967 0.00986761 0.011249 0.00905195 0.00802682 0.00859333 0.00720107 0.00699136 0.00691778 0.00728468 0.00596748 0.00589238 0.00728746 0.00750257 0.00806319 0.00907867 0.0103281 0.00942226 0.00707595 0.00987999 0.0063932 0.00625786 0.00589402
threshold=1.8666899204254153 -0.13933289796113965 1.4421331286430361 0.94915595650672924 -0.21393159031867978 -0.48184289038181299 -0.57855209708213795 0.56042090058326732 -0.44535519182682032 -0.24928680807352063 1.0500503778457644 0.86614400148391735 0.26822465658187872 -0.52156746387481678 0.053302507847547538 0.062948899343609824 0.80330252647399913 0.60095199942588817 1.8194111585617068 1.5870240926742556 0.78065592050552379 -0.51246976852416981 -0.35461971163749689 -0.48274417221546168 0.1847389414906502 0.1896929815411568 -0.33188329637050623 0.39615276455879217 -0.11685295030474661 -0.20086830109357831
decision_type=2 2 2 2 2 2 2 2 2 2 2 2 2 2 2 2 2 2 2 2 2 2 2 2 2 2 2 2 2 2
left_child=1 2 3 4 11 -6 -7 18 -9 -10 13 12 -1 -5 -8 -11 -17 -14 19 20 21 29 -23 24 -24 26 -25 28 -28 -3
right_child=-2 7 -4 10 5 6 14 8 9 15 -12 -13 17 -15 -16 16 -18 -19 -20 -21 -22 22 23 25 -26 -27 27 -29 -30 -31
leaf_value=9.1479514154652755e-05 0.00077373015679768294 0.0013835312677892271 -0.001245439139387125 9.6339765004813674e-05 0.00015593958018335368 -0.0019898271505371669 -9.7150335932383317e-06 -0.0012502711698678989 0.00066022658083474616 -0.0010267342727664592 -0.00039739545955810515 0.00071989595091829822 -0.0012469951058333012 0.0013132475217008182 -0.0010189665807293087 0.00021509640347124696 -0.00085046899849144019 -0.0002213988223072217 0.00090785003994824369 -0.00072706147594462072 -0.00034198758800795198 -0.00026790325362809823 -0.00087263400071404054 0.0010612077526993267 0.0004364515328364048 0.0012691272426426652 0.00033977898735126173 0.0008153078961186111 -0.00077985420178335453 0.00030663637732383602
leaf_weight=153 20 27 23 20 38 20 32 21 37 28 21 34 23 31 37 53 23 37 28 22 53 77 27 38 28 31 24 20 26 24
leaf_count=153 20 27 23 20 38 20 32 21 37 28 21 34 23 31 37 53 23 37 28 22 53 77 27 38 28 31 24 20 26 24
internal_value=6.55918e-13 -1.4654e-05 -0.000137817 -8.06976e-05 -0.000187923 -0.000566012 -0.000874261 8.37507e-05 -0.000239114 -8.85167e-05 0.00047628 6.47848e-06 -0.0001074 0.000836029 -0.000550908 -0.000354897 -0.000107377 -0.000614544 0.000206819 0.000157376 0.000209263 0.000299997 0.000191456 0.000373778 -0.00020619 0.000603262 0.000412135 5.97806e-05 -0.00024243 0.000876757
internal_weight=1076 1056 469 446 374 127 89 587 162 141 72 247 213 51 69 104 76 60 425 397 375 322 271 194 55 139 108 70 50 51
internal_count=1076 1056 469 446 374 127 89 587 162 141 72 247 213 51 69 104 76 60 425 397 375 322 271 194 55 139 108 70 50 51
is_linear=0
shrinkage=0.05


Tree=128
num_leaves=31
num_cat=0
split_feature=53 13 22 26 17 18 68 64 69 36 68 36 36 51 36 25 20 55 33 60 43 44 72 42 59 42 14 48 21 50
split_gain=0.0047035 0.00545562 0.00478866 0.0048115 0.00592716 0.00501749 0.00632995 0.00950887 0.00696281 0.00501795 0.0135566 0.00940039 0.00635255 0.00596915 0.00634938 0.0124477 0.00827523 0.00735185 0.00577986 0.00638884 0.00857721 0.00772287 0.00734055 0.00655738 0.0063082 0.00993629 0.00656842 0.00674217 0.00576945 0.00561527
threshold=1.8005895614624026 -1.4283157587051389 -1.3744930624961851 -1.0728403329849241 0.018749949522316459 -1.0892496705055235 -1.4780175089836118 -1.2809490561485288 -1.8747249841690061 1.2052588462829592 0.94240206480026256 1.9481226801872256 0.96805384755134594 1.5996975898742678 0.77942633628845226 -1.1037418246269224 1.5370355844497683 0.70045927166938793 -1.2034671902656553 0.012147568166255953 -0.40828526020050043 -0.52065426111221302 0.45405094325542456 -0.47947226464748377 0.077238585799932494 -0.61731040477752674 -0.48857845366001124 0.27204939723014837 0.17709363251924518 0.077867802232503905
decision_type=2 2 2 2 2 2 2 2 2 2 2 2 2 2 2 2 2 2 2 2 2 2 2 2 2 2 2 2 2 2
left_child=1 -1 -3 4 -4 -5 7 -7 -8 12 11 -11 13 14 15 -10 17 18 -17 21 23 -20 -23 -21 -22 -26 -27 -28 -24 -19
right_child=-2 2 3 5 -6 6 8 -9 9 10 -12 -13 -14 -15 -16 16 -18 29 19 20 24 22 28 -25 25 26 27 -29 -30 -31
leaf_value=0.00078095310651089833 -0.00056187514160733879 -0.00059022938031844346 0.00088203384008790772 -0.00049084178508743278 -2.5629442707459269e-05 -0.00017081111494917424 -0.00088860903673445473 0.0013355629118450452 0.0008322813582425523 -0.00046829936395892326 -0.0013567728135967629 0.0008405114689831744 0.00071223447851869945 0.00083171391875525426 -0.00066083480437685344 -0.00067473210635528508 0.00085880837228614849 -0.00061790135550836571 -0.00011499430045985909 -0.0013078864550888762 0.00043122005520815853 0.0011630046168076141 -0.00012531868190611325 -0.00024513667368855169 0.00064641666723656713 0.00027011174242943527 -0.0012277203719349929 -5.7462873519398273e-05 0.00080591899037746524 0.00024491264630341906
leaf_weight=23 36 33 35 51 37 20 22 22 45 34 24 23 35 22 35 28 25 88 67 21 76 35 39 47 27 21 32 20 29 24
leaf_count=23 36 33 35 51 37 20 22 22 45 34 24 23 35 22 35 28 25 88 67 21 76 35 39 47 27 21 32 20 29 24
internal_value=-9.11185e-14 1.94495e-05 2.22771e-06 2.20967e-05 0.000415596 -8.96902e-06 1.9574e-05 0.000618242 -1.1127e-05 1.30946e-05 -0.000359913 5.98173e-05 5.52924e-05 2.15289e-05 -5.51825e-06 3.12383e-05 -3.10189e-05 -7.11736e-05 2.05141e-05 6.75356e-05 -9.6414e-05 0.000302852 0.000574654 -0.000573339 8.78523e-05 -0.000173107 -0.000476219 -0.000777621 0.000271827 -0.000433013
internal_weight=1076 1040 1017 984 72 912 861 42 819 797 81 57 716 681 659 624 579 554 442 414 244 170 103 68 176 100 73 52 68 112
internal_count=1076 1040 1017 984 72 912 861 42 819 797 81 57 716 681 659 624 579 554 442 414 244 170 103 68 176 100 73 52 68 112
is_linear=0
shrinkage=0.05


Tree=129
num_leaves=31
num_cat=0
split_feature=3 3 26 60 22 61 61 51 10 21 1 23 21 54 10 57 59 72 23 41 54 1 54 60 21 58 22 16 32 39
split_gain=0.00461179 0.00592982 0.00551765 0.00462813 0.00646229 0.00597845 0.00758717 0.0100385 0.00853817 0.00577201 0.00480308 0.00591565 0.00737466 0.00574679 0.00796058 0.0142091 0.0138445 0.00648057 0.00840297 0.00836513 0.00692466 0.0082548 0.0114327 0.00676836 0.00613577 0.00602875 0.00599001 0.00828623 0.00753525 0.00532684
threshold=1.6434370875358584 1.4801993966102602 2.25721287727356 -2.1635925769805904 -1.4606560468673704 -1.8899787068367002 -1.1857819557189939 -0.41973654925823206 -0.74794957041740406 1.8890497088432314 -1.7311959266662595 -1.4082790613174436 -1.0603892207145689 -1.3053436279296873 0.023113251663744453 1.4711205363273623 1.1178967356681826 -0.96917548775672901 0.02063739858567715 -1.0228714942932127 -0.8194020390510558 0.75924608111381542 0.72789013385772716 -0.10522161051630972 0.18126435577869418 0.39197374880313879 -0.70472601056098927 -0.61186376214027394 -0.50766465067863453 -0.16313463449478147
decision_type=2 2 2 2 2 2 2 2 2 2 2 2 2 2 2 2 2 2 2 2 2 2 2 2 2 2 2 2 2 2
left_child=1 2 3 -1 -5 -6 7 8 -7 10 -8 -12 -13 -14 17 16 26 18 -15 -19 -21 22 23 24 -22 -23 -16 -28 -29 -25
right_child=-2 -3 -4 4 5 6 9 -9 -10 -11 11 12 13 14 15 -17 -18 19 -20 20 21 25 -24 29 -26 -27 27 28 -30 -31
leaf_value=0.00065431479597464213 -0.00055637017139815732 0.00087188593694008897 0.0006823464417187819 -0.00088186362991109495 0.0007812476482839608 -0.00025146691714999857 -0.0006838957495663477 0.00038689241151918067 -0.0015089016075728945 -0.00083113850450899918 -0.00055995169999445546 0.00074012032150676537 -0.00058230265659014037 0.0013384678500837513 -0.00070430825904218685 0.0011443957642075561 -0.0014082712826414289 0.00082467151003537517 0.00015240387001540513 -0.00057502534697190504 -0.00074584477313086007 0.00026493293423713606 -0.00089356965494737258 0.0011651955777779222 0.00032674865360604599 0.0012013670252636077 0.00081233115353690532 -0.0010414112222497352 -2.0311170623060019e-05 0.00020240013060067536
leaf_weight=25 36 20 29 22 23 27 23 22 27 20 38 40 35 28 36 21 22 39 32 39 30 55 33 20 24 25 27 20 187 51
leaf_count=25 36 20 29 22 23 27 23 22 27 20 38 40 35 28 36 21 22 39 32 39 30 55 33 20 24 25 27 20 187 51
internal_value=-3.93213e-13 1.9259e-05 2.54079e-06 -1.73526e-05 -3.47353e-05 -1.49929e-05 -3.48773e-05 -0.000513399 -0.000880184 8.16132e-06 2.8508e-05 4.89385e-05 7.92236e-05 4.271e-05 7.44595e-05 -0.000111815 -0.000202159 0.000229524 0.0007059 0.000139072 4.25438e-05 0.000143742 -6.57902e-05 0.000152744 -0.000269137 0.000557569 -0.000103884 -1.15106e-05 -0.000118968 0.00047361
internal_weight=1076 1040 1020 991 966 944 921 76 54 845 825 802 764 724 689 313 292 376 60 316 277 238 158 125 54 80 270 234 207 71
internal_count=1076 1040 1020 991 966 944 921 76 54 845 825 802 764 724 689 313 292 376 60 316 277 238 158 125 54 80 270 234 207 71
is_linear=0
shrinkage=0.05


Tree=130
num_leaves=31
num_cat=0
split_feature=53 60 19 42 37 50 12 66 8 67 64 49 66 14 26 26 46 64 64 57 58 37 32 25 10 12 37 65 33 29
split_gain=0.00454199 0.0055147 0.0162809 0.0111404 0.0120245 0.00867158 0.00707248 0.00526366 0.00974569 0.00860062 0.00804123 0.00765846 0.00682285 0.0061968 0.00599206 0.00935753 0.00572726 0.00751599 0.00919267 0.00742872 0.0100333 0.00861633 0.00802765 0.0084686 0.00702861 0.00806658 0.00785225 0.00694315 0.00661609 0.00590939
threshold=-1.9941036105155943 -0.95631641149520863 -1.0221049189567564 -1.0642898082733152 0.26822465658187872 -0.62257516384124745 2.1952847242355351 0.76535826921463024 -0.07262061163783072 -0.021691776812076565 0.10918764397501947 0.18047563731670382 0.68991732597351085 -1.329192519187927 -1.2343052625656126 -1.0728403329849241 0.292771726846695 -0.66394588351249684 0.65514516830444347 -0.32180891931056971 1.0660012960433962 -0.1889063939452171 -0.0074841016903519622 -0.013712420128285883 -0.59981226921081532 -0.73676010966300953 0.1137312911450863 0.34282617270946508 -0.05621302314102649 0.73219284415245067
decision_type=2 2 2 2 2 2 2 2 2 2 2 2 2 2 2 2 2 2 2 2 2 2 2 2 2 2 2 2 2 2
left_child=-1 2 -2 -4 -5 -6 7 12 10 11 -9 -10 13 -3 -15 -16 19 -18 -19 22 21 28 23 -17 -23 -26 -27 -28 -21 -29
right_child=1 6 3 4 5 -7 -8 8 9 -11 -12 -13 -14 14 15 16 17 18 -20 20 -22 24 -24 -25 25 26 27 29 -30 -31
leaf_value=0.0006660675997845829 -0.0013790464415381265 0.00090879180730553356 0.00087565109760572133 0.00024221273950452246 -0.0016236301697790624 -0.00033139727735967449 0.00081606507176599878 -0.00030481027788482607 -0.00047231348171071323 1.6566933094685326e-05 0.00063566644246570731 -0.0017139081514197523 0.00093719591333700177 -0.00066307097342008009 0.0010388473939636478 0.0003917228326567316 -0.00057694942079251639 0.00075649460064969624 -1.3635277804047741e-05 -9.3749755762621281e-05 0.00087079239256127039 0.00040918914434287751 -0.0011454672218921284 -0.00066718109544414877 -0.0012488552875330916 -0.0011254627387859814 0.00029792928864480928 -0.00091921001012451597 0.00083959972185906602 0.00013150262479346407
leaf_weight=25 28 20 26 57 20 37 28 51 27 31 41 23 22 31 23 35 24 78 77 37 32 34 30 41 23 21 60 32 39 23
leaf_count=25 28 20 26 57 20 37 28 51 27 31 41 23 22 31 23 35 24 78 77 37 32 34 30 41 23 21 60 32 39 23
internal_value=9.6021e-13 -1.58437e-05 -0.00027842 -5.82946e-05 -0.0002713 -0.000784812 3.41142e-05 8.50648e-06 -0.000237814 -0.000637763 0.000114315 -0.00104345 7.09895e-05 4.21159e-05 1.50323e-05 4.95499e-05 1.07208e-05 0.000246424 0.000373914 -9.29423e-05 3.38227e-05 -6.57424e-05 -0.000452907 -0.000179528 -0.000243318 -0.000382848 -0.000236391 -7.40383e-05 0.000385206 -0.000479821
internal_weight=1076 1051 168 140 114 57 883 855 173 81 92 50 682 660 640 609 586 179 155 407 301 269 106 76 193 159 136 115 76 55
internal_count=1076 1051 168 140 114 57 883 855 173 81 92 50 682 660 640 609 586 179 155 407 301 269 106 76 193 159 136 115 76 55
is_linear=0
shrinkage=0.05


Tree=131
num_leaves=31
num_cat=0
split_feature=48 63 10 10 23 71 45 49 43 61 32 14 8 63 4 50 48 68 49 2 31 72 45 26 28 20 10 68 62 68
split_gain=0.00431748 0.0212951 0.00423306 0.00737503 0.00585665 0.00459921 0.00419308 0.0045888 0.00405015 0.0053604 0.00645283 0.00521199 0.00424395 0.00518367 0.00630455 0.00538063 0.00767747 0.00985502 0.00581999 0.0060907 0.00557027 0.0045449 0.0078215 0.00611352 0.0146941 0.0084463 0.00838812 0.00852623 0.00809487 0.00766991
threshold=-1.3645224571228025 0.96006757020950328 2.2414097785949711 1.8435207009315493 -2.3471097946166988 -1.9214451313018797 1.7912449836730959 1.8443671464920046 1.7794952988624575 2.0067176818847661 -1.2909055352210996 -1.3776798844337461 2.1177768707275395 1.0130148530006411 0.37367805838584905 1.2022758126258852 0.78517833352088939 0.38698513805866247 0.61274603009223949 -0.76463222503662098 1.2337526082992556 -0.31990574300289149 0.0651424676179886 -0.58839771151542652 -0.62565284967422474 -0.89555498957633961 -0.10715020447969435 -0.010001183487474917 0.82928261160850536 -0.26159439980983729
decision_type=2 2 2 2 2 2 2 2 2 2 2 2 2 2 2 2 2 2 2 2 2 2 2 2 2 2 2 2 2 2
left_child=1 -1 3 4 -2 -6 7 8 9 10 -7 -12 13 15 -15 16 20 -18 19 -17 21 22 -13 24 25 -23 28 29 -25 -28
right_child=2 -3 -4 -5 5 6 -8 -9 -10 -11 11 12 -14 14 -16 18 17 -19 -20 -21 -22 23 -24 26 -26 -27 27 -29 -30 -31
leaf_value=0.00049345042882487176 0.00085327301141140718 -0.0016954730794532227 0.00059634703511912983 -0.00075607269780800473 -0.00061088550217642352 -0.000705135767127323 -0.00066976320349134604 0.00079385622404515755 -0.00057497936081576711 0.00085593318566679955 0.00079587488194785862 -9.2092508291118842e-05 -0.00066898230042646738 1.7356766402372159e-05 0.0009362473210785538 0.00017790301724083046 -5.7718397301593517e-06 -0.0013073828106056542 -0.00026250514551065865 0.0013544446915726772 0.00062192441125969507 0.00077050148490040264 0.0005817665507592745 0.00068809562550786025 -0.0011838657254063549 -0.0004276224059714495 -0.00018694605286537599 3.7286868931774876e-05 -0.00035578871342855007 -0.0014554382259534164
leaf_weight=25 21 20 31 31 29 29 21 20 27 20 23 105 21 40 35 22 33 26 20 22 36 24 73 65 41 38 26 104 26 22
leaf_count=25 21 20 31 31 29 29 21 20 27 20 23 105 21 40 35 22 33 26 20 22 36 24 73 65 41 38 26 104 26 22
internal_value=1.90521e-13 -0.000479404 2.09245e-05 3.08644e-06 2.73733e-05 9.07802e-06 2.86416e-05 4.4974e-05 2.79152e-05 4.70435e-05 2.75756e-05 5.40702e-05 3.21683e-05 5.15934e-05 0.000446172 8.26477e-06 -3.68606e-05 -0.000579363 0.000444712 0.000766174 2.02959e-05 -2.10373e-05 0.000184265 -0.000126656 -0.000449477 3.61675e-05 1.01782e-05 -0.000217121 0.000389843 -0.000768338
internal_weight=1076 45 1031 1000 969 948 919 898 878 851 831 802 779 758 75 683 619 59 64 44 560 524 178 346 103 62 243 152 91 48
internal_count=1076 45 1031 1000 969 948 919 898 878 851 831 802 779 758 75 683 619 59 64 44 560 524 178 346 103 62 243 152 91 48
is_linear=0
shrinkage=0.05


Tree=132
num_leaves=31
num_cat=0
split_feature=63 12 10 17 61 25 30 23 28 60 19 69 4 24 66 4 61 72 4 20 54 31 22 55 31 62 32 19 38 72
split_gain=0.00432856 0.00439268 0.00604205 0.00513198 0.00633603 0.00831857 0.00882773 0.00750611 0.00701771 0.00636337 0.00602507 0.00490373 0.00547922 0.00470537 0.00716733 0.00567945 0.0107761 0.00843787 0.00805156 0.00721173 0.00658106 0.0115824 0.0102684 0.00829808 0.00788309 0.00638355 0.00761594 0.0080615 0.00637939 0.00729539
threshold=2.1614530086517338 2.1952847242355351 2.0551315546035771 -2.0319763422012325 1.9438673853874209 1.1477078795433047 0.53266665339469921 0.47305150330066686 -1.3420037627220152 -1.5169706940650938 -0.024642392992973324 1.9120565056800845 -1.5276127457618711 1.4133112430572512 0.12616394832730296 0.32697667181491857 -0.96156808733940113 -0.30330395698547358 0.42798171937465673 1.0928666591644289 -0.24119614064693448 0.40298776328563696 0.57843416929245006 0.75630587339401256 0.042241930961608894 0.94712263345718395 -0.0055126417428255073 -0.86089015007019032 -0.013082359451800583 0.18227948993444446
decision_type=2 2 2 2 2 2 2 2 2 2 2 2 2 2 2 2 2 2 2 2 2 2 2 2 2 2 2 2 2 2
left_child=1 2 3 -1 5 8 7 -7 -5 10 -10 12 -11 15 -15 19 -17 -18 -19 20 21 24 23 -22 25 26 27 -14 -20 -30
right_child=-2 -3 -4 4 -6 6 -8 -9 9 11 -12 -13 13 14 -16 16 17 18 28 -21 22 -23 -24 -25 -26 -27 -28 -29 29 -31
leaf_value=0.00077280005048537123 -0.00072870609990786765 0.00058158597711360815 -0.00067007081022232102 0.00094834184623323377 0.00082046946146241992 -0.0016763852725576033 0.00012370071600689071 -0.00032292783143930139 -0.0012280210613971577 -0.00080740952376800134 -1.5418594107142694e-05 0.00072089635493466635 0.0011832754973078235 0.0012331470783101396 2.7854403015226126e-06 -0.0012974936817218329 0.00059653418870376693 -0.0011493150356479667 0.00036468513064189922 0.00097266519124704343 8.7862272896889189e-05 0.00090886099222937933 -0.0010452779475599529 -0.00084258731933207142 -0.00047075851394123782 0.0010193224760966944 -0.00064147992749125343 3.169669441624799e-05 -0.0011313463804190572 -7.8999703992880762e-05
leaf_weight=22 20 33 33 20 23 21 29 20 20 20 21 25 21 20 29 21 35 22 45 22 213 51 27 27 51 23 26 55 23 58
leaf_count=22 20 33 33 20 23 21 29 20 20 20 21 25 21 20 29 21 35 22 45 22 213 51 27 27 51 23 26 55 23 58
internal_value=-1.49306e-12 1.38013e-05 -4.51439e-06 1.76708e-05 5.088e-07 -1.94479e-05 -0.000543933 -0.00101616 2.25109e-05 8.54048e-07 -0.000606932 3.14673e-05 9.62232e-06 3.08715e-05 0.000504974 -1.39377e-06 -0.000224734 -0.00010163 -0.000266737 8.69035e-05 4.74566e-05 0.00024538 -0.000120815 -1.68133e-05 5.31214e-05 0.000266864 9.71924e-05 0.000349896 -0.000112636 -0.000377814
internal_weight=1076 1056 1023 990 968 945 70 41 875 855 41 814 789 769 49 720 204 183 148 516 494 227 267 240 176 125 102 76 126 81
internal_count=1076 1056 1023 990 968 945 70 41 875 855 41 814 789 769 49 720 204 183 148 516 494 227 267 240 176 125 102 76 126 81
is_linear=0
shrinkage=0.05


Tree=133
num_leaves=31
num_cat=0
split_feature=53 13 53 22 1 45 36 68 52 14 65 53 40 35 35 45 44 39 6 56 13 23 74 26 40 73 60 30 60 13
split_gain=0.00425967 0.00493376 0.00402682 0.00557358 0.00481919 0.00464375 0.00514985 0.00847648 0.00510389 0.00513652 0.00509755 0.00475621 0.00701093 0.00502281 0.00856081 0.00664998 0.00635327 0.00757353 0.00638318 0.00554679 0.00711981 0.00639689 0.00473398 0.00423601 0.0100286 0.00843162 0.00817775 0.00929222 0.00683611 0.00686876
threshold=1.8005895614624026 -1.4283157587051389 -1.9941036105155943 -1.3744930624961851 -1.752259314060211 -2.1785504817962642 1.2052588462829592 0.63777166604995739 1.6162332296371462 1.9745752811431887 -0.39692114293575281 -1.3288481235504148 -0.24721001833677289 -0.31628158688545221 -0.22601537406444547 0.23264057189226153 0.016026517841964964 -1.0279601812362669 -0.48359419405460352 -0.88415396213531483 -0.21621277928352353 1.1461421847343447 0.45627719163894659 -0.28258579969406122 0.11459748446941377 1.0321633815765383 -0.41113732755184168 0.74861419200897228 0.93322068452835094 0.64826497435569774
decision_type=2 2 2 2 2 2 2 2 2 2 2 2 2 2 2 2 2 2 2 2 2 2 2 2 2 2 2 2 2 2
left_child=1 -1 -3 -4 -5 -6 8 10 9 11 -8 12 -7 15 -15 16 17 -13 -19 20 -16 23 -17 25 26 28 -25 -28 29 -21
right_child=-2 2 3 4 5 6 7 -9 -10 -11 -12 13 -14 14 19 22 -18 18 -20 21 -22 -23 -24 24 -26 -27 27 -29 -30 -31
leaf_value=0.0007426762368793235 -0.00053470887230812672 0.00062885579932481055 -0.00066280777155043331 -0.00067712998320348559 0.00074412556264591835 -0.0011451672640396284 0.00045726981892761203 -0.00095846404346437871 -0.00064163439047451208 0.00086141140454856215 -0.00053789839492475791 0.00095541331611457289 0.0001483020770882087 -0.00086952530287413138 -9.5110903410906239e-05 0.0010123061273060198 -0.00039987273243737449 0.00058439213989286453 -0.00039512387703348977 -0.00023729513589642012 0.00098889834233418551 -0.0006043198727725429 8.1188998883590109e-05 0.0013424949157051743 -0.00013350345825278756 0.00077078729917285163 -4.1618692656894298e-05 0.0011947427166714556 0.00057093493844811083 -0.0012352783145615832
leaf_weight=23 36 25 32 25 22 20 31 35 26 20 22 32 22 27 28 43 44 29 39 125 33 42 20 25 109 23 55 21 22 20
leaf_count=23 36 25 32 25 22 20 31 35 26 20 22 32 22 27 28 43 44 29 39 125 33 42 20 25 109 23 55 21 22 20
internal_value=1.09072e-12 1.85092e-05 2.13173e-06 -1.36627e-05 7.97544e-06 2.62938e-05 8.99661e-06 -0.000354598 4.77801e-05 7.02141e-05 4.41811e-05 4.99009e-05 -0.000467636 7.93942e-05 -2.18074e-06 0.000288258 0.000100808 0.000321108 2.26109e-05 4.43765e-05 0.00049132 -1.73058e-05 0.000716713 4.43307e-05 0.0001991 -0.00012673 0.000558049 0.000300007 -0.000250341 -0.000374948
internal_weight=1076 1040 1017 992 960 935 913 88 825 799 53 779 42 737 530 207 144 100 68 503 61 442 63 400 210 190 101 76 167 145
internal_count=1076 1040 1017 992 960 935 913 88 825 799 53 779 42 737 530 207 144 100 68 503 61 442 63 400 210 190 101 76 167 145
is_linear=0
shrinkage=0.05


Tree=134
num_leaves=31
num_cat=0
split_feature=3 60 26 37 26 18 1 30 18 13 69 54 42 73 9 42 73 4 8 3 72 59 68 8 29 7 59 55 62 26
split_gain=0.00439367 0.00393049 0.005651 0.0146248 0.00636031 0.00481143 0.00534115 0.00585107 0.00774558 0.00635083 0.00721631 0.00986562 0.0125489 0.00847796 0.0076027 0.00852297 0.00746979 0.00732171 0.00715769 0.00479523 0.00521469 0.00617111 0.00846961 0.00915958 0.00803334 0.00798709 0.00475424 0.00534485 0.00464974 0.00747295
threshold=1.8180378675460818 -2.1635925769805904 -1.2343052625656126 0.047937190160155303 -1.1059545278549192 -1.0892496705055235 1.515513062477112 -0.91096177697181691 1.0000000180025095e-35 2.0156465768814091 -0.53742083907127369 0.97792771458625805 1.08472216129303 -0.7511836290359496 0.45168703794479376 0.50755804777145397 -1.0505817532539365 0.32697667181491857 -1.0160124301910398 1.4169992208480837 0.14128154516220096 0.46111509203910833 -0.73111870884895314 0.41077436506748205 0.61586040258407604 0.74960878491401683 0.74665123224258434 0.38768669962883001 -0.014654041733592747 0.045873528346419341
decision_type=2 2 2 2 2 2 2 2 2 2 2 2 2 2 2 2 2 2 2 2 2 2 2 2 2 2 2 2 2 2
left_child=1 -1 3 -3 -4 -6 7 8 -7 10 11 12 13 -9 15 -13 -12 -15 -18 20 21 25 -23 -24 -25 28 27 -22 29 -20
right_child=-2 2 4 -5 5 6 -8 9 -10 -11 16 14 -14 17 -16 -17 18 -19 19 -21 26 22 23 24 -26 -27 -28 -29 -30 -31
leaf_value=0.00063337531674187637 -0.0007341661799000576 -0.0010614477714146855 0.00068950101999299871 0.00058269508992366144 -0.00046441569197318484 0.00074463343019791264 -0.00062528128114839405 -0.001439389581719297 -0.00039155744634626903 0.00073739991358738263 0.00082078128752982593 0.00050170632312074304 0.00039959144220726259 -0.00011040408036205917 0.00094307196171333405 -0.00089150875490824036 -0.00079179300135001542 -0.0011202604509890079 -0.00072218073223783178 0.00083389144623652106 0.00013593608245072474 -0.00077246352389227562 -0.00015611184727666634 0.0013261636024496208 5.1097323497136443e-05 0.00033543548103602181 -0.00044034537907767417 0.0007169592844937663 -0.0010466356686083601 0.0004665804287651554
leaf_weight=25 20 38 35 21 52 60 30 32 20 29 32 23 30 50 24 21 25 28 39 20 135 21 49 30 21 31 24 56 35 20
leaf_count=25 20 38 35 21 52 60 30 32 20 29 32 23 30 50 24 21 25 28 39 20 135 21 49 30 21 31 24 56 35 20
internal_value=1.07449e-12 1.39047e-05 -1.11645e-06 -0.000476244 2.77236e-05 3.00408e-06 3.04683e-05 5.34771e-05 0.000460586 1.14529e-05 -1.67675e-05 -0.00026687 -0.000506859 -0.000754072 0.000227225 -0.000163237 7.99263e-05 -0.000472917 3.30738e-05 7.59463e-05 4.30637e-05 -0.000114148 0.000140386 0.000332085 0.000801136 -0.000360538 0.000222943 0.000306288 -0.000590061 -0.000319211
internal_weight=1076 1056 1031 59 972 937 885 855 80 775 746 208 140 110 68 44 538 78 506 481 461 246 121 100 51 125 215 191 94 59
internal_count=1076 1056 1031 59 972 937 885 855 80 775 746 208 140 110 68 44 538 78 506 481 461 246 121 100 51 125 215 191 94 59
is_linear=0
shrinkage=0.05


Tree=135
num_leaves=31
num_cat=0
split_feature=52 71 58 48 68 54 1 21 4 19 55 69 19 23 55 2 30 1 41 19 6 28 43 2 63 19 65 58 29 73
split_gain=0.00416645 0.00442821 0.00603923 0.00723502 0.0135834 0.00573063 0.0105245 0.00776665 0.00768813 0.00762878 0.00696843 0.0104909 0.00715276 0.00706003 0.0063504 0.00640726 0.00893708 0.00903287 0.00941654 0.00748295 0.00599439 0.00527307 0.00778158 0.004692 0.00678847 0.00720717 0.00534674 0.00843231 0.00543346 0.00470711
threshold=1.8666899204254153 -1.9214451313018797 -1.9390588402748106 -1.3645224571228025 -0.74426272511482228 -0.92410346865653981 0.99163952469825756 -0.85454723238944996 -0.88597074151039112 -1.6705219745635984 1.2351208329200747 0.64797529578208934 1.6972378492355349 -1.4295263290405271 0.70045927166938793 -0.92139515280723561 -1.1480712890624998 -0.72963431477546681 -1.0331647396087644 -0.03198472969233989 -0.9750705063343047 -0.74723520874977101 -0.02778329141438007 0.03686873801052571 0.15291596949100497 -0.07869523391127585 0.026464603841304783 0.91384273767471325 -0.066635068506002412 -0.57258009910583485
decision_type=2 2 2 2 2 2 2 2 2 2 2 2 2 2 2 2 2 2 2 2 2 2 2 2 2 2 2 2 2 2
left_child=1 -1 -3 4 -4 6 7 -5 -9 -7 12 -12 13 -11 15 -15 -17 19 -19 -18 -20 -16 -23 24 25 -22 28 -28 -25 -30
right_child=-2 2 3 5 -6 9 -8 8 -10 10 11 -13 -14 14 21 16 17 18 20 -21 23 22 -24 26 -26 -27 27 -29 29 -31
leaf_value=-0.00062285023600922842 0.00071493055933387947 0.00082316170949277225 -0.0015973451931495222 0.00073501181111417044 0.00022337046185774462 0.00093823746453078154 -0.0013259643211010067 -0.0010109487899441136 3.2474734482592816e-05 -0.00064135415267605248 -0.00013124571292121942 0.0010089857842188416 -0.00090250941377069632 0.0005253120430279523 0.00034178149570444867 -0.00091909897468133795 -0.0011274840561852147 0.00099309371980780279 0.00094515996053814901 2.2723923170668706e-05 3.7008368808804367e-05 -0.0013912516331765802 -0.00020989251687474872 -0.00016045574760509602 0.00028148159491882491 -0.00096698190810946903 0.0001687982585939066 -0.00079398753237910577 0.0012170663293959065 0.00039341055799457358
leaf_weight=29 20 22 20 22 21 24 21 27 51 39 38 43 22 80 21 23 26 32 20 31 33 20 46 34 44 39 94 30 22 82
leaf_count=29 20 22 20 22 21 24 21 27 51 39 38 43 22 80 21 23 26 32 20 31 33 20 46 34 44 39 94 30 22 82
internal_value=-9.40262e-13 -1.35404e-05 3.66509e-06 -1.42741e-05 -0.000664784 1.33928e-05 -0.000308383 -9.46915e-05 -0.00032871 5.95789e-05 3.38307e-05 0.000474062 -1.44875e-05 1.27981e-05 5.04819e-05 0.000109286 4.40274e-05 8.95139e-05 0.000167915 -0.000501932 0.000101569 -0.000348307 -0.00056788 5.69344e-05 -0.000207809 -0.00050682 0.000174149 -6.41338e-05 0.000388258 0.000567645
internal_weight=1076 1056 1027 1005 41 964 121 100 78 843 819 81 738 716 677 590 510 487 430 57 398 87 66 378 116 72 262 124 138 104
internal_count=1076 1056 1027 1005 41 964 121 100 78 843 819 81 738 716 677 590 510 487 430 57 398 87 66 378 116 72 262 124 138 104
is_linear=0
shrinkage=0.05


Tree=136
num_leaves=31
num_cat=0
split_feature=3 10 10 10 60 17 42 20 16 44 10 16 11 9 60 11 39 20 40 11 32 62 52 53 10 29 15 32 44 47
split_gain=0.00400366 0.00515511 0.0066793 0.00435799 0.0079603 0.00630383 0.00626715 0.00834155 0.00585502 0.00568752 0.00519681 0.00733718 0.00730454 0.00590524 0.0127898 0.00776858 0.00589753 0.00607456 0.00563072 0.00997706 0.00848352 0.0078667 0.01369 0.00949054 0.00826948 0.00781833 0.0065804 0.00612002 0.00582351 0.00558821
threshold=1.6434370875358584 2.2414097785949711 1.8435207009315493 0.60048657655715953 -0.43669612705707544 -2.0319763422012325 0.24551866203546527 0.64055013656616222 1.029483497142792 2.2205374240875249 0.054853903129696853 -0.58408647775650013 0.8449445664882661 0.40513883531093603 -1.0204070806503294 0.32184275984764105 -0.52995753288269032 -0.46965074539184565 1.1527871489524844 -0.69825768470764149 1.0000000180025095e-35 -0.59659069776535023 0.10118112713098527 -0.18253344297409055 -0.43646840751171107 0.73219284415245067 -0.16049323230981824 -0.39369632303714747 -0.32394012808799738 1.1183992624282839
decision_type=2 2 2 2 2 2 2 2 2 2 2 2 2 2 2 2 2 2 2 2 2 2 2 2 2 2 2 2 2 2
left_child=1 2 3 5 -5 -1 -6 -8 -9 10 13 12 -12 18 -15 -16 -13 -18 19 20 -7 24 23 28 27 -24 -22 -21 -23 -19
right_child=-2 -3 -4 4 6 9 7 8 -10 -11 11 16 -14 14 15 -17 17 29 -20 21 26 22 25 -25 -26 -27 -28 -29 -30 -31
leaf_value=0.00083250355563082169 -0.00051839133553181055 0.00077518653362693103 -0.00075997349756237655 0.0010820106505416334 -0.0003125899529824789 -1.341957107624261e-05 0.001272868405794725 -0.00038569623589395518 0.00059414960967842491 -0.00087764036608859906 0.001021903426735662 -0.0010875668449982724 -0.00026009564753621818 -0.0012873749274149304 -0.00088418746433619941 0.00018161413389189757 -0.0010015849186026532 0.00011634421190703162 0.00065967280293673114 0.00070692014359381239 -0.00025681920531496873 -0.00031419938341492701 0.00028717548420365132 4.5979869258650521e-05 0.0015041479985007928 0.0014117776241619141 -0.0015394332821597346 -0.000338479991824854 -0.0015063465433195235 -0.00076166251334749795
leaf_weight=21 36 22 28 25 53 84 20 31 30 20 20 27 25 24 21 92 23 74 46 42 20 21 68 77 21 20 20 21 20 24
leaf_count=21 36 22 28 25 53 84 20 31 30 20 20 27 25 24 21 92 23 74 46 42 20 21 68 77 21 20 20 21 20 24
internal_value=-1.78518e-13 1.79443e-05 1.57955e-06 2.31184e-05 0.000262945 -2.2769e-05 0.000110134 0.000386732 9.61952e-05 -4.49427e-05 -2.38618e-05 -0.000249407 0.000309682 4.90531e-05 -0.000239098 -1.64552e-05 -0.0004194 -0.000270305 0.000134872 7.65609e-05 -0.000298809 0.000237064 7.0771e-05 -0.000281226 0.000644877 0.000542767 -0.000898126 0.000358453 -0.000895735 -9.86778e-05
internal_weight=1076 1040 1018 990 159 831 134 81 61 810 790 193 45 597 137 113 148 121 460 414 124 290 206 118 84 88 40 63 41 98
internal_count=1076 1040 1018 990 159 831 134 81 61 810 790 193 45 597 137 113 148 121 460 414 124 290 206 118 84 88 40 63 41 98
is_linear=0
shrinkage=0.05


Tree=137
num_leaves=31
num_cat=0
split_feature=38 3 1 10 10 60 22 2 59 68 26 73 59 61 20 69 23 66 13 70 61 62 69 48 18 50 43 69 35 62
split_gain=0.00384072 0.00602036 0.00767006 0.006096 0.00613402 0.00457354 0.00503741 0.00517939 0.00565333 0.00445562 0.00727655 0.00614789 0.00438887 0.00861636 0.00573157 0.00564397 0.0105158 0.00739418 0.00545348 0.00537671 0.00547603 0.00681629 0.00845726 0.00657299 0.010246 0.00653729 0.00620207 0.00566269 0.00872501 0.00675499
threshold=2.0414836406707768 1.6434370875358584 -1.752259314060211 2.2414097785949711 1.8435207009315493 -2.1635925769805904 -1.4606560468673704 -1.3107185959815977 -0.46113295853137964 1.1009922623634341 -0.35604943335056299 -0.43174920976161951 -0.76705437898635853 -1.4777463078498838 -0.36440685391426081 -0.62924864888191212 0.16828727722167972 0.59909611940383922 0.74131080508232128 -1.3454592227935789 -0.36155703663825983 -0.78644317388534535 -0.21923793852329251 -0.60354983806610096 -0.52174237370491017 -0.47611972689628596 0.38105015456676489 0.85200771689414989 0.99266949295997631 0.41232486069202429
decision_type=2 2 2 2 2 2 2 2 2 2 2 2 2 2 2 2 2 2 2 2 2 2 2 2 2 2 2 2 2 2
left_child=1 2 -1 4 5 -4 -7 8 -8 12 -11 -12 13 -9 -15 16 17 -14 -16 -17 25 26 -23 24 -24 -21 -22 28 -25 -30
right_child=-2 -3 3 -5 -6 6 7 9 -10 10 11 -13 15 14 18 19 -18 -19 -20 20 21 22 23 27 -26 -27 -28 -29 29 -31
leaf_value=-0.0008983835514695586 0.00050773342410492567 -0.00068211712218313057 0.00074078402460806751 0.00088930841448018336 -0.00075018948476869042 -0.00073619010032747285 0.0011515158289555638 -0.00055356400897091428 2.8170693743353088e-05 -0.0010285009799050526 0.00040577317861764618 -0.00047816340108208051 0.00047014655319799203 3.8198928407783732e-05 0.00049341851651358117 -0.00057266119583800903 -0.001136331600525106 -0.00062444525106844528 0.0015231749446684264 -0.00079730418579214641 0.0014207129397254903 0.00061791402195691513 0.00018478355190547355 0.00028609405500766891 -0.00076777153730729663 4.9774230090248322e-05 0.00017551499127876013 0.00076295887445346179 -0.0011677984311972978 0.00010184205020777882
leaf_weight=23 36 33 22 20 26 22 21 22 24 26 37 42 36 34 36 32 30 27 20 34 20 67 55 108 58 69 20 34 22 20
leaf_count=23 36 33 22 20 26 22 21 22 24 26 37 42 36 34 36 32 30 27 20 34 20 67 55 108 58 69 20 34 22 20
internal_value=6.10697e-13 -1.75754e-05 4.20205e-06 2.52991e-05 7.37356e-06 2.83721e-05 1.12618e-05 2.96555e-05 0.000552398 1.94823e-06 -0.000302955 -6.41678e-05 4.49789e-05 0.000333455 0.000550281 -6.14334e-06 -0.000365857 1.03578e-06 0.000861189 5.59223e-05 9.55962e-05 0.000178567 0.000110485 -3.98525e-06 -0.000304139 -0.000229844 0.000798114 0.000180348 4.82896e-05 -0.000563208
internal_weight=1076 1040 1007 984 964 938 916 894 45 849 105 79 744 112 90 632 93 63 56 539 507 404 364 297 113 103 40 184 150 42
internal_count=1076 1040 1007 984 964 938 916 894 45 849 105 79 744 112 90 632 93 63 56 539 507 404 364 297 113 103 40 184 150 42
is_linear=0
shrinkage=0.05


Tree=138
num_leaves=31
num_cat=0
split_feature=52 52 19 38 73 34 41 33 0 38 43 15 61 52 12 36 4 24 23 22 28 56 18 36 43 9 22 2 0 1
split_gain=0.00366311 0.0122442 0.00922859 0.00776447 0.00590254 0.00954255 0.0116319 0.0090609 0.00698048 0.00593387 0.0051011 0.0047851 0.00523691 0.00425447 0.00515536 0.0052528 0.0051223 0.00702085 0.00894733 0.00669991 0.0087491 0.00736636 0.00554773 0.0101034 0.00939514 0.00718116 0.0076649 0.0060097 0.00523654 0.0070125
threshold=-0.99120178818702687 -1.1081897616386411 -0.067516084760427461 -0.76243391633033741 -1.0505817532539365 -0.13353671133518216 -0.70128196477890004 -1.2327552437782285 0.16609807033091786 0.46766139566898351 -1.5323755145072935 -0.39138332009315485 -0.78467807173728932 -0.86586186289787281 2.1952847242355351 1.426005005836487 -0.47031214833259577 -0.10659284144639967 -0.46028567850589747 -0.5240776240825652 -0.33977761864662165 -0.080876387655735002 0.47821019589900976 0.25132639706134802 0.13692258298397067 0.7064422369003297 0.63546490669250499 0.97775545716285717 0.16609807033091786 0.85255214571952831
decision_type=2 2 2 2 2 2 2 2 2 2 2 2 2 2 2 2 2 2 2 2 2 2 2 2 2 2 2 2 2 2
left_child=1 2 11 -4 5 -2 -7 8 -6 -8 -9 12 -1 -12 15 16 17 18 -15 -18 21 -21 25 -24 -25 26 -22 -26 29 -20
right_child=4 -3 3 -5 7 6 9 10 -10 -11 13 -13 -14 14 -16 -17 19 -19 28 20 22 -23 23 24 27 -27 -28 -29 -30 -31
leaf_value=-0.0002135603706119582 0.0011997514052954675 -0.0012382568371976958 0.0011894438914688572 1.1941411953774237e-05 -0.0010249287188934112 0.00085106387159612502 -0.0010099764891146194 0.00067830492975190287 6.9963126225047742e-05 0.00011066826172517958 0.00073201974504627293 7.5804107365439897e-05 -0.0013577746995724737 -0.00086993058018075922 0.00074579478770663791 -0.00059528290846337303 -0.00042940229074115582 0.0008822197570064901 0.00089101442743817142 0.00095615220408944894 -0.00085312705090525914 3.7423904276086734e-05 0.00057804977733476629 -0.00085102532121757244 -0.00040921837743371729 0.00030992439715191725 0.00015420769789041235 0.00063271385778564094 -0.00020200528651912464 -0.00014042235964622637
leaf_weight=20 27 25 21 42 37 32 21 30 24 27 20 27 20 21 22 39 107 34 45 40 69 48 62 38 25 30 26 31 40 26
leaf_count=20 27 25 21 42 37 32 21 30 24 27 20 27 20 21 22 39 107 34 45 40 69 48 62 38 25 30 26 31 40 26
internal_value=1.36526e-12 -0.000224881 -3.0001e-05 0.000404442 3.78464e-05 0.000386971 0.000112657 -8.04584e-06 -0.000594152 -0.000379614 3.94342e-05 -0.000438507 -0.000785668 1.2925e-05 -7.53288e-06 -3.18695e-05 2.3566e-06 0.000241514 7.64842e-05 -8.10472e-05 1.99664e-05 0.000455028 -0.000116281 8.25884e-05 -0.000244205 -0.000364469 -0.000577435 0.000167566 0.000255536 0.000513305
internal_weight=1076 155 130 63 921 107 80 814 61 48 753 67 40 723 703 681 642 166 132 476 369 88 281 156 94 125 95 56 111 71
internal_count=1076 155 130 63 921 107 80 814 61 48 753 67 40 723 703 681 642 166 132 476 369 88 281 156 94 125 95 56 111 71
is_linear=0
shrinkage=0.05


Tree=139
num_leaves=31
num_cat=0
split_feature=53 38 38 18 10 28 23 32 55 73 30 63 40 27 27 63 40 38 27 34 6 37 24 16 38 31 53 64 53 25
split_gain=0.00394919 0.00325964 0.00545678 0.00843361 0.00729102 0.00377602 0.00643812 0.00964002 0.00641068 0.00516515 0.00749749 0.00559075 0.00483268 0.00607433 0.00555631 0.00810754 0.00727262 0.00712184 0.00707664 0.00702822 0.00616046 0.00492792 0.00659423 0.00555425 0.00735663 0.0113303 0.00501421 0.00536571 0.00693884 0.00559821
threshold=1.8005895614624026 2.0414836406707768 1.483072102069855 0.72217425704002391 2.2414097785949711 1.8044825792312624 -1.4082790613174436 -0.11829252913594245 -0.85596314072608937 1.0933423638343813 -1.3989309072494505 0.46032911539077764 1.2780781388282778 -1.6297163963317869 -0.37687467038631434 0.15291596949100497 -0.29950384795665735 0.26433432102203375 -0.7442050278186797 -0.17675081640481946 -1.0859285593032835 0.60095199942588817 0.98936754465103161 0.70338687300682079 -0.54511386156082142 0.89773687720298778 0.43393613398075109 -0.89767184853553761 -0.0052182697691023341 0.29466989636421209
decision_type=2 2 2 2 2 2 2 2 2 2 2 2 2 2 2 2 2 2 2 2 2 2 2 2 2 2 2 2 2 2
left_child=1 2 4 -4 5 6 7 -1 -9 10 -8 -11 13 -12 15 16 18 -18 -15 -17 -16 26 23 24 -23 -26 27 -22 -29 -30
right_child=-2 -3 3 -5 -6 -7 9 8 -10 11 12 -13 -14 14 20 19 17 -19 -20 -21 21 22 -24 -25 25 -27 -28 28 29 -31
leaf_value=0.00024850845629771358 -0.00051485327971426565 0.00048529175279933654 0.00011803039005431145 -0.0012678621336817742 0.00097067941020213778 0.00066885129504260562 -0.00094981542843881818 -0.00033148109491559725 -0.0015669370558628413 0.00082984685506791065 -0.00087565888301469389 8.2819015951827174e-05 0.00066488720743412464 9.5229049579107346e-05 0.00055245122025048162 0.0012298591709622997 0.00084814279373988813 -0.00017569149724405372 -0.0010884274819703856 0.00012312106454583744 0.00060218479383088977 0.00070392935437017259 -0.00068623483859245544 0.00099871229045675144 0.00017185447063492311 -0.0011967765935696662 -0.00057694265695712357 -0.00040224332885204438 0.00074288151969587241 -0.00023956886645213799
leaf_weight=28 36 36 23 21 20 21 21 21 21 39 20 70 27 28 36 32 35 33 23 26 23 35 23 20 62 20 83 135 29 29
leaf_count=28 36 36 23 21 20 21 21 21 21 39 20 70 27 28 36 32 35 33 23 26 23 35 23 20 62 20 83 135 29 29
internal_value=8.15333e-13 1.78218e-05 1.05998e-06 -0.000543418 2.60152e-05 5.91599e-06 -9.23269e-06 -0.000470122 -0.000949209 2.87676e-05 -1.85644e-05 0.000350104 8.63486e-06 -1.69704e-05 8.58585e-06 0.000249019 1.27711e-05 0.000351282 -0.000438577 0.000733735 -7.73873e-05 -0.000126786 9.71739e-05 0.000228695 9.70681e-05 -0.000161958 -0.000246631 -0.000119706 -0.000205735 0.000251656
internal_weight=1076 1040 1004 44 960 940 919 70 42 849 740 109 719 692 672 177 119 68 51 58 495 459 160 137 117 82 299 216 193 58
internal_count=1076 1040 1004 44 960 940 919 70 42 849 740 109 719 692 672 177 119 68 51 58 495 459 160 137 117 82 299 216 193 58
is_linear=0
shrinkage=0.05


Tree=140
num_leaves=31
num_cat=0
split_feature=53 13 55 55 60 70 6 30 48 53 1 65 65 69 67 41 58 48 36 64 70 9 53 50 65 20 23 60 48 2
split_gain=0.00356415 0.00489244 0.00341349 0.00606776 0.00566875 0.00648475 0.00479832 0.00456213 0.00388048 0.00330726 0.00443939 0.00440038 0.00589603 0.00701765 0.00800413 0.00525462 0.00515021 0.00611411 0.00715743 0.00485303 0.00568547 0.00471946 0.00470064 0.00622946 0.00770675 0.0065371 0.00752093 0.00603018 0.0111831 0.00602433
threshold=1.8005895614624026 -1.4283157587051389 1.1364096999168398 0.82271796464920055 -0.15845089405775067 -1.0086447000503538 -0.17018672078847882 -1.3989309072494505 -1.310402989387512 0.80204015970230114 0.52226349711418163 0.59897327423095714 0.43453951179981237 0.73009750247001659 0.11074834316968919 -1.1151608228683469 -1.4686328172683714 1.776452958583832 1.426005005836487 0.47490465641021734 -0.58949396014213551 0.086470771580934538 0.52150228619575512 -0.67091146111488331 -0.24330200254917142 -0.10309115052223204 0.24872451275587085 0.12620016187429431 0.56473538279533397 0.14257772266864779
decision_type=2 2 2 2 2 2 2 2 2 2 2 2 2 2 2 2 2 2 2 2 2 2 2 2 2 2 2 2 2 2
left_child=1 -1 3 7 5 -4 -5 -3 -9 11 -11 12 13 16 -15 -13 -10 18 22 20 -17 -16 23 24 -18 26 -25 -27 -29 -28
right_child=-2 2 4 6 -6 -7 -8 8 9 10 -12 15 -14 14 21 19 17 -19 -20 -21 -22 -23 -24 25 -26 27 29 28 -30 -31
leaf_value=0.00073805957787123557 -0.0004891106577512498 -0.00059206883381721716 0.00067720172228291631 -0.0011068032435353169 0.00072052528336956009 -0.00040782835800200705 -0.00016953009002867881 0.0006661189935149868 -0.00076323934869530308 -0.00064495816606172736 6.9423917474606165e-05 0.001045894310809672 -0.00061978184220558773 0.0011031675507547334 0.00047366601447093072 0.00072708189296203534 -0.0011488938988703822 0.0006434163184497844 -0.0007819585024662957 0.0007879032355267555 -0.000207933576085553 -0.00052472366427537055 0.00054884203709661963 0.00057839273660252979 6.9409234274644415e-05 0.00021568211713411775 -0.00062591050473201912 -0.0008895324915995065 0.00028218569877935806 0.00036907172822072336
leaf_weight=23 36 31 21 22 42 40 36 23 24 43 44 20 38 30 29 21 27 33 32 25 72 20 35 83 25 52 32 56 32 29
leaf_count=23 36 31 21 22 42 40 36 23 24 43 44 20 38 30 29 21 27 33 32 25 72 20 35 83 25 52 32 56 32 29
internal_value=-9.29781e-16 1.69308e-05 6.22039e-07 -3.01286e-05 0.000273497 -3.42934e-05 -0.000525047 3.40561e-06 2.5781e-05 7.41721e-06 -0.000283661 4.28352e-05 -1.78264e-05 2.4612e-05 0.00045996 0.000296471 -5.01543e-05 -1.09019e-05 -6.44813e-05 0.00016945 3.19895e-06 6.616e-05 -2.59649e-06 -6.0038e-05 -0.000563171 3.2085e-05 0.000268615 -0.000211203 -0.000463453 -0.000152886
internal_weight=1076 1040 1017 914 103 61 58 856 825 802 87 715 577 539 79 138 460 436 403 118 93 49 371 336 52 284 144 140 88 61
internal_count=1076 1040 1017 914 103 61 58 856 825 802 87 715 577 539 79 138 460 436 403 118 93 49 371 336 52 284 144 140 88 61
is_linear=0
shrinkage=0.05


Tree=141
num_leaves=31
num_cat=0
split_feature=3 55 33 13 33 19 19 54 64 26 14 10 21 54 73 67 26 15 4 59 59 65 71 29 69 11 45 65 63 58
split_gain=0.00364167 0.00334835 0.00352457 0.00391341 0.00432036 0.00437592 0.0091931 0.00502933 0.00834144 0.00573583 0.0083538 0.00566836 0.0046815 0.00926187 0.00510947 0.00454717 0.00685933 0.00447308 0.00437887 0.00412271 0.00998093 0.00690148 0.00721922 0.00778404 0.00552581 0.00825359 0.00594396 0.00515849 0.00504545 0.00504394
threshold=1.8180378675460818 1.9333024621009829 1.7316552400588991 -1.313243508338928 1.3617200851440432 -1.901491045951843 -1.4362964034080503 -0.25649234652519221 -0.1522111892700195 0.095717683434486403 0.59315156936645519 0.028924567624926571 0.28362692892551428 -1.1952003836631773 -1.0013063251972196 0.74589702486991893 -0.64497098326683033 -0.39138332009315485 -0.84735435247421254 0.057628085836768157 0.18449266999959948 0.074202649295330061 -0.45552794635295862 -0.77201983332633961 -0.25497526675462717 0.43478898704051977 0.81625226140022289 0.026464603841304783 0.30886259675025945 0.68064388632774364
decision_type=2 2 2 2 2 2 2 2 2 2 2 2 2 2 2 2 2 2 2 2 2 2 2 2 2 2 2 2 2 2
left_child=1 2 3 -1 5 -5 -7 11 9 15 -11 12 14 -14 17 16 -9 -8 -15 21 -21 22 23 -10 25 -22 27 -26 -24 -25
right_child=-2 -3 -4 4 -6 6 7 8 19 10 -12 -13 13 18 -16 -17 -18 -19 -20 20 24 -23 28 29 26 -27 -28 -29 -30 -31
leaf_value=0.00064007785331341447 -0.00066839204460848126 0.00049353386175685695 -0.00066104812081903231 0.00054074421734019945 0.00058455161614498746 -0.0010109706228831783 0.0010150634050976647 -0.001616934631337327 -0.00032305754721164706 0.00040789567723845105 -0.00086043813571450305 -0.00025434562065702394 -0.00034726140050527952 0.0014142214239109309 -9.933647127700566e-05 -0.00011538462579035415 -0.00053563715532205106 -7.3552214598748837e-06 0.00055432901753463965 -0.00100077458540909 -0.0012362946238135919 0.00063314801427623031 -0.00056022662188737627 0.00029016898176632822 0.0008613113685795624 0.00013900417058418195 -0.0003346623133462018 5.0052512656399158e-05 0.00024843377577781211 0.0013554799219127746
leaf_weight=24 20 35 20 33 30 24 23 22 26 37 20 73 24 20 115 26 44 20 57 30 20 56 62 25 36 24 39 43 28 20
leaf_count=24 20 35 20 33 30 24 23 22 26 37 20 73 24 20 115 26 44 20 57 30 20 56 62 25 36 24 39 43 28 20
internal_value=-4.59819e-13 1.26589e-05 -3.82551e-06 9.30581e-06 -6.1891e-06 -2.49032e-05 -4.53259e-05 -1.9286e-05 -0.000110968 -0.000431257 -3.71337e-05 0.000134805 0.000244489 0.000510365 7.45295e-05 -0.000675441 -0.00089607 0.00053952 0.000777678 5.71471e-06 -0.000163049 0.000155036 -1.12645e-05 0.000365695 -7.91454e-06 -0.000486132 0.000170404 0.00041974 -0.000308643 0.000763641
internal_weight=1076 1056 1021 1001 977 947 914 890 558 149 57 332 259 101 158 92 66 43 77 409 192 217 161 71 162 44 118 79 90 45
internal_count=1076 1056 1021 1001 977 947 914 890 558 149 57 332 259 101 158 92 66 43 77 409 192 217 161 71 162 44 118 79 90 45
is_linear=0
shrinkage=0.05


Tree=142
num_leaves=31
num_cat=0
split_feature=48 63 13 53 54 52 59 69 73 10 9 69 25 69 19 47 43 18 34 19 39 45 6 33 50 28 19 56 68 68
split_gain=0.00344621 0.0168829 0.00455751 0.00280598 0.00412066 0.010375 0.00711535 0.00480942 0.00766337 0.00605135 0.00519999 0.00909504 0.00966845 0.006371 0.00469175 0.00546063 0.0045058 0.00443966 0.00836135 0.0060285 0.00581222 0.00585276 0.00603436 0.00548885 0.00591154 0.00504959 0.00654669 0.00486086 0.00432997 0.0042516
threshold=-1.3645224571228025 0.96006757020950328 -1.4283157587051389 -1.9941036105155943 -0.92410346865653981 0.059031115844845779 1.8241775035858157 -0.53742083907127369 -1.0505817532539365 2.0551315546035771 1.033652186393738 -1.1666372418403623 -0.43032956123352045 -1.7300277948379514 -1.0893867611885069 0.35538981854915624 0.67332962155342113 0.51576629281044017 0.30950687825679785 0.21060898154973987 -1.0124679803848264 -0.42504511773586268 -0.98451852798461903 0.36788100004196173 0.28763519227504736 -0.01882099267095327 -0.16813026368618009 0.26394817233085638 -0.39522913098335261 -0.070321347564458833
decision_type=2 2 2 2 2 2 2 2 2 2 2 2 2 2 2 2 2 2 2 2 2 2 2 2 2 2 2 2 2 2
left_child=1 -1 -2 -4 5 14 7 10 -9 17 11 12 13 -6 -5 -16 -13 20 19 -19 -10 -22 -23 -20 -25 27 -27 28 -24 -29
right_child=2 -3 3 4 6 -7 -8 8 9 -11 -12 16 -14 -15 15 -17 -18 18 23 -21 21 22 25 24 -26 26 -28 29 -30 -31
leaf_value=0.00043791964685078707 0.00071463276753607006 -0.0015110957546858117 0.00052591992565430702 -0.0012847075399258757 -0.00086239794082939637 0.00030157931454299132 0.00093843751764368451 0.0007898660637794011 0.00063714787810890668 -0.00072309122962178668 0.00039988070458286642 -0.00042195400442737583 0.00085780918708568902 0.0001957853246219174 -4.69287750699247e-05 -0.0010321020146048714 -0.0012447589612565935 0.0015031389216892423 0.00041847356810467316 0.00038245250703766942 -0.00049726218449945721 0.00079882283563442204 0.00079232158058210086 -0.00072292865282206828 0.00036646893682700465 0.00039542359078214282 -0.00062601980340156349 -0.00051659783851143654 0.00010361959481284627 0.0003107130265561864
leaf_weight=25 23 20 25 20 25 49 21 36 31 25 33 99 29 33 39 22 20 20 50 30 67 23 33 33 20 21 62 44 74 24
leaf_count=25 23 20 25 20 25 49 21 36 31 25 33 99 29 33 39 22 20 20 50 30 67 23 33 33 20 21 62 44 74 24
internal_value=-5.52797e-13 -0.000428309 1.86944e-05 2.81485e-06 -1.04889e-05 -0.000272717 2.94755e-05 6.53295e-06 8.28508e-05 3.71551e-05 -0.000182825 -0.000276171 0.000112384 -0.000260328 -0.000620131 -0.000402237 -0.000560241 7.28809e-05 0.000300214 0.000830727 -1.88921e-05 -7.73325e-05 2.27931e-05 4.26836e-05 -0.000311835 -4.63878e-05 -0.000367582 0.00010595 0.000316023 -0.000224606
internal_weight=1076 45 1031 1008 983 130 853 832 593 557 239 206 87 58 81 61 119 532 153 50 379 348 281 103 53 258 83 175 107 68
internal_count=1076 45 1031 1008 983 130 853 832 593 557 239 206 87 58 81 61 119 532 153 50 379 348 281 103 53 258 83 175 107 68
is_linear=0
shrinkage=0.05


Tree=143
num_leaves=31
num_cat=0
split_feature=63 46 44 13 40 8 63 40 40 41 37 73 40 39 64 72 14 46 7 15 12 35 37 36 66 2 66 10 72 58
split_gain=0.00351527 0.003704 0.00884835 0.00504186 0.00294815 0.00796051 0.00450036 0.00402853 0.0123527 0.00646617 0.00623386 0.00946463 0.00707382 0.00686249 0.00730534 0.00725257 0.00624516 0.00599642 0.00783159 0.0053701 0.00475593 0.00450211 0.00473137 0.00605445 0.00723134 0.00508701 0.00622478 0.00462942 0.00434397 0.00634986
threshold=2.1614530086517338 -1.4409100413322447 -1.4371931552886961 -1.4283157587051389 -1.019604444503784 -0.46858483552932734 0.30886259675025945 -0.29950384795665735 -0.34865370392799372 1.0252394676208498 0.9750344753265382 1.0933423638343813 0.19978690892457965 0.5165003538131715 0.63218298554420482 -0.20506568253040311 0.28016206622123724 0.3138651996850968 -0.62240943312644947 0.16729850322008136 -0.38066421449184412 0.90398773550987255 0.29992601275444036 -0.24048350751399991 0.41779841482639318 0.085808284580707564 -0.94664126634597767 -0.52921763062477101 0.52802392840385448 1.2342275381088259
decision_type=2 2 2 2 2 2 2 2 2 2 2 2 2 2 2 2 2 2 2 2 2 2 2 2 2 2 2 2 2 2
left_child=1 -1 -3 -4 5 6 -5 8 9 21 12 16 13 14 15 -9 -12 18 -14 -20 -17 22 23 25 -25 26 -6 -24 -19 -30
right_child=-2 2 3 4 7 -7 -8 10 -10 -11 11 -13 17 -15 -16 20 -18 28 19 -21 -22 -23 27 24 -26 -27 -28 -29 29 -31
leaf_value=0.00062649301592803872 -0.00065668933093547825 -0.0010176873211527155 0.00076790400913027545 0.00024055003987086821 -0.00029029792842819637 -0.00034257364679819366 0.0011358858115272598 -0.00020219185971654953 -0.0012354449816048146 -0.00086283279718675976 -0.00042828868887306236 -0.0012509985968271005 -0.0011471292246942935 0.00089105310740860864 -0.00038827126524829049 0.0013152760151569965 0.00048127948066394315 -8.3665136411409125e-05 0.00030830028787022458 -0.00051624083470624797 0.00042145256916030678 0.0006967228172080858 -0.0010497726604808122 0.00018367108052850449 -0.0011299728113226594 -0.0003076114691793919 0.00065145707827665527 -0.00015926610366376635 0.0006992256105088203 -0.00015865778139628034
leaf_weight=24 20 21 22 32 23 33 25 32 25 24 46 21 23 47 39 22 32 105 40 39 46 21 20 22 20 31 74 54 59 34
leaf_count=24 20 21 22 32 23 33 25 32 25 24 46 21 23 47 39 22 32 105 40 39 46 21 20 22 20 31 74 54 59 34
internal_value=-6.0385e-13 1.24373e-05 -1.84307e-06 1.92576e-05 2.60414e-06 0.000275442 0.000633241 -2.471e-05 -0.00016918 -7.69422e-05 5.28344e-05 -0.000308801 0.000126501 0.000368762 0.00019216 0.000418528 -5.51325e-05 -2.37008e-05 -0.000335151 -9.87517e-05 0.000710631 -5.76725e-06 -6.62275e-05 7.90372e-05 -0.000441874 0.000249961 0.000428154 -0.000399944 0.000136743 0.000385591
internal_weight=1076 1056 1032 1011 989 90 57 899 314 289 585 99 486 186 139 100 78 300 102 79 68 265 244 170 42 128 97 74 198 93
internal_count=1076 1056 1032 1011 989 90 57 899 314 289 585 99 486 186 139 100 78 300 102 79 68 265 244 170 42 128 97 74 198 93
is_linear=0
shrinkage=0.05


Tree=144
num_leaves=31
num_cat=0
split_feature=70 12 38 50 37 39 13 74 52 69 54 34 46 53 73 70 69 2 24 12 66 51 38 43 69 58 55 19 29 39
split_gain=0.00329692 0.0111541 0.00697683 0.00959388 0.0070124 0.00571405 0.00543885 0.0046536 0.00452009 0.00441983 0.00561357 0.00535112 0.00603895 0.00512709 0.00802853 0.00514543 0.00479906 0.00387337 0.00376258 0.00348859 0.00520482 0.00397235 0.00629098 0.00685357 0.00580248 0.00576915 0.00552522 0.00468904 0.00378679 0.00479818
threshold=-0.95993119478225697 -1.4385868310928343 -1.210638642311096 -0.77756771445274342 1.0575703382492068 0.11447246372699739 -1.4283157587051389 -0.72525811195373524 1.7227162122726443 -0.62924864888191212 -0.53659692406654347 0.20835878700017932 1.4008844494819643 -1.3145683407783506 -1.0505817532539365 -0.77079460024833668 -0.95749464631080616 2.2919980287551884 0.93318644165992748 -1.4385868310928343 -1.3241996169090269 -0.26312234997749323 1.1097962856292727 1.2638232707977297 -0.21429621428251264 0.7131004035472871 0.74642428755760204 -0.55027776956558216 0.82761028409004223 0.63708642125129711
decision_type=2 2 2 2 2 2 2 2 2 2 2 2 2 2 2 2 2 2 2 2 2 2 2 2 2 2 2 2 2 2
left_child=1 -1 -3 -4 5 7 -2 -5 9 10 -8 16 18 -11 -15 -16 -12 19 -13 -17 -21 26 23 24 25 -23 27 -22 29 -26
right_child=6 2 3 4 -6 -7 8 -9 -10 13 11 12 -14 14 15 17 -18 -19 -20 20 21 22 -24 -25 28 -27 -28 -29 -30 -31
leaf_value=-0.0013064326162566431 0.00085546690272167338 0.00077272787695454269 -0.0011197115387008324 -0.0005979753319899409 -0.00068683986349336423 0.00070869124760585174 0.00038359558628496505 0.00029645574117735538 0.00072903837003237149 -0.00052019296417711309 -0.00022984078781779056 0.00062447071876914166 -0.0008109683359396599 0.00090592437900968129 0.00063436226143191265 0.00064059376774821435 -0.0011198138518287151 0.000668796594651543 -0.00019113993152014672 -0.000823361742659472 0.00079380151950509152 0.00071114076356599599 -0.000858387558022514 0.00076016226364299664 -0.00015517379722776439 -0.0003379983035847545 -0.0005679960656561889 0.00014042585810077274 0.00018759030906355238 -0.00071059230112092888
leaf_weight=20 20 22 23 26 29 35 31 33 22 36 28 26 21 29 36 20 33 22 31 20 38 38 25 25 146 20 20 99 49 53
leaf_count=20 20 22 23 26 29 35 31 33 22 36 28 26 21 29 36 20 33 22 31 20 38 38 25 25 146 20 20 99 49 53
internal_value=-9.13552e-13 -0.000190215 -5.73323e-05 -0.00018241 -7.14213e-06 0.000202552 4.02708e-05 -9.77003e-05 2.14875e-05 3.08783e-06 -0.000224808 -0.000360495 -8.61466e-05 6.03989e-05 9.30572e-05 5.4476e-05 -0.000711302 1.817e-05 0.000180893 -7.71384e-06 -3.20406e-05 -1.18985e-06 -9.35873e-05 -3.5823e-05 -0.000100854 0.000349369 0.000208323 0.000321654 -0.000206149 -0.000303099
internal_weight=1076 188 168 146 123 94 888 59 868 846 170 139 78 676 640 611 61 575 57 553 533 513 356 331 306 58 157 137 248 199
internal_count=1076 188 168 146 123 94 888 59 868 846 170 139 78 676 640 611 61 575 57 553 533 513 356 331 306 58 157 137 248 199
is_linear=0
shrinkage=0.05


Tree=145
num_leaves=31
num_cat=0
split_feature=3 73 0 57 72 60 27 72 43 72 49 66 0 5 48 36 25 21 14 43 43 21 51 27 23 10 62 29 43 69
split_gain=0.00394547 0.00323256 0.00631063 0.00470836 0.003868 0.00977566 0.0100515 0.00884074 0.00556247 0.00630825 0.00860273 0.00642644 0.00580775 0.00559008 0.00555632 0.00559313 0.005244 0.00496061 0.00457251 0.00445105 0.00614467 0.00805566 0.00610296 0.00480809 0.00475553 0.00434455 0.00404985 0.00387698 0.00376333 0.00363621
threshold=1.8180378675460818 1.4434244036674502 0.8194282352924348 1.2600758075714114 0.14128154516220096 -0.67647382616996754 0.83522948622703563 -0.46322040259838099 -1.3844490051269529 -0.11472024768590926 -0.3592358529567718 -0.21790655702352521 1.202221214771271 0.83239975571632396 1.776452958583832 1.254086494445801 0.46181263029575353 -1.7964776158332822 0.751692295074463 0.38105015456676489 0.67332962155342113 -0.076307471841573701 0.60752049088478099 -0.34778733551502222 -0.63536548614501942 0.95476952195167553 0.18316611647605899 0.19617485255002978 -0.38341203331947321 1.0500221848487856
decision_type=2 2 2 2 2 2 2 2 2 2 2 2 2 2 2 2 2 2 2 2 2 2 2 2 2 2 2 2 2 2
left_child=1 4 3 -3 5 6 7 -1 -7 10 16 13 -13 28 15 17 29 -6 27 22 -21 -22 23 24 -19 -17 -23 -11 -12 -10
right_child=-2 2 -4 -5 14 8 -8 -9 9 18 11 12 -14 -15 -16 25 -18 19 -20 20 21 26 -24 -25 -26 -27 -28 -29 -30 -31
leaf_value=-0.00042495246616010442 -0.00069571303174598143 0.00026823671093249385 -0.00041677384658462624 0.0012003331957384945 0.00087212388145417217 0.00071967147244140508 0.00026826958010832852 -0.0015901379395034856 -0.00032632850994498042 -0.00056325369325743333 0.00016307306575299662 0.00015507042156192316 -0.00078785474703181547 -0.00017533417482073197 0.00071761317985047672 -3.6145706447617459e-05 -0.00098188407516673864 -0.0003415395279363212 -0.0010918721102643758 0.00082292674356722285 0.00089854463469237096 -0.00077705825261427505 0.00041894100200739489 -0.00039701499185217218 0.00040903290495157758 -0.0010339561215369031 0.00011837128924006331 0.0002165647302587916 0.00096597032928979467 0.00043980360108738142
leaf_weight=41 20 42 22 20 20 25 26 27 59 37 20 89 20 21 33 24 23 36 20 40 20 23 54 112 51 20 28 28 54 21
leaf_count=41 20 42 22 20 20 25 26 27 59 37 20 89 20 21 33 24 23 36 20 40 20 23 54 112 51 20 28 28 54 21
internal_value=3.7449e-13 1.31764e-05 0.000310757 0.000568913 -1.25405e-05 -0.000107278 -0.000567891 -0.0008876 -3.44618e-06 -4.95634e-05 5.59778e-05 0.000244049 -1.79434e-05 0.000544651 9.24718e-05 4.42717e-05 -0.000316513 0.000105455 -0.000430753 6.33308e-05 0.000327297 4.80697e-05 -5.24807e-05 -0.000180404 9.84512e-05 -0.000489696 -0.00028545 -0.000227332 0.000748971 -0.000125219
internal_weight=1076 1056 84 62 972 511 94 68 417 392 307 204 109 95 461 428 103 384 85 364 111 71 253 199 87 44 51 65 74 80
internal_count=1076 1056 84 62 972 511 94 68 417 392 307 204 109 95 461 428 103 384 85 364 111 71 253 199 87 44 51 65 74 80
is_linear=0
shrinkage=0.05


Tree=146
num_leaves=31
num_cat=0
split_feature=3 60 26 68 26 21 21 55 59 62 9 66 65 16 45 8 26 30 19 65 68 20 31 63 50 16 60 25 52 40
split_gain=0.00356079 0.00298723 0.00369551 0.0108403 0.00472953 0.00319329 0.00485845 0.0046441 0.00460477 0.0091646 0.00622764 0.00822845 0.00400433 0.00449876 0.00407059 0.0107172 0.00372841 0.0067551 0.00493931 0.00926222 0.00441292 0.00758047 0.00642491 0.00618974 0.00639599 0.0060098 0.00496513 0.00483148 0.00481466 0.00408764
threshold=1.8180378675460818 -2.1635925769805904 -1.2343052625656126 -0.69137144088745106 -1.0902460813522337 1.8890497088432314 1.4146980047225954 1.8953319787979128 0.80371016263961803 -0.3301862627267837 -0.80247709155082692 1.0000000180025095e-35 1.1484056711196902 1.9385242462158205 -1.4572263360023496 -0.22315853089094159 -0.77662989497184742 -0.95616167783737172 -0.8011324107646941 -0.5671347677707671 0.25322785228490835 -0.67325270175933827 -0.28096401691436762 1.0000000180025095e-35 -0.2981047630310058 0.06773035973310472 0.78163498640060436 0.12245124578475954 0.039791399613022811 0.52729690074920665
decision_type=2 2 2 2 2 2 2 2 2 2 2 2 2 2 2 2 2 2 2 2 2 2 2 2 2 2 2 2 2 2
left_child=1 -1 3 -3 -4 6 7 8 12 -10 -11 -12 13 14 15 -6 -16 -18 19 29 21 -20 25 26 -25 -22 27 -24 -26 -19
right_child=-2 2 4 -5 5 -7 -8 -9 9 10 11 -13 -14 -15 16 -17 17 18 20 -21 22 -23 23 24 28 -27 -28 -29 -30 -31
leaf_value=0.00055256440909579399 -0.00066092736378777774 -0.0011483473780502279 0.00055512738254037686 0.00021677876639208108 -0.0012951931785210036 -0.0005953427618475293 0.0006749742619124138 0.00071143324490880008 0.00019935652027405532 1.9705766811966899e-05 -0.0014126878036596977 -0.00015387468350430331 0.00042432275137077244 0.00069429181457962845 -0.00031539779432748647 0.0001577233772756396 0.00085520660213660453 0.00060261695498844525 -0.00052969862116259282 -0.001041059185906003 -0.00090642691309865864 0.00037145460766708333 -0.00042873259575571866 0.00055548196891322735 -0.0011060461416491309 9.9522157041873361e-07 0.0010733029498210685 0.00058143697197324251 -0.00012289797287490784 -0.00037264169183221055
leaf_weight=25 20 26 40 33 22 22 27 22 56 25 34 21 58 22 79 30 25 21 27 30 37 172 20 20 20 36 22 29 33 22
leaf_count=25 20 26 40 33 22 22 27 22 56 25 34 21 58 22 79 30 25 21 27 30 37 172 20 20 20 36 22 29 33 22
internal_value=9.65789e-13 1.25176e-05 -5.77655e-07 -0.000384802 2.27446e-05 -1.04426e-07 1.4286e-05 -5.9163e-06 -2.42458e-05 -0.000291222 -0.000634626 -0.00093205 2.58352e-05 -8.81589e-06 -3.27979e-05 -0.000456972 4.39786e-06 5.35493e-05 1.25648e-05 -0.00036678 7.91325e-05 0.000249188 -7.68166e-05 0.000116894 -0.000206396 -0.000458931 0.000449291 0.000169123 -0.000493897 0.000103647
internal_weight=1076 1056 1031 59 972 932 910 883 861 136 80 55 725 667 645 52 593 514 489 73 416 199 217 144 73 73 71 49 53 43
internal_count=1076 1056 1031 59 972 932 910 883 861 136 80 55 725 667 645 52 593 514 489 73 416 199 217 144 73 73 71 49 53 43
is_linear=0
shrinkage=0.05


Tree=147
num_leaves=31
num_cat=0
split_feature=53 13 55 55 23 6 19 19 17 19 31 71 8 28 45 61 40 40 63 23 49 68 13 69 59 63 53 55 2 44
split_gain=0.00325367 0.0036558 0.00282492 0.00460334 0.00420908 0.00390476 0.00322204 0.00816284 0.00285748 0.00324641 0.00342294 0.00353789 0.00615049 0.004397 0.00438526 0.00382643 0.00321593 0.00613795 0.00372456 0.00679392 0.00523351 0.00348614 0.00346128 0.00338364 0.00570942 0.00588178 0.00526294 0.00576684 0.00420225 0.00370701
threshold=1.8005895614624026 -1.4283157587051389 1.1364096999168398 0.82271796464920055 0.30034677684307104 -0.17018672078847882 -1.901491045951843 -1.3496961593627927 1.8363447785377505 1.6306510567665102 -2.1667615175247188 -1.8465463519096372 -1.2788853049278257 -1.2460368275642393 1.3888446688652041 -1.2640776038169859 -0.29950384795665735 -0.44376303255558008 0.20533092319965365 0.3851399570703507 -0.34588700532913202 0.10150210559368135 -0.25085541605949396 -0.39186778664588923 -0.22291344404220578 -0.1442717909812927 0.80204015970230114 0.35750916600227362 -0.20855770260095594 0.7188645899295808
decision_type=2 2 2 2 2 2 2 2 2 2 2 2 2 2 2 2 2 2 2 2 2 2 2 2 2 2 2 2 2 2
left_child=1 -1 3 6 -4 -5 -3 -8 9 10 -9 -12 -13 -14 15 -15 17 18 20 22 -17 -22 -20 24 29 -26 27 28 -25 -18
right_child=-2 2 4 5 -6 -7 7 8 -10 -11 11 12 13 14 -16 16 23 -19 19 -21 21 -23 -24 26 25 -27 -28 -29 -30 -31
leaf_value=0.00063953927652302968 -0.00046732215123483915 0.0005037451178894469 0.00065976785938404745 -0.0009817728272702715 8.0690397226135251e-07 -0.00013626299195392574 -0.00076270202806751649 0.00065181434786479395 0.00059305546029853376 -0.00050798332823129993 -0.00062007665917256181 0.00072424755625737211 -0.00071962103746565323 -0.00040844686215656795 -0.00053711088086642769 -0.00065194670942478946 0.00047209284686967017 -0.00064160240428081088 0.00026769031489948247 -0.00025858163474670926 -0.00027441420589799668 0.00042249650861393961 0.0010443673113163991 0.00066418155955034314 9.5655237832529974e-05 -0.0010605314537480643 -0.00032040867462738195 0.0008812906309260066 5.0315092559448321e-05 -0.00026879998086951675
leaf_weight=23 36 31 39 22 64 36 35 21 21 30 22 30 21 43 34 35 52 38 32 36 34 38 26 40 22 22 29 47 92 25
leaf_count=23 36 31 39 22 64 36 35 21 21 30 22 30 21 43 34 35 52 38 32 36 34 38 26 40 22 22 29 47 92 25
internal_value=1.63168e-12 1.61765e-05 2.07886e-06 -2.58954e-05 0.000250316 -0.000456974 3.31317e-06 -1.54909e-05 1.76134e-05 1.89907e-06 2.25979e-05 4.19468e-06 2.39274e-05 -7.61855e-06 1.55629e-05 4.63173e-05 8.07448e-05 -5.88433e-05 5.13301e-05 0.000280965 -0.000150405 9.33998e-05 0.000615856 0.000182148 -2.80863e-05 -0.000482438 0.000304447 0.000405681 0.000236335 0.000231543
internal_weight=1076 1040 1017 914 103 58 856 825 790 769 739 718 696 666 645 611 568 239 201 94 107 72 58 329 121 44 208 179 132 77
internal_count=1076 1040 1017 914 103 58 856 825 790 769 739 718 696 666 645 611 568 239 201 94 107 72 58 329 121 44 208 179 132 77
is_linear=0
shrinkage=0.05


Tree=148
num_leaves=31
num_cat=0
split_feature=3 1 74 74 61 61 36 57 12 40 28 12 57 72 33 17 50 53 74 21 21 68 68 39 17 23 7 5 17 16
split_gain=0.00342381 0.00282224 0.00345792 0.00396563 0.00375828 0.00623875 0.00688464 0.00425626 0.00359734 0.00853232 0.00690424 0.00611423 0.00496523 0.00474578 0.00406261 0.00469245 0.00715488 0.00574538 0.00508179 0.00753466 0.00637734 0.00506306 0.00487517 0.00480101 0.00674858 0.00622816 0.00581821 0.00479849 0.00476024 0.00455662
threshold=1.8180378675460818 -1.752259314060211 -2.0371680259704585 -1.6351922154426572 -1.8899787068367002 -1.1857819557189939 0.81010767817497265 -1.2573232054710386 1.1529689431190493 -0.24721001833677289 0.49754656851291662 1.0200802087783816 -0.98174121975898732 0.43190957605838781 1.3617200851440432 -0.14509655535221097 0.44112262129783636 0.79328787326812755 0.62350216507911693 0.12668735533952716 -0.32709269225597376 -1.2253434062004087 1.0233578085899355 0.11447246372699739 0.14024255424737933 -0.16189172863960263 0.43467287719249731 0.90159234404563915 -0.61633759737014759 -0.63202115893363942
decision_type=2 2 2 2 2 2 2 2 2 2 2 2 2 2 2 2 2 2 2 2 2 2 2 2 2 2 2 2 2 2
left_child=1 -1 -3 -4 -5 6 -6 -7 11 -10 -11 12 -9 -12 15 17 21 18 19 22 -20 -17 -14 29 -25 -26 -27 -22 -21 -23
right_child=-2 2 3 4 5 7 -8 8 9 10 13 -13 14 -15 -16 16 -18 -19 20 28 27 23 -24 24 25 26 -28 -29 -30 -31
leaf_value=-0.00047415625263840471 -0.00064809011848410592 0.00061912265761444971 -0.00058593109090536563 0.00062143625422882349 5.3776252714573951e-06 0.00065456561569590124 -0.00099868889890551075 -0.00058451329417893603 -0.00054810935716060076 0.0011924537902814336 -0.0002488012705446006 -0.00087110090651549394 -0.00056296919529484786 0.00077567339962115512 0.00051986992170679428 0.0006309343902557885 0.0006254270309863526 -0.00073429372561214547 0.00030334406066685917 -6.2905588752723164e-05 -0.0012699078677067756 -0.00017448687769744235 0.00030122656631283466 0.00025145038603642566 -0.0012884189072065056 -0.00059382907719291909 0.0004072320294134053 -0.00021095245494507254 0.00076063895100192663 0.0003239364213171076
leaf_weight=29 20 24 27 26 38 28 31 33 22 28 26 20 47 20 42 32 59 37 20 28 23 75 25 43 20 47 21 20 47 118
leaf_count=29 20 24 27 26 38 28 31 33 22 28 26 20 47 20 42 32 59 37 20 28 23 75 25 43 20 47 21 20 47 118
internal_value=5.83564e-13 1.22744e-05 2.60101e-05 1.18179e-05 2.8354e-05 1.21223e-05 -0.000445725 4.79809e-05 2.80696e-05 0.000316406 0.000573424 -8.49614e-06 1.49124e-05 0.000196622 4.30105e-05 1.27566e-05 0.000115455 -0.000159794 -5.85727e-05 0.000102448 -0.000434286 3.09376e-05 -0.000262901 -2.83214e-05 -0.00026194 -0.000512801 -0.000284678 -0.00077737 0.000453182 0.000130249
internal_weight=1076 1056 1027 1003 976 950 69 881 853 96 74 757 737 46 704 662 415 247 210 147 63 356 72 324 131 88 68 43 75 193
internal_count=1076 1056 1027 1003 976 950 69 881 853 96 74 757 737 46 704 662 415 247 210 147 63 356 72 324 131 88 68 43 75 193
is_linear=0
shrinkage=0.05


Tree=149
num_leaves=31
num_cat=0
split_feature=3 35 21 45 31 3 27 58 13 23 42 50 7 11 8 18 59 60 8 12 0 47 10 21 35 58 64 0 4 23
split_gain=0.00308998 0.00300198 0.00501242 0.00383738 0.00492013 0.00548589 0.00338011 0.00325912 0.00322513 0.00480949 0.00346196 0.00465686 0.00418678 0.00483213 0.0044106 0.00574107 0.00500052 0.00474681 0.00465607 0.00564038 0.00646098 0.00566522 0.00533187 0.0065882 0.005932 0.00452527 0.0055352 0.00440753 0.00478907 0.00474387
threshold=1.8180378675460818 -2.4292597770690914 -2.3081799745559688 -2.1785504817962642 -1.6342040896415708 -0.57623496651649464 -1.572363495826721 -1.6942825913429258 -1.313243508338928 -1.5168028473854063 1.7258929610252383 1.4742698669433596 -0.87404212355613697 -0.852281093597412 -1.1132622957229612 -1.0892496705055235 0.10627157613635065 -1.2028020620346067 2.0283676385879521 0.33869306743144995 -1.0182391405105589 -0.29018610715866083 0.023113251663744453 -0.12956374138593671 0.90398773550987255 -0.15496952086687085 -0.43169537186622614 0.47597797214984899 -0.030664524063467976 0.3352868258953095
decision_type=2 2 2 2 2 2 2 2 2 2 2 2 2 2 2 2 2 2 2 2 2 2 2 2 2 2 2 2 2 2
left_child=1 -1 -3 -4 5 -5 -6 -8 -9 -10 11 12 13 -11 -14 16 -16 -17 19 22 -21 -22 24 -24 25 26 -19 28 -25 -30
right_child=-2 2 3 4 6 -7 7 8 9 10 -12 -13 14 -15 15 17 -18 18 -20 20 21 -23 23 27 -26 -27 -28 -29 29 -31
leaf_value=-0.00059508544800337406 -0.00061568557081045591 0.0008072468316095183 0.00064642917081389744 8.7859965278767047e-05 -0.00047240381759098356 -0.0010333814444796494 0.00057648005658174285 0.00059058207649892826 -0.00066675358785477546 -4.940195215584816e-06 -0.00054418455939202648 0.00066412411517752668 0.00069896458612325101 -0.00076196236953754654 -0.0010755409597463551 0.00059367213689256462 3.1350259880789302e-06 -0.0001519060751888901 -0.00071259832358919087 -0.00038966849076262278 -8.1098619480862429e-05 0.00063227011691756514 0.00019407445896353764 -0.00083252327081195462 0.00074550540320518803 -0.0002432877853220555 0.00061702824692474686 -0.00096438767936741642 -0.00046895283885532994 0.00039199447164719461
leaf_weight=20 20 20 23 20 34 24 27 24 26 53 26 29 26 35 21 41 22 44 20 28 38 104 59 27 33 87 50 31 32 32
leaf_count=20 20 20 23 20 34 24 27 24 26 53 26 29 26 35 21 41 22 44 20 28 38 104 59 27 33 87 50 31 32 32
internal_value=2.52055e-13 1.16607e-05 2.3374e-05 7.94339e-06 -6.8453e-06 -0.000523726 1.71197e-05 3.53096e-05 1.88551e-05 2.9738e-06 2.37529e-05 4.19381e-05 1.88942e-05 -0.000306029 6.00355e-05 3.52042e-05 -0.00052366 7.35926e-05 3.71426e-05 6.36821e-05 0.000304492 0.000441369 -3.99576e-05 -0.000239704 0.000128987 1.65829e-05 0.000257102 -0.000449482 -0.000274075 -3.84792e-05
internal_weight=1076 1056 1036 1016 993 44 949 915 888 864 838 812 783 88 695 669 43 626 585 565 170 142 395 181 214 181 94 122 91 64
internal_count=1076 1056 1036 1016 993 44 949 915 888 864 838 812 783 88 695 669 43 626 585 565 170 142 395 181 214 181 94 122 91 64
is_linear=0
shrinkage=0.05


end of trees

feature_importances:
Column_12=137
Column_11=131
Column_15=104
Column_1=100
Column_21=92
Column_9=83
Column_41=83
Column_53=80
Column_2=79
Column_50=77
Column_3=74
Column_14=74
Column_61=74
Column_68=74
Column_5=72
Column_28=71
Column_65=71
Column_30=70
Column_43=70
Column_17=69
Column_19=69
Column_23=69
Column_37=69
Column_10=68
Column_18=68
Column_69=68
Column_45=66
Column_63=66
Column_35=64
Column_72=64
Column_16=62
Column_33=61
Column_64=61
Column_8=60
Column_40=60
Column_22=59
Column_32=59
Column_47=58
Column_52=56
Column_6=55
Column_36=55
Column_26=54
Column_0=53
Column_39=53
Column_48=53
Column_34=51
Column_13=50
Column_49=50
Column_60=50
Column_31=49
Column_55=49
Column_59=49
Column_54=48
Column_58=48
Column_7=47
Column_74=47
Column_27=46
Column_73=46
Column_38=44
Column_24=43
Column_25=43
Column_66=43
Column_4=41
Column_20=41
Column_46=41
Column_51=41
Column_56=40
Column_70=40
Column_71=39
Column_29=38
Column_62=38
Column_42=34
Column_44=33
Column_67=30
Column_57=18
Column_75=8

parameters:
[boosting: gbdt]
[objective: regression]
[metric: l2]
[tree_learner: serial]
[device_type: cpu]
[data_sample_strategy: bagging]
[data: ]
[valid: ]
[num_iterations: 150]
[learning_rate: 0.05]
[num_leaves: 31]
[num_threads: 4]
[seed: 42]
[deterministic: 0]
[force_col_wise: 0]
[force_row_wise: 0]
[histogram_pool_size: -1]
[max_depth: -1]
[min_data_in_leaf: 20]
[min_sum_hessian_in_leaf: 0.001]
[bagging_fraction: 0.8]
[pos_bagging_fraction: 1]
[neg_bagging_fraction: 1]
[bagging_freq: 0]
[bagging_seed: 400]
[bagging_by_query: 0]
[feature_fraction: 0.8]
[feature_fraction_bynode: 1]
[feature_fraction_seed: 30056]
[extra_trees: 0]
[extra_seed: 12879]
[early_stopping_round: 0]
[early_stopping_min_delta: 0]
[first_metric_only: 0]
[max_delta_step: 0]
[lambda_l1: 0]
[lambda_l2: 0]
[linear_lambda: 0]
[min_gain_to_split: 0]
[drop_rate: 0.1]
[max_drop: 50]
[skip_drop: 0.5]
[xgboost_dart_mode: 0]
[uniform_drop: 0]
[drop_seed: 17869]
[top_rate: 0.2]
[other_rate: 0.1]
[min_data_per_group: 100]
[max_cat_threshold: 32]
[cat_l2: 10]
[cat_smooth: 10]
[max_cat_to_onehot: 4]
[top_k: 20]
[monotone_constraints: ]
[monotone_constraints_method: basic]
[monotone_penalty: 0]
[feature_contri: ]
[forcedsplits_filename: ]
[refit_decay_rate: 0.9]
[cegb_tradeoff: 1]
[cegb_penalty_split: 0]
[cegb_penalty_feature_lazy: ]
[cegb_penalty_feature_coupled: ]
[path_smooth: 0]
[interaction_constraints: ]
[verbosity: -1]
[saved_feature_importance_type: 0]
[use_quantized_grad: 0]
[num_grad_quant_bins: 4]
[quant_train_renew_leaf: 0]
[stochastic_rounding: 1]
[linear_tree: 0]
[max_bin: 255]
[max_bin_by_feature: ]
[min_data_in_bin: 3]
[bin_construct_sample_cnt: 200000]
[data_random_seed: 175]
[is_enable_sparse: 1]
[enable_bundle: 1]
[use_missing: 1]
[zero_as_missing: 0]
[feature_pre_filter: 1]
[pre_partition: 0]
[two_round: 0]
[header: 0]
[label_column: ]
[weight_column: ]
[group_column: ]
[ignore_column: ]
[categorical_feature: ]
[forcedbins_filename: ]
[precise_float_parser: 0]
[parser_config_file: ]
[objective_seed: 16083]
[num_class: 1]
[is_unbalance: 0]
[scale_pos_weight: 1]
[sigmoid: 1]
[boost_from_average: 1]
[reg_sqrt: 0]
[alpha: 0.9]
[fair_c: 1]
[poisson_max_delta_step: 0.7]
[tweedie_variance_power: 1.5]
[lambdarank_truncation_level: 30]
[lambdarank_norm: 1]
[label_gain: ]
[lambdarank_position_bias_regularization: 0]
[eval_at: ]
[multi_error_top_k: 1]
[auc_mu_weights: ]
[num_machines: 1]
[local_listen_port: 12400]
[time_out: 120]
[machine_list_filename: ]
[machines: ]
[gpu_platform_id: -1]
[gpu_device_id: -1]
[gpu_device_id_list: ]
[gpu_use_dp: 0]
[num_gpu: 1]

end of parameters

pandas_categorical:null
